date,tweet_count,daily_sent,elonmusk,michael_saylor,binance,investingcom,peterlbrandt,raoulgmi,coinmarketcap,apompliano,cashapp,charliebilello
2021-05-20,23,0.2246869565217391,0,0,0,1,0,0,0,0,0,1
2021-05-19,140,0.08054785714285716,0,1,1,1,0,0,0,0,0,1
2021-05-18,58,0.12456724137931034,0,0,1,1,0,0,1,0,0,0
2021-05-17,88,0.05392500000000001,1,0,0,1,1,0,0,0,0,1
2021-05-16,43,0.036111627906976744,0,0,0,1,0,1,0,0,0,1
2021-05-15,22,0.2293772727272727,0,0,0,1,1,1,0,0,0,0
2021-05-14,57,0.2322175438596491,0,0,0,0,0,0,0,0,0,0
2021-05-13,133,0.03850751879699248,0,0,0,1,0,0,0,0,0,1
2021-05-12,24,0.12685416666666668,0,0,0,1,0,0,0,0,0,0
2021-05-11,23,0.33491739130434783,0,0,0,1,0,0,0,0,0,0
2021-05-10,18,0.36785,0,0,0,0,0,0,0,0,0,0
2021-05-09,8,0.053462499999999996,0,0,0,0,0,0,0,0,0,0
2021-05-08,16,-0.004612499999999992,0,0,0,0,0,0,1,0,0,0
2021-05-07,41,-0.016107317073170733,0,0,0,0,1,0,1,0,0,0
2021-05-06,29,0.3063379310344828,0,1,0,0,0,0,1,0,0,1
2021-05-05,24,0.118375,0,1,0,0,0,0,1,0,0,0
2021-05-04,31,0.03860967741935483,0,0,0,1,0,0,1,0,0,0
2021-05-03,19,0.12173157894736841,0,0,0,1,0,0,1,0,0,0
2021-05-02,23,0.19271739130434784,0,0,0,0,1,1,1,0,0,1
2021-05-01,20,0.06352,0,0,0,1,0,0,1,0,0,0
2021-04-30,16,0.1344,0,0,0,1,0,0,1,0,0,0
2021-04-29,25,0.140684,0,0,0,1,0,0,1,0,0,0
2021-04-28,32,0.2107,0,1,0,1,0,0,1,0,0,0
2021-04-27,42,0.33556904761904754,0,0,0,1,0,0,1,0,0,0
2021-04-26,44,0.1580954545454545,0,0,1,1,0,0,1,0,0,1
2021-04-25,17,-0.06348235294117648,0,0,0,0,0,0,1,0,0,0
2021-04-24,26,-0.13809999999999997,0,0,0,1,1,0,1,0,0,0
2021-04-23,39,0.08329487179487183,0,0,0,1,0,0,1,0,0,0
2021-04-22,32,0.15226875000000006,0,0,0,0,0,1,1,0,0,0
2021-04-21,20,0.35011500000000007,0,0,0,0,0,0,1,0,0,1
2021-04-20,20,0.213245,0,0,0,0,0,0,1,0,0,0
2021-04-19,25,-0.03298399999999999,0,0,0,0,1,0,1,0,0,0
2021-04-18,26,0.03092692307692307,0,0,0,1,0,0,1,0,0,1
2021-04-17,17,0.30422941176470586,0,0,0,0,0,0,1,0,0,0
2021-04-16,37,0.2262864864864865,0,0,0,1,0,0,1,0,0,1
2021-04-15,37,0.18481891891891894,0,0,1,0,0,0,1,0,0,0
2021-04-14,42,0.43743333333333323,0,0,0,1,0,0,0,0,0,1
2021-04-13,55,0.16358909090909088,0,0,0,1,0,0,1,1,0,1
2021-04-12,42,0.31577619047619043,0,1,0,1,0,0,1,0,0,0
2021-04-11,13,0.01040769230769231,0,0,0,1,0,1,1,0,0,0
2021-04-10,30,0.24842333333333333,0,0,0,1,0,1,1,0,0,1
2021-04-09,19,0.2011263157894737,0,0,0,0,0,0,1,0,0,0
2021-04-08,38,0.22047105263157896,0,1,0,1,0,0,1,0,0,0
2021-04-07,34,0.14546764705882356,0,0,0,1,0,0,1,0,0,0
2021-04-06,23,0.13492608695652172,0,0,0,1,0,0,1,0,0,0
2021-04-05,27,0.14202222222222222,0,0,0,1,0,0,1,0,0,0
2021-04-04,19,0.19094736842105264,0,1,0,1,0,0,1,0,0,0
2021-04-03,13,0.2202,0,0,0,1,0,0,1,1,0,0
2021-04-02,29,0.2550689655172414,0,0,0,1,1,0,1,0,0,0
2021-04-01,30,0.23020666666666673,0,0,0,0,0,0,1,0,0,0
2021-03-31,28,0.13750714285714288,0,0,0,1,1,0,1,0,0,1
2021-03-30,23,0.379491304347826,0,1,0,1,0,0,1,0,0,0
2021-03-29,19,0.26467894736842107,0,0,0,0,1,0,1,0,0,0
2021-03-28,14,0.24622857142857146,0,0,0,1,0,0,1,0,0,0
2021-03-27,10,0.26567999999999997,0,0,0,0,0,0,1,0,0,0
2021-03-26,18,0.005227777777777774,0,0,0,0,0,0,1,0,0,0
2021-03-25,32,0.20535625000000002,0,0,0,1,0,0,1,0,0,0
2021-03-24,55,0.3106690909090909,0,1,1,1,1,0,1,0,0,0
2021-03-23,19,0.0482421052631579,0,1,0,1,0,0,1,0,0,0
2021-03-22,21,0.2004380952380952,0,0,0,0,0,0,1,0,0,0
2021-03-21,11,-0.0730909090909091,0,0,0,0,0,1,1,0,0,0
2021-03-20,18,0.3252777777777778,0,0,0,1,0,0,1,0,0,0
2021-03-19,35,0.30067714285714287,0,0,1,0,0,0,1,0,0,0
2021-03-18,23,0.27026956521739137,0,1,0,1,1,0,1,0,0,0
2021-03-17,25,0.34747600000000006,0,0,0,0,0,0,1,0,1,1
2021-03-16,17,0.009641176470588242,0,0,0,1,0,0,1,0,0,0
2021-03-15,38,0.17636315789473683,0,0,0,1,0,0,1,0,0,0
2021-03-14,16,0.0923,0,0,0,1,0,0,1,0,0,0
2021-03-13,45,0.15648444444444448,0,0,1,1,0,0,1,0,0,1
2021-03-12,31,0.2287709677419355,1,0,0,0,0,0,1,0,0,0
2021-03-11,25,0.12868400000000002,0,0,0,0,0,0,1,0,0,0
2021-03-10,23,0.19897826086956522,0,0,0,1,0,0,1,0,0,0
2021-03-09,35,0.2199857142857143,0,0,0,1,0,0,1,0,0,0
2021-03-08,24,0.40259583333333326,0,1,0,1,0,1,0,1,0,0
2021-03-07,22,0.20352272727272727,0,0,1,1,1,0,1,0,0,0
2021-03-06,14,0.1155,0,0,0,0,0,0,1,0,0,0
2021-03-05,28,0.2720571428571429,0,0,0,0,0,0,0,0,0,1
2021-03-04,25,0.24319600000000008,0,0,0,0,1,0,1,0,0,0
2021-03-03,20,0.08831000000000001,0,0,0,1,1,0,1,0,0,0
2021-03-02,25,0.18833199999999997,0,0,0,1,0,0,1,0,0,0
2021-03-01,38,0.2616921052631579,0,0,0,0,0,0,1,0,0,0
2021-02-28,19,0.17157368421052632,0,0,0,1,0,0,1,0,0,1
2021-02-27,19,0.14953157894736843,0,0,0,0,0,0,1,1,0,0
2021-02-26,32,0.15844062499999997,0,0,0,0,0,0,1,0,0,1
2021-02-25,60,0.21947500000000003,0,0,0,1,0,0,1,0,0,0
2021-02-24,55,0.1569672727272727,0,0,0,1,0,0,1,0,0,0
2021-02-23,56,0.13588571428571425,0,1,0,1,0,0,1,0,0,1
2021-02-22,46,0.20656086956521733,0,0,0,1,1,0,1,0,0,0
2021-02-21,28,0.10634285714285716,0,1,0,1,0,1,1,1,0,0
2021-02-20,31,0.3152612903225807,0,0,0,1,0,0,1,0,0,1
2021-02-19,56,0.25918035714285714,0,0,0,1,0,0,1,0,0,1
2021-02-18,37,0.24207027027027025,0,0,0,1,0,0,1,0,0,0
2021-02-17,61,0.18403114754098357,0,0,1,1,1,1,1,1,0,1
2021-02-16,71,0.23851971830985913,0,0,1,1,0,0,1,0,0,1
2021-02-15,30,0.007559999999999991,0,0,0,1,0,0,1,0,0,0
2021-02-14,23,0.19606521739130436,0,0,1,1,0,0,1,0,0,1
2021-02-13,30,0.18502999999999997,0,0,0,1,0,0,1,0,0,0
2021-02-12,33,0.35394848484848485,0,0,1,1,0,0,1,1,0,0
2021-02-11,35,0.28283142857142857,0,0,0,1,0,0,1,0,0,0
2021-02-10,38,0.2501394736842105,0,0,0,1,0,0,1,1,0,0
2021-02-09,74,0.17483513513513516,0,0,1,1,0,0,1,0,0,1
2021-02-08,121,0.13617438016528924,0,0,0,1,0,0,1,0,0,1
2021-02-07,14,-0.011735714285714278,0,0,0,0,0,0,1,0,0,0
2021-02-06,18,0.15510555555555555,0,0,0,1,0,0,1,0,0,0
2021-02-05,23,0.15943913043478264,0,0,0,0,0,0,1,0,0,1
2021-02-04,17,0.2982058823529411,0,1,0,0,0,0,0,0,0,0
2021-02-03,17,0.1623411764705882,0,0,0,0,0,0,1,0,0,1
2021-02-02,23,0.2553521739130435,0,0,0,0,0,0,1,0,0,0
2021-02-01,19,0.1998842105263158,0,0,0,0,1,0,0,0,0,0
2021-01-31,16,-0.06876874999999999,0,0,0,0,0,0,1,0,0,0
2021-01-30,24,0.06013333333333334,0,0,0,1,0,0,1,0,0,0
2021-01-29,56,0.20649285714285717,0,0,0,1,1,0,1,0,0,1
2021-01-28,30,0.17099999999999999,0,0,0,0,0,0,1,0,0,0
2021-01-27,23,0.02820869565217391,0,0,1,0,0,0,1,0,0,0
2021-01-26,22,0.2695090909090909,0,0,1,1,0,0,0,0,0,0
2021-01-25,36,0.15828333333333336,0,1,1,1,0,0,1,0,0,0
2021-01-24,13,0.24357692307692302,0,0,0,0,0,0,0,0,0,0
2021-01-23,16,0.14458749999999998,0,0,0,0,0,0,1,0,0,0
2021-01-22,34,0.19329705882352943,0,1,0,1,0,0,1,0,0,1
2021-01-21,24,0.06799999999999999,0,0,0,1,1,0,1,0,0,0
2021-01-20,26,0.25795000000000007,0,0,1,0,0,0,1,0,0,0
2021-01-19,21,0.08866666666666666,0,0,0,1,0,0,1,0,0,0
2021-01-18,19,0.3078,0,0,0,0,0,0,0,0,0,0
2021-01-17,14,0.13131428571428572,0,0,0,1,0,0,1,0,0,0
2021-01-16,20,0.2882,0,0,1,0,0,0,1,0,0,0
2021-01-15,30,0.21943,0,0,1,0,0,0,1,0,0,0
2021-01-14,45,0.19868444444444447,0,0,1,1,0,0,1,0,0,0
2021-01-13,38,0.18325000000000005,0,0,1,1,0,0,1,0,0,0
2021-01-12,35,0.36517142857142854,0,0,0,1,0,0,1,0,0,0
2021-01-11,59,0.08611186440677966,0,0,1,1,0,0,1,0,0,1
2021-01-10,28,0.11708928571428572,0,0,1,1,1,0,1,0,0,0
2021-01-09,25,0.163824,0,0,0,1,0,0,1,0,0,1
2021-01-08,52,0.08240576923076923,0,0,0,1,0,0,1,0,0,1
2021-01-07,74,0.14493648648648647,0,0,1,1,1,0,1,0,0,1
2021-01-06,33,0.09258787878787879,0,0,1,1,0,0,1,0,0,1
2021-01-05,27,0.2654074074074074,0,0,1,1,0,0,0,0,0,0
2021-01-04,48,0.12590625,0,0,0,1,0,0,1,0,0,0
2021-01-03,29,0.0668448275862069,0,0,0,1,0,0,1,0,0,1
2021-01-02,67,0.11853582089552236,0,0,1,1,0,0,1,0,0,1
2021-01-01,15,0.16662666666666665,0,0,0,1,0,0,1,0,0,0
2020-12-31,17,0.05126470588235295,0,0,0,1,0,0,1,0,0,1
2020-12-30,31,-0.01106774193548388,0,0,1,1,0,1,1,0,0,1
2020-12-29,59,-0.0006762711864406703,0,0,0,1,0,0,1,0,0,0
2020-12-28,15,0.1694466666666666,0,1,1,0,0,0,0,0,0,0
2020-12-27,37,0.04124864864864864,0,0,1,1,1,0,1,0,0,1
2020-12-26,40,0.18307,0,0,0,1,0,0,1,0,0,1
2020-12-25,14,0.23945714285714287,0,0,1,1,0,0,1,1,0,0
2020-12-24,12,-0.08395000000000001,0,0,0,0,0,0,1,0,0,0
2020-12-23,20,0.11672000000000002,0,1,0,0,0,0,1,0,0,0
2020-12-22,20,0.37838000000000005,0,1,0,0,0,0,0,0,0,0
2020-12-21,26,0.2768346153846154,0,1,0,0,0,0,1,0,0,0
2020-12-20,18,0.10855555555555554,0,0,1,0,0,0,1,0,0,0
2020-12-19,21,0.19064285714285717,0,0,1,1,0,0,1,0,0,0
2020-12-18,46,0.3626108695652174,0,1,1,0,0,0,1,0,1,1
2020-12-17,42,0.14182619047619052,0,0,1,1,0,0,1,0,0,1
2020-12-16,66,0.2051575757575758,0,0,1,1,0,0,1,0,0,1
2020-12-15,11,0.2939090909090909,0,0,1,0,0,0,0,0,0,0
2020-12-14,14,0.3146071428571428,0,1,1,0,0,0,1,0,0,0
2020-12-13,7,0.5558,0,0,0,0,0,0,1,0,0,0
2020-12-12,6,0.5442666666666667,0,0,0,0,0,0,1,0,0,0
2020-12-11,18,0.4134055555555556,0,1,1,0,0,0,0,0,0,0
2020-12-10,21,0.3311095238095238,0,0,0,1,0,0,1,0,0,0
2020-12-09,17,0.32577647058823533,0,0,0,0,0,0,1,0,0,0
2020-12-08,12,0.182225,0,0,1,0,0,0,1,0,0,0
2020-12-07,15,0.21450666666666668,0,0,1,0,0,0,0,0,0,0
2020-12-06,7,0.5388714285714286,0,0,1,0,0,0,1,0,0,0
2020-12-05,3,0.4994,0,0,0,0,0,0,0,0,0,0
2020-12-04,20,0.286025,0,0,0,0,0,0,1,0,0,1
2020-12-03,9,0.23453333333333332,0,0,0,0,0,0,1,0,0,0
2020-12-02,13,0.6281923076923077,0,0,1,0,0,0,1,0,0,0
2020-12-01,36,0.19227499999999995,0,0,0,1,1,0,1,0,0,1
2020-11-30,48,0.26777083333333335,0,0,1,1,1,0,1,0,0,0
2020-11-29,14,0.16537142857142856,0,0,0,0,0,1,1,0,0,0
2020-11-28,8,0.29775,0,0,0,0,0,0,1,0,0,0
2020-11-27,19,0.16017894736842106,0,0,1,0,0,0,1,0,0,0
2020-11-26,32,0.17104375,0,0,1,1,0,0,0,0,0,0
2020-11-25,21,0.13064761904761907,0,0,1,0,0,0,1,0,0,1
2020-11-24,29,0.19901379310344824,0,0,1,1,0,0,1,0,0,0
2020-11-23,16,0.38443750000000004,0,0,1,0,0,0,0,0,0,0
2020-11-22,6,0.26686666666666664,0,1,1,0,0,0,1,0,0,0
2020-11-21,14,0.23777142857142858,0,0,1,1,0,0,1,0,0,0
2020-11-20,17,0.3526470588235294,0,0,0,0,0,0,1,0,0,0
2020-11-19,21,0.28564761904761904,0,1,1,0,0,0,1,0,0,1
2020-11-18,27,0.14557777777777778,0,1,1,1,0,0,0,0,0,0
2020-11-17,31,0.11180000000000002,0,0,1,1,0,1,1,1,0,1
2020-11-16,17,0.1999941176470588,0,0,1,0,1,0,0,0,0,0
2020-11-15,2,0.4477,0,0,0,0,0,0,0,0,0,0
2020-11-13,12,0.30840833333333334,0,0,0,1,0,0,1,0,0,0
2020-11-12,18,0.04820000000000001,0,0,0,0,0,0,1,0,0,0
2020-11-11,13,0.4060923076923077,0,1,1,0,0,0,1,0,0,0
2020-11-10,11,0.45299090909090917,0,1,0,0,0,0,0,0,0,0
2020-11-09,11,0.35238181818181824,0,1,0,0,0,0,1,0,0,0
2020-11-08,6,0.09179999999999999,0,0,0,0,0,0,1,0,0,0
2020-11-07,4,0.372575,0,0,0,0,0,0,0,0,0,0
2020-11-06,15,0.21454666666666666,0,0,0,0,0,0,1,0,0,0
2020-11-05,19,0.08672631578947367,0,0,1,0,1,0,1,1,0,0
2020-11-04,20,0.22094999999999998,0,0,0,1,0,0,1,0,0,0
2020-11-03,13,0.44719999999999993,0,1,0,0,0,0,0,0,0,0
2020-11-02,9,0.27991111111111106,0,1,1,0,0,0,0,0,0,0
2020-11-01,4,0.395125,0,0,0,0,1,0,0,0,0,0
2020-10-31,12,0.22945833333333335,0,0,0,0,0,0,0,0,0,0
2020-10-30,9,0.3678777777777778,0,0,0,0,0,0,0,0,0,0
2020-10-29,7,0.12332857142857141,0,0,0,0,0,0,1,0,0,0
2020-10-28,19,0.29106842105263153,0,1,1,1,0,1,0,0,0,0
2020-10-27,22,0.2725954545454546,0,0,1,0,1,1,0,0,0,0
2020-10-26,10,0.26822,0,0,0,0,0,0,0,0,0,0
2020-10-25,8,0.09947500000000002,0,0,0,0,0,0,0,0,0,0
2020-10-24,5,0.07898,0,0,1,0,0,0,1,0,0,0
2020-10-23,11,0.44099090909090904,0,0,0,0,0,0,0,0,0,0
2020-10-22,20,0.32270000000000004,0,0,0,0,0,1,1,0,0,0
2020-10-21,27,0.41818888888888883,0,0,0,0,1,1,0,0,0,0
2020-10-20,10,0.41027,0,0,0,0,0,0,0,1,0,0
2020-10-19,12,0.3621666666666667,0,0,0,0,0,0,0,0,0,0
2020-10-18,3,0.3144,0,0,0,0,0,0,0,0,0,0
2020-10-17,6,0.6160333333333333,0,0,0,0,0,0,0,0,0,0
2020-10-16,16,0.36941250000000003,0,0,0,0,0,0,0,0,0,0
2020-10-15,6,0.5323,0,0,0,0,0,0,0,0,0,0
2020-10-14,4,0.44205000000000005,0,0,0,0,0,0,0,0,0,0
2020-10-13,5,0.11879999999999999,0,1,0,0,0,0,0,0,0,0
2020-10-12,11,0.3382,0,0,0,0,0,0,0,0,0,0
2020-10-11,1,0.6369,0,0,0,0,0,0,0,0,0,0
2020-10-10,3,-0.15086666666666668,0,0,0,0,0,0,0,0,0,0
2020-10-09,10,0.43742000000000003,0,0,0,0,0,0,0,0,0,0
2020-10-08,11,0.23652727272727272,0,0,0,1,0,0,0,0,0,0
2020-10-07,4,0.53755,0,0,0,0,0,0,0,0,0,0
2020-10-06,1,0.6369,0,0,0,0,0,0,0,0,0,0
2020-10-05,13,0.4726307692307692,0,0,0,0,0,0,0,0,0,0
2020-10-04,2,-0.1257,0,0,1,0,0,0,0,0,0,0
2020-10-03,2,-0.2517,0,0,0,0,0,0,0,0,0,0
2020-10-02,5,-0.19766000000000003,0,0,0,0,0,0,0,0,0,0
2020-10-01,8,0.07443749999999999,0,0,0,0,0,0,0,0,0,0
2020-09-30,4,0.21232500000000004,0,0,0,0,0,0,0,0,0,0
2020-09-29,4,0.039624999999999994,0,0,0,0,0,0,0,0,0,0
2020-09-28,5,0.44631999999999994,0,0,0,0,0,0,0,0,0,0
2020-09-27,3,0.12539999999999998,0,1,0,0,0,0,0,0,0,0
2020-09-26,2,0.1591,0,0,0,0,0,0,0,0,0,0
2020-09-25,10,0.43052,0,0,0,0,0,0,0,0,0,0
2020-09-24,3,0.3131,0,0,0,0,0,0,0,0,0,0
2020-09-23,4,0.39335,0,1,0,0,0,0,0,0,0,0
2020-09-22,6,0.15395,0,0,0,0,0,0,1,0,0,0
2020-09-21,6,0.10763333333333332,0,0,0,0,0,1,0,0,0,0
2020-09-20,7,0.24268571428571425,0,0,0,0,0,0,0,0,0,0
2020-09-19,2,0.4968,0,0,0,0,0,0,0,0,0,0
2020-09-18,3,0.24180000000000001,0,0,0,0,0,0,0,0,0,0
2020-09-17,5,-0.17370000000000002,0,1,0,0,0,0,1,0,0,0
2020-09-16,5,-0.10753999999999993,0,0,0,0,0,0,0,0,0,0
2020-09-15,4,0.11835000000000001,0,0,0,0,0,0,0,0,0,0
2020-09-14,3,0.3107666666666667,0,0,0,0,0,0,0,0,0,0
2020-09-13,2,-0.182,0,0,0,0,0,0,0,0,0,0
2020-09-12,4,0.122775,0,0,0,0,0,0,0,0,0,0
2020-09-11,6,0.20695,0,0,1,0,0,0,0,0,0,0
2020-09-10,6,0.31246666666666667,0,0,0,0,0,0,0,0,0,0
2020-09-09,5,0.4258,0,0,0,0,0,0,0,0,0,0
2020-09-08,8,-0.0729875,0,0,0,0,0,0,0,0,0,0
2020-09-07,5,0.0502,0,0,0,0,0,1,0,0,0,0
2020-09-06,1,0.0,0,0,0,0,0,0,0,0,0,0
2020-09-05,3,-0.17556666666666665,0,0,0,1,0,0,0,0,0,0
2020-09-04,13,0.13984615384615384,0,0,0,0,0,0,0,0,0,0
2020-09-03,8,0.22457500000000002,0,0,0,0,0,0,0,0,0,0
2020-09-02,10,0.024709999999999992,0,0,0,0,0,0,0,0,0,0
2020-09-01,18,0.20705555555555552,0,0,1,0,0,0,1,0,0,0
2020-08-31,6,0.3112166666666667,0,0,0,0,0,0,0,0,0,0
2020-08-30,2,0.279,0,0,1,0,0,0,0,0,0,0
2020-08-29,3,-0.23893333333333333,0,0,0,0,0,0,0,0,0,0
2020-08-28,5,-0.0689,0,0,1,0,0,1,0,0,0,0
2020-08-27,6,0.49698333333333333,0,0,0,0,0,0,0,0,0,0
2020-08-26,10,0.35564999999999997,0,0,0,0,0,0,0,0,0,0
2020-08-25,5,-0.23583999999999997,0,0,0,0,0,0,0,0,0,0
2020-08-24,13,0.22476923076923078,0,0,0,0,0,0,0,0,0,0
2020-08-23,3,0.38536666666666664,0,0,1,0,0,0,0,0,0,0
2020-08-22,1,0.8676,0,0,0,0,0,0,0,0,0,0
2020-08-21,10,0.43893000000000004,0,0,1,0,0,0,1,0,0,1
2020-08-20,8,0.18752499999999997,0,0,0,0,0,0,0,0,0,0
2020-08-19,2,-0.17675,0,0,0,0,0,0,0,0,0,0
2020-08-18,13,0.35196153846153844,0,0,0,0,0,0,0,0,0,0
2020-08-17,14,0.27918571428571426,0,0,0,0,0,1,0,0,0,0
2020-08-16,4,0.593875,0,0,1,0,0,0,0,0,0,0
2020-08-15,11,0.3695727272727272,0,0,1,0,0,0,0,0,0,0
2020-08-14,9,0.31845555555555555,0,0,1,0,0,0,0,0,0,0
2020-08-13,8,0.20438749999999997,0,0,0,0,0,0,0,0,0,0
2020-08-12,10,0.25937,0,0,0,0,0,0,0,0,0,0
2020-08-11,12,0.13823333333333335,0,0,1,0,0,0,0,0,0,0
2020-08-10,10,0.40808999999999995,0,0,0,0,0,1,0,0,0,0
2020-08-09,3,-0.10643333333333334,0,0,0,0,0,0,0,0,0,0
2020-08-08,5,-0.27058,0,0,0,0,0,0,0,0,0,0
2020-08-07,10,0.20764,0,0,0,1,0,1,0,0,0,0
2020-08-06,8,0.073825,0,0,0,0,0,1,0,0,0,0
2020-08-05,10,-0.042719999999999994,0,0,0,0,0,0,0,0,0,0
2020-08-04,12,0.17466666666666664,0,0,0,0,0,0,0,0,0,0
2020-08-03,7,0.09910000000000001,0,0,0,0,0,0,0,0,0,0
2020-08-02,8,-0.011087499999999993,0,0,0,1,0,0,0,0,0,0
2020-08-01,7,0.23388571428571425,0,0,0,0,0,0,0,0,0,0
2020-07-31,8,0.3493625,0,0,0,0,0,0,0,0,0,0
2020-07-30,3,0.3649,0,0,0,0,0,0,0,0,0,0
2020-07-29,4,0.3485,0,0,0,0,0,0,0,0,0,0
2020-07-28,17,0.21004705882352942,0,0,1,0,1,0,0,0,0,0
2020-07-27,21,0.19985714285714287,0,0,0,0,1,1,0,1,0,0
2020-07-26,3,-0.09553333333333335,0,0,0,0,0,0,0,0,0,0
2020-07-25,1,0.7768,0,0,0,0,0,0,0,0,0,0
2020-07-24,8,0.46658750000000004,0,0,0,0,0,0,0,0,0,0
2020-07-23,4,0.45042499999999996,0,0,0,0,0,0,0,0,0,0
2020-07-22,13,0.3344384615384616,0,0,0,0,1,0,0,0,0,0
2020-07-21,8,0.222875,0,0,1,0,0,1,0,0,0,0
2020-07-20,3,0.446,0,0,0,0,0,0,0,0,0,0
2020-07-19,2,0.0904,0,0,0,0,0,0,0,0,0,0
2020-07-18,5,0.2069,0,0,0,0,0,0,0,0,0,0
2020-07-17,6,0.3012166666666667,0,0,0,0,0,0,0,0,0,0
2020-07-16,9,0.03554444444444445,0,0,0,0,0,0,0,0,0,0
2020-07-15,14,-0.1031,0,0,0,0,0,0,0,0,0,0
2020-07-14,4,0.35475,0,0,0,0,0,0,0,0,0,0
2020-07-13,6,-0.04803333333333332,0,0,0,0,0,0,0,0,0,0
2020-07-12,4,0.361825,0,0,0,0,0,0,0,0,0,0
2020-07-10,3,0.46159999999999995,0,0,0,0,0,0,0,0,0,0
2020-07-09,5,0.40493999999999997,0,0,1,0,0,0,0,0,0,0
2020-07-08,12,0.039675,0,0,0,0,1,1,0,0,0,0
2020-07-07,4,0.45452499999999996,0,0,0,0,0,0,0,0,0,0
2020-07-06,5,0.19662000000000002,0,0,0,0,0,0,0,0,0,0
2020-07-05,1,0.4199,0,0,0,0,0,0,1,0,0,0
2020-07-04,2,0.83935,0,0,0,0,0,0,0,0,0,0
2020-07-03,4,0.456025,0,0,0,0,0,0,0,0,0,0
2020-07-02,8,0.31853750000000003,0,0,0,0,0,0,0,0,0,0
2020-07-01,7,0.20550000000000002,0,0,0,0,0,0,0,0,0,0
2020-06-30,2,0.38965,0,0,0,0,0,0,0,0,0,0
2020-06-29,4,-0.09052499999999998,0,0,0,0,0,0,0,0,0,0
2020-06-28,4,0.459475,0,0,0,0,0,0,0,0,0,0
2020-06-27,9,0.2704111111111111,0,0,0,0,0,0,0,0,0,0
2020-06-26,7,0.21958571428571427,0,0,0,0,0,0,1,0,0,0
2020-06-25,7,0.13831428571428575,0,0,0,0,0,0,0,0,0,0
2020-06-24,7,0.3260428571428572,0,0,0,0,0,0,0,0,0,0
2020-06-23,17,0.2684647058823529,0,0,1,0,0,0,0,0,0,0
2020-06-22,9,0.2666777777777778,0,0,0,0,0,0,0,0,0,0
2020-06-21,2,-0.28595,0,0,0,0,0,0,0,0,0,0
2020-06-20,4,0.4224,0,0,0,0,0,0,0,0,0,0
2020-06-19,6,0.24835,0,0,1,0,0,0,0,0,0,0
2020-06-18,10,0.35557000000000005,0,0,0,0,0,1,0,0,0,0
2020-06-17,10,0.02305999999999999,0,0,1,0,0,0,0,0,0,0
2020-06-16,1,0.6597,0,0,0,0,0,0,0,0,0,0
2020-06-15,12,0.141425,0,0,0,0,0,0,0,0,0,0
2020-06-14,4,0.035525,0,0,0,0,0,0,0,0,0,0
2020-06-13,5,0.12374,0,0,1,0,0,0,0,0,0,0
2020-06-12,2,-0.084,0,0,0,0,0,0,0,0,0,0
2020-06-11,7,0.37465714285714286,0,0,0,0,0,0,0,0,0,0
2020-06-10,5,0.12846,0,0,1,0,0,0,0,0,0,0
2020-06-09,7,0.05152857142857141,0,0,0,0,0,0,0,0,0,0
2020-06-08,8,0.260275,0,0,0,0,0,0,0,0,0,0
2020-06-06,7,0.050099999999999985,0,0,1,0,0,0,1,0,0,0
2020-06-05,9,0.24604444444444448,0,0,1,0,0,0,0,0,0,0
2020-06-04,10,0.258,0,0,0,0,0,0,0,0,0,0
2020-06-03,7,0.2835857142857143,0,0,1,0,0,0,0,0,0,0
2020-06-02,15,0.08912666666666667,0,0,1,0,0,1,1,1,0,0
2020-06-01,8,0.2536,0,0,0,0,0,0,0,0,0,0
2020-05-31,1,0.2023,0,0,0,0,0,0,0,0,0,0
2020-05-30,1,0.9493,0,0,0,0,0,0,0,0,0,0
2020-05-29,9,0.2684666666666667,0,0,0,0,0,0,0,0,0,0
2020-05-28,11,0.18513636363636365,0,0,0,0,0,0,0,0,0,0
2020-05-27,6,0.21873333333333336,0,0,0,0,0,0,0,0,0,0
2020-05-26,7,0.10739999999999998,0,0,0,0,0,0,0,0,0,0
2020-05-25,9,-0.011555555555555578,0,0,1,0,0,0,1,0,0,0
2020-05-24,1,0.5106,0,0,0,0,0,0,0,0,0,0
2020-05-23,5,0.28803999999999996,0,0,0,0,0,0,0,0,0,0
2020-05-22,29,0.3581758620689655,0,0,1,0,0,0,1,0,0,0
2020-05-21,11,0.2822454545454545,0,0,1,0,0,0,0,0,0,0
2020-05-20,14,0.23294285714285712,0,0,1,0,0,0,1,0,0,0
2020-05-19,12,0.17978333333333332,0,0,0,0,0,0,0,0,0,0
2020-05-18,13,-0.027538461538461536,0,0,1,0,0,0,0,0,0,0
2020-05-17,6,0.09216666666666667,0,0,0,0,0,0,0,0,0,0
2020-05-16,5,0.54592,0,0,0,0,0,0,0,0,0,0
2020-05-15,10,0.31687000000000004,0,0,0,0,0,0,0,0,0,0
2020-05-14,4,0.198725,0,0,1,0,0,0,0,0,0,0
2020-05-13,12,0.21094166666666667,0,0,0,0,0,0,0,0,0,0
2020-05-12,22,0.0881909090909091,0,0,1,0,0,0,1,0,0,0
2020-05-11,43,0.15300232558139534,0,0,1,0,0,0,0,0,0,0
2020-05-10,20,0.04456,0,0,1,0,0,0,0,0,0,0
2020-05-09,6,0.07218333333333332,0,0,0,0,0,0,0,0,0,0
2020-05-08,22,0.2271272727272727,0,0,0,1,0,1,0,0,0,0
2020-05-07,18,-0.061894444444444446,0,0,1,0,0,0,0,1,0,0
2020-05-06,10,0.25642,0,0,1,0,0,0,0,0,0,0
2020-05-05,9,0.15838888888888894,0,0,0,0,0,0,0,0,0,0
2020-05-04,9,0.3184,0,0,0,0,0,0,1,0,0,0
2020-05-03,6,0.34125000000000005,0,0,0,0,0,0,0,0,0,0
2020-05-02,3,-0.25553333333333333,0,0,0,0,0,0,0,0,0,0
2020-05-01,8,0.2458,0,0,0,0,0,0,0,0,0,0
2020-04-30,18,0.38896666666666674,0,0,1,0,1,0,1,0,0,0
2020-04-29,21,0.20345714285714284,0,0,1,0,0,0,0,0,0,0
2020-04-28,8,0.21578750000000002,0,0,0,0,0,0,1,0,0,0
2020-04-27,7,-0.042914285714285696,0,0,1,0,0,0,0,0,0,0
2020-04-26,6,0.231,0,0,0,0,0,0,0,0,0,0
2020-04-25,5,0.23152000000000003,0,0,1,0,0,0,0,0,0,0
2020-04-24,12,0.3788916666666667,0,0,0,0,0,0,0,0,0,0
2020-04-23,10,0.15332000000000004,0,0,0,0,1,0,0,0,0,0
2020-04-22,8,0.2699875,0,0,0,0,0,0,0,0,0,0
2020-04-21,8,0.09263749999999998,0,0,1,0,1,0,0,0,0,0
2020-04-20,8,-0.10482500000000003,0,0,0,0,1,0,0,0,0,0
2020-04-19,5,-0.02702,0,0,1,0,0,0,0,0,0,0
2020-04-18,2,0.0,0,0,0,0,0,0,0,0,0,0
2020-04-17,10,0.28481,0,0,0,0,0,0,1,0,0,0
2020-04-16,7,0.17627142857142858,0,0,0,0,0,0,0,0,0,0
2020-04-15,6,-0.1828,0,0,1,0,0,0,0,0,0,0
2020-04-14,10,0.009550000000000008,0,0,0,0,0,0,0,0,0,0
2020-04-13,7,0.04878571428571428,0,0,0,0,0,0,0,0,0,0
2020-04-12,3,0.17046666666666668,0,0,1,0,0,0,0,0,0,0
2020-04-11,3,-0.02999999999999999,0,0,0,0,0,0,0,0,0,0
2020-04-10,13,0.15132307692307692,0,0,0,0,0,0,1,0,0,0
2020-04-09,6,-0.06214999999999998,0,0,1,0,0,0,0,0,0,0
2020-04-08,4,0.100475,0,0,1,0,0,0,0,0,0,0
2020-04-07,6,0.0541,0,0,1,0,0,0,0,0,0,0
2020-04-06,4,0.534725,0,0,0,0,0,0,0,0,0,0
2020-04-05,3,-0.07366666666666666,0,0,0,0,0,0,0,0,0,0
2020-04-03,11,0.3676272727272728,0,0,1,0,0,1,0,0,0,0
2020-04-02,9,0.15934444444444446,0,0,1,0,0,1,0,1,0,0
2020-04-01,8,0.5916250000000001,0,0,0,0,0,0,1,0,0,0
2020-03-31,3,0.2966,0,0,0,0,0,0,0,0,0,0
2020-03-30,6,0.11723333333333331,0,0,0,0,0,1,0,0,0,0
2020-03-29,5,0.09212000000000001,0,0,1,0,0,0,0,0,0,0
2020-03-28,1,-0.1742,0,0,0,0,0,0,0,0,0,0
2020-03-27,5,0.30878,0,0,0,0,1,1,0,0,0,0
2020-03-26,6,0.010833333333333342,0,0,0,0,0,0,0,0,0,0
2020-03-25,5,0.014440000000000041,0,0,1,0,0,0,0,0,0,0
2020-03-24,10,0.017390000000000006,0,0,1,0,0,0,0,0,0,0
2020-03-23,8,-0.10432499999999999,0,0,0,0,0,0,0,0,0,0
2020-03-22,5,0.18574000000000002,0,0,0,0,0,0,0,0,0,0
2020-03-21,5,0.38442,0,0,1,0,0,0,0,0,0,0
2020-03-20,4,0.4943,0,0,0,0,0,0,1,0,0,0
2020-03-19,10,0.23381,0,0,1,0,0,1,1,0,0,0
2020-03-18,6,0.048916666666666664,0,0,0,0,0,0,0,0,0,0
2020-03-17,10,0.06513,0,0,0,0,1,0,0,1,0,0
2020-03-16,7,-0.04838571428571429,0,0,1,0,0,0,0,0,0,0
2020-03-15,5,0.37250000000000005,0,0,0,0,0,0,0,0,0,0
2020-03-14,10,0.44353999999999993,0,0,0,0,0,0,0,0,0,0
2020-03-13,20,-0.04426,0,0,1,0,0,1,0,0,0,0
2020-03-12,15,0.16233333333333336,0,0,0,0,0,0,0,0,0,0
2020-03-11,10,0.10016999999999998,0,0,0,0,0,0,0,0,0,0
2020-03-10,6,0.14378333333333332,0,0,0,0,0,0,0,0,0,0
2020-03-09,11,0.11074545454545458,0,0,1,0,0,1,0,0,0,0
2020-03-08,9,-0.123,0,0,1,0,0,0,0,0,0,0
2020-03-07,4,0.045125,0,0,0,0,0,0,0,1,0,0
2020-03-06,5,0.28792,0,0,0,0,0,0,0,0,0,0
2020-03-05,3,0.6100333333333333,0,0,0,0,0,0,0,0,0,0
2020-03-04,7,0.10124285714285716,0,0,1,0,0,0,0,0,0,0
2020-03-03,10,0.38293,0,0,1,0,0,0,0,0,0,0
2020-03-02,5,0.05248000000000001,0,0,1,0,0,0,1,0,0,0
2020-03-01,6,-0.07551666666666665,0,0,0,0,0,0,0,0,0,0
2020-02-29,7,0.1047,0,0,0,0,0,0,0,1,0,0
2020-02-28,5,0.2648,0,0,1,0,0,0,0,0,1,0
2020-02-27,9,0.11225555555555555,0,0,1,0,0,0,0,0,0,0
2020-02-26,6,0.2353333333333333,0,0,0,0,0,0,0,0,0,0
2020-02-25,10,0.17167000000000002,0,0,0,0,0,0,0,0,0,0
2020-02-24,13,0.23996153846153845,0,0,0,0,0,0,0,0,0,0
2020-02-23,4,0.402725,0,0,0,0,0,0,0,0,0,0
2020-02-22,1,0.128,0,0,0,0,0,0,0,0,0,0
2020-02-21,14,0.25732857142857146,0,0,0,0,0,0,0,0,0,0
2020-02-20,9,0.48092222222222225,0,0,0,0,0,0,0,0,0,0
2020-02-19,9,0.09187777777777777,0,0,0,0,0,0,0,0,0,0
2020-02-18,10,0.35059,0,0,0,0,0,0,0,0,0,0
2020-02-17,2,0.12384999999999999,0,0,1,0,0,0,0,0,0,0
2020-02-16,5,0.21014,0,0,0,0,0,0,0,0,0,0
2020-02-15,6,0.26326666666666665,0,0,0,0,0,0,0,0,0,0
2020-02-14,5,0.6493399999999999,0,0,0,0,0,0,0,0,0,0
2020-02-13,4,0.3537,0,0,0,0,0,1,0,0,0,0
2020-02-12,6,-0.24609999999999999,0,0,1,0,0,1,0,0,0,0
2020-02-11,14,0.26300714285714283,0,0,1,0,0,0,0,0,0,0
2020-02-10,4,0.6563000000000001,0,0,0,0,0,0,0,0,0,0
2020-02-09,4,0.145825,0,0,1,0,0,0,1,0,0,0
2020-02-08,5,0.2944,0,0,0,0,0,0,0,0,0,0
2020-02-07,5,0.25662,0,0,0,0,0,0,0,0,0,0
2020-02-06,12,0.07765833333333332,0,0,0,0,0,0,0,0,0,0
2020-02-05,9,0.08974444444444445,0,0,0,0,0,0,0,1,0,1
2020-02-04,7,-0.04301428571428572,0,0,0,0,0,0,0,0,0,0
2020-02-03,7,0.10797142857142858,0,0,1,0,0,0,0,0,0,0
2020-02-02,7,0.08314285714285716,0,0,0,0,0,0,0,0,0,0
2020-02-01,2,0.4064,0,0,0,0,0,0,0,0,0,0
2020-01-31,8,0.040337500000000005,0,0,1,0,0,1,0,0,0,0
2020-01-30,8,0.0566,0,0,1,0,0,0,1,0,0,0
2020-01-29,10,0.25615,0,0,0,0,0,0,0,0,0,0
2020-01-28,15,0.30849999999999994,0,0,0,0,0,1,0,0,0,0
2020-01-27,8,0.3909875,0,0,1,0,0,0,0,0,0,0
2020-01-26,3,0.11296666666666665,0,0,0,0,0,0,0,0,0,0
2020-01-25,1,0.4767,0,0,1,0,0,0,0,0,0,0
2020-01-24,7,0.4103142857142857,0,0,0,0,1,0,0,0,0,0
2020-01-23,2,0.09764999999999999,0,0,1,0,0,0,0,0,0,0
2020-01-22,5,0.40939999999999993,0,0,1,0,0,0,0,0,0,0
2020-01-21,7,0.20798571428571425,0,0,0,0,0,0,0,0,0,0
2020-01-20,8,-0.06422499999999999,0,0,0,0,0,0,0,0,0,0
2020-01-19,3,0.3069,0,0,0,0,0,0,0,0,0,0
2020-01-18,1,-0.5563,0,0,0,0,0,0,0,0,0,0
2020-01-17,4,0.07015,0,0,0,0,0,0,0,0,0,0
2020-01-16,7,-0.1363857142857143,0,0,0,0,0,0,0,0,0,0
2020-01-15,9,0.5077888888888888,0,0,0,0,0,0,0,0,0,0
2020-01-14,15,0.18586000000000003,0,0,0,0,0,0,0,1,0,0
2020-01-13,9,0.3728777777777778,0,0,0,0,0,0,0,0,0,0
2020-01-12,1,0.6486,0,0,0,0,0,0,0,0,0,0
2020-01-11,8,0.20013750000000002,0,0,0,0,0,0,0,0,0,0
2020-01-10,4,0.238425,0,0,0,0,0,0,0,0,0,0
2020-01-09,9,0.10388888888888886,0,0,0,0,0,0,0,0,0,0
2020-01-08,12,-0.0583,0,0,0,0,1,0,0,0,0,0
2020-01-07,12,0.15435833333333335,0,0,0,0,0,1,0,0,0,0
2020-01-06,6,0.5341,0,0,0,0,0,1,0,0,0,0
2020-01-05,9,-0.022411111111111114,0,0,1,0,0,0,0,1,0,0
2020-01-04,2,0.72125,0,0,0,0,0,0,0,0,0,0
2020-01-03,9,0.49244444444444446,0,0,0,0,0,0,0,0,0,0
2020-01-02,4,0.13665,0,0,0,0,0,0,0,1,0,0
2020-01-01,4,-0.17670000000000002,0,0,0,0,0,0,0,0,0,0
2019-12-31,7,0.47495714285714286,0,0,0,0,0,0,0,0,0,0
2019-12-30,4,0.05109999999999999,0,0,0,0,0,0,0,0,0,0
2019-12-29,9,-0.1795888888888889,0,0,1,0,0,0,0,0,0,0
2019-12-28,3,-0.2587333333333333,0,0,0,0,0,0,0,0,0,0
2019-12-27,9,0.016866666666666655,0,0,0,0,0,0,0,0,0,0
2019-12-26,3,-0.09413333333333333,0,0,0,0,0,0,0,0,0,0
2019-12-25,6,-0.05343333333333331,0,0,0,0,0,0,0,0,0,0
2019-12-24,1,-0.1154,0,0,0,0,0,0,0,0,0,0
2019-12-23,5,0.013580000000000009,0,0,0,0,0,0,0,1,0,0
2019-12-22,1,-0.4019,0,0,0,0,0,0,0,0,0,0
2019-12-21,1,0.4404,0,0,0,0,0,0,0,0,0,0
2019-12-20,6,0.22383333333333333,0,0,0,0,0,0,0,0,0,0
2019-12-19,4,-0.006150000000000003,0,0,0,0,0,0,0,0,0,0
2019-12-18,11,0.11834545454545455,0,0,1,0,1,0,0,0,0,0
2019-12-17,13,0.2928615384615384,0,0,0,0,0,0,0,0,0,0
2019-12-16,12,0.16446666666666668,0,0,0,0,0,0,0,0,0,0
2019-12-15,2,-0.01050000000000001,0,0,0,0,0,0,0,0,0,0
2019-12-14,1,0.5719,0,0,0,0,0,0,0,0,0,0
2019-12-13,6,0.2471833333333333,0,0,0,0,0,0,0,0,0,0
2019-12-12,6,-0.042483333333333324,0,0,0,0,0,0,0,0,0,0
2019-12-11,5,0.09059999999999999,0,0,0,0,0,0,0,0,0,0
2019-12-10,11,0.03253636363636363,0,0,0,0,0,0,0,1,0,0
2019-12-09,6,-0.21511666666666662,0,0,0,0,0,0,0,0,0,0
2019-12-08,2,0.2294,0,0,0,0,1,0,0,0,0,0
2019-12-07,2,0.32985,0,0,0,0,0,0,0,0,0,0
2019-12-06,4,-0.3749,0,0,0,0,0,0,0,0,0,0
2019-12-05,4,0.2522,0,0,0,0,0,0,0,0,0,0
2019-12-04,5,0.05552,0,0,0,0,0,0,0,0,0,0
2019-12-03,2,0.47425,0,0,0,0,0,0,0,0,0,0
2019-12-02,5,0.12204000000000001,0,0,0,0,0,0,0,0,0,0
2019-12-01,1,-0.7003,0,0,0,0,0,0,0,0,0,0
2019-11-30,3,0.5600333333333333,0,0,0,0,0,0,0,1,0,0
2019-11-29,6,-0.01605000000000001,0,0,0,0,0,0,0,1,0,0
2019-11-28,1,0.3182,0,0,0,0,0,0,0,0,0,0
2019-11-27,9,0.35962222222222223,0,0,0,0,0,0,0,0,0,0
2019-11-26,7,-0.044842857142857136,0,0,0,0,0,0,0,0,0,0
2019-11-25,5,0.08038,0,0,0,0,0,0,1,0,0,0
2019-11-24,2,-0.009450000000000014,0,0,0,0,0,0,0,0,0,0
2019-11-23,6,0.0008166666666666692,0,0,0,0,0,0,0,0,0,0
2019-11-22,8,-0.100425,0,0,0,0,0,0,0,0,0,0
2019-11-21,10,0.06078999999999999,0,0,0,0,0,0,0,0,0,0
2019-11-20,7,0.1486,0,0,0,0,0,0,0,0,0,0
2019-11-19,11,0.24854545454545454,0,0,0,0,0,0,0,0,0,0
2019-11-18,9,-0.08843333333333334,0,0,0,0,0,0,0,0,0,0
2019-11-17,5,-0.13604000000000002,0,0,0,0,0,0,0,0,0,0
2019-11-16,2,0.41355,0,0,0,0,0,0,0,0,0,0
2019-11-15,5,0.06258,0,0,0,0,0,0,0,0,0,0
2019-11-14,6,0.4866000000000001,0,0,1,0,0,0,0,0,0,0
2019-11-13,3,0.4391333333333334,0,0,0,0,0,0,0,0,0,0
2019-11-12,5,0.39325999999999994,0,0,0,0,0,0,0,1,0,0
2019-11-11,6,0.29195,0,0,0,0,0,0,0,0,0,0
2019-11-10,6,0.3396333333333333,0,0,0,0,0,0,0,0,0,0
2019-11-09,5,0.42294,0,0,0,0,0,0,0,1,0,0
2019-11-08,10,0.20639,0,0,0,0,0,0,0,0,0,0
2019-11-07,5,0.4676,0,0,0,0,1,0,0,0,0,0
2019-11-06,2,-0.125,0,0,0,0,0,0,0,0,0,0
2019-11-05,3,0.29473333333333335,0,0,0,0,0,0,0,0,0,0
2019-11-04,7,0.18195714285714285,0,0,0,0,0,0,0,0,0,0
2019-11-03,3,0.3858333333333333,0,0,1,0,0,0,0,0,0,0
2019-11-02,5,0.59756,0,0,0,0,0,0,0,0,0,0
2019-11-01,4,0.211275,0,0,0,0,0,0,0,0,0,0
2019-10-31,13,0.5202692307692307,0,0,1,0,1,0,0,0,0,0
2019-10-30,4,-0.12435,0,0,0,0,0,0,0,0,0,0
2019-10-29,10,0.33082,0,0,0,0,0,0,0,0,0,0
2019-10-28,4,0.22095000000000004,0,0,0,0,0,0,0,0,0,0
2019-10-27,5,-0.0129,0,0,0,0,1,0,0,0,0,0
2019-10-26,12,0.21925833333333333,0,0,1,0,0,0,0,1,0,0
2019-10-25,10,0.13538999999999998,0,0,0,0,0,1,0,0,0,0
2019-10-24,12,0.21715833333333334,0,0,0,0,0,0,0,0,0,1
2019-10-23,13,0.11053076923076924,0,0,0,0,0,0,0,0,0,0
2019-10-22,4,0.184075,0,0,0,0,0,0,0,0,0,0
2019-10-21,1,-0.2263,0,0,0,0,0,0,0,1,0,0
2019-10-20,5,0.13398,0,0,0,0,0,0,0,0,0,0
2019-10-19,4,0.41269999999999996,0,0,0,0,0,0,0,1,0,0
2019-10-18,7,0.22428571428571428,0,0,0,0,0,0,0,0,0,0
2019-10-17,8,0.5043875,0,0,0,0,0,1,0,0,0,0
2019-10-16,5,0.05388,0,0,0,0,0,0,0,0,0,0
2019-10-15,5,0.16774,0,0,0,0,0,0,0,0,0,0
2019-10-14,4,0.16605,0,0,0,0,0,0,0,0,0,0
2019-10-13,1,0.0,0,0,0,0,0,0,0,0,0,0
2019-10-12,1,0.5719,0,0,0,0,0,0,0,0,0,0
2019-10-11,2,0.3472,0,0,0,0,0,0,0,0,0,0
2019-10-10,6,0.24473333333333333,0,0,0,0,0,0,0,0,0,0
2019-10-09,6,0.2315,0,0,0,0,0,0,0,0,0,0
2019-10-08,7,0.017157142857142853,0,0,0,0,0,0,0,0,0,0
2019-10-07,5,0.3219,0,0,0,0,0,0,0,0,0,0
2019-10-05,3,0.1589,0,0,0,0,0,0,0,0,0,0
2019-10-04,3,0.06743333333333333,0,0,0,0,0,0,0,0,0,0
2019-10-03,4,-0.085175,0,0,0,0,0,0,0,0,0,0
2019-10-01,4,-0.17552500000000001,0,0,1,0,0,0,0,0,0,0
2019-09-30,4,0.298075,0,0,0,0,0,0,0,0,0,0
2019-09-29,3,-0.1953,0,0,0,0,0,0,0,1,0,0
2019-09-28,4,0.17235,0,0,1,0,0,0,0,0,0,0
2019-09-27,10,0.10176,0,0,0,0,0,0,0,0,0,0
2019-09-26,12,0.18106666666666668,0,0,0,0,0,0,0,0,0,0
2019-09-25,14,0.07925000000000001,0,0,0,1,0,0,0,0,0,0
2019-09-24,13,0.2110153846153846,0,0,0,0,0,1,0,1,0,0
2019-09-23,6,0.00683333333333333,0,0,0,0,0,0,0,0,0,0
2019-09-22,4,0.269575,0,0,0,0,0,1,0,0,0,0
2019-09-21,3,-0.24636666666666665,0,0,0,0,1,0,0,0,0,0
2019-09-20,10,0.10770999999999997,0,0,0,0,0,0,0,0,0,0
2019-09-19,5,0.22468,0,0,0,0,1,0,0,0,0,0
2019-09-18,19,0.20538947368421054,0,0,0,0,0,0,1,0,0,0
2019-09-17,8,0.21597500000000003,0,0,0,0,0,0,0,1,0,0
2019-09-16,4,0.155825,0,0,0,0,0,1,0,0,0,0
2019-09-15,5,0.11754000000000002,0,0,0,0,0,0,0,1,0,0
2019-09-14,2,0.7119,0,0,0,0,0,0,0,0,0,0
2019-09-13,4,0.49317500000000003,0,0,1,0,0,0,0,0,0,0
2019-09-12,2,0.2781,0,0,0,0,0,0,0,0,0,0
2019-09-11,10,-0.09997,0,0,0,0,0,0,0,0,0,0
2019-09-10,4,0.16620000000000001,0,0,0,0,0,0,0,0,0,0
2019-09-09,5,0.04975999999999999,0,0,0,0,0,0,0,0,0,0
2019-09-08,3,0.3705,0,0,0,0,0,0,0,0,0,0
2019-09-07,4,-0.09619999999999998,0,0,0,0,1,0,0,0,0,0
2019-09-06,9,0.1509,0,0,0,0,0,0,0,0,0,0
2019-09-05,5,0.06296,0,0,0,0,0,0,1,1,0,0
2019-09-04,9,0.09752222222222223,0,0,0,0,0,0,0,0,0,0
2019-09-03,7,0.3353571428571428,0,0,0,0,1,0,0,0,0,0
2019-09-02,3,0.10106666666666668,0,0,1,0,0,0,0,0,0,0
2019-09-01,6,0.5695166666666667,0,0,0,0,0,1,0,0,0,0
2019-08-31,4,-0.07922500000000002,0,0,0,0,0,0,0,0,0,0
2019-08-30,4,0.048924999999999996,0,0,0,0,0,0,0,0,0,0
2019-08-29,5,0.13313999999999998,0,0,0,1,0,0,0,0,0,0
2019-08-28,6,-0.07206666666666667,0,0,0,0,0,0,0,0,0,0
2019-08-27,5,0.20391999999999996,0,0,0,0,0,0,0,0,0,0
2019-08-26,4,0.5367250000000001,0,0,0,0,0,0,0,0,0,0
2019-08-25,5,-0.14318,0,0,0,0,0,0,0,0,0,0
2019-08-24,2,0.30495,0,0,0,0,0,0,0,0,0,0
2019-08-23,9,0.11937777777777778,0,0,0,0,0,0,0,0,0,0
2019-08-22,5,-0.07576000000000001,0,0,0,0,0,0,0,0,0,0
2019-08-21,7,0.09330000000000001,0,0,0,0,0,0,0,0,0,0
2019-08-20,12,-0.042483333333333324,0,0,0,0,0,0,0,0,0,0
2019-08-19,2,-0.30345,0,0,0,0,0,0,0,0,0,0
2019-08-18,4,-0.05767499999999999,0,0,0,0,0,0,0,0,0,0
2019-08-17,4,0.416275,0,0,0,0,0,0,0,1,0,0
2019-08-16,5,0.29603999999999997,0,0,0,0,0,0,0,0,0,0
2019-08-15,6,0.2590833333333333,0,0,0,0,1,0,0,1,0,0
2019-08-14,8,0.022787499999999995,0,0,0,0,0,0,0,0,0,0
2019-08-13,8,0.214675,0,0,0,0,0,0,0,1,0,0
2019-08-12,4,-0.17252499999999998,0,0,0,1,0,0,0,0,0,0
2019-08-11,1,0.2263,0,0,0,0,0,0,0,0,0,0
2019-08-10,2,0.41915,0,0,0,0,0,0,0,1,0,0
2019-08-09,11,0.15117272727272726,0,0,0,0,0,0,0,1,0,0
2019-08-08,5,-0.004399999999999982,0,0,0,0,0,0,0,0,0,0
2019-08-07,4,0.47702500000000003,0,0,0,0,0,1,0,1,0,0
2019-08-06,9,0.07416666666666666,0,0,0,0,0,1,0,0,0,0
2019-08-05,15,0.1481533333333333,0,0,0,0,0,0,0,1,0,0
2019-08-04,5,0.36760000000000004,0,0,1,0,0,0,0,0,0,0
2019-08-03,3,0.6072000000000001,0,0,0,0,0,0,0,1,0,0
2019-08-02,5,0.153,0,0,0,0,0,1,0,0,0,0
2019-08-01,6,0.2742,0,0,0,0,0,0,0,0,0,0
2019-07-31,12,0.23348333333333335,0,0,0,0,0,0,0,1,0,1
2019-07-30,12,0.03402500000000001,0,0,0,0,0,0,0,0,0,0
2019-07-29,9,0.32165555555555553,0,0,1,0,0,0,0,0,0,0
2019-07-28,1,0.0,0,0,0,0,0,0,0,0,0,0
2019-07-27,4,0.34814999999999996,0,0,0,0,0,0,0,0,0,0
2019-07-26,5,0.43794000000000005,0,0,0,0,0,0,0,0,1,0
2019-07-25,6,0.09289999999999998,0,0,1,0,0,0,0,0,0,0
2019-07-24,11,0.032981818181818175,0,0,0,0,0,0,0,0,0,0
2019-07-23,8,-0.018562499999999996,0,0,0,0,0,1,0,0,0,0
2019-07-22,1,-0.4767,0,0,0,0,0,0,0,0,0,0
2019-07-21,3,0.09046666666666665,0,0,0,0,0,0,0,0,0,0
2019-07-20,5,0.19228,0,0,0,0,0,0,0,0,0,0
2019-07-19,5,0.0763,0,0,0,0,0,0,0,0,0,0
2019-07-18,13,0.1248,0,0,0,1,0,0,0,0,0,0
2019-07-17,13,-0.03616153846153847,0,0,0,1,0,0,0,0,0,0
2019-07-16,17,0.24752941176470583,0,0,1,0,0,0,0,0,0,0
2019-07-15,9,0.04902222222222222,0,0,0,0,0,0,0,0,0,0
2019-07-14,2,0.1849,0,0,0,1,0,0,0,0,0,0
2019-07-13,7,0.01812857142857143,0,0,0,0,0,0,0,1,0,0
2019-07-12,17,0.06081176470588234,0,0,0,0,0,0,0,0,0,0
2019-07-11,5,-0.012439999999999996,0,0,0,1,0,0,0,0,0,0
2019-07-10,5,0.14388,0,0,0,0,0,0,0,0,0,0
2019-07-09,9,0.2495555555555555,0,0,0,0,0,0,0,0,0,0
2019-07-08,6,0.2814666666666667,0,0,0,0,0,0,0,1,0,0
2019-07-07,2,0.34645,0,0,0,0,0,0,0,0,0,0
2019-07-06,2,0.5628,0,0,0,0,0,0,0,1,0,0
2019-07-05,7,0.27399999999999997,0,0,0,0,0,0,0,1,0,0
2019-07-04,7,0.27644285714285716,0,0,0,0,0,0,0,1,0,0
2019-07-03,9,-0.022822222222222213,0,0,0,0,0,0,0,1,0,0
2019-07-02,9,0.012566666666666663,0,0,0,1,0,0,0,0,0,0
2019-07-01,11,0.24753636363636364,0,0,0,0,0,0,0,0,0,1
2019-06-30,6,-0.08855,0,0,0,0,0,0,0,1,0,0
2019-06-29,3,0.21193333333333333,0,0,0,1,0,0,0,1,0,0
2019-06-28,13,0.18403846153846154,0,0,0,0,0,0,0,0,0,0
2019-06-27,24,0.1590958333333333,0,0,0,0,0,0,0,0,0,0
2019-06-26,29,0.08617586206896552,0,0,0,0,0,0,0,1,0,0
2019-06-25,22,0.07832272727272725,0,0,1,1,0,0,0,0,0,0
2019-06-24,9,-0.07015555555555557,0,0,1,0,0,0,0,0,0,0
2019-06-23,10,0.007730000000000003,0,0,0,1,0,0,0,0,0,0
2019-06-22,25,0.219784,0,0,0,0,0,0,0,0,0,0
2019-06-21,11,-0.028536363636363634,0,0,1,0,0,0,0,0,0,0
2019-06-20,6,0.23558333333333334,0,0,0,0,0,0,0,0,0,0
2019-06-19,11,0.38550909090909086,0,0,1,0,1,0,0,0,0,1
2019-06-18,13,0.19076923076923077,0,0,0,0,0,0,0,1,0,0
2019-06-17,13,0.3674307692307692,0,0,1,0,0,0,0,0,0,0
2019-06-16,9,0.24847777777777777,0,0,0,1,0,0,0,1,0,0
2019-06-15,12,0.3603166666666667,0,0,0,0,0,0,0,0,0,0
2019-06-14,6,0.39365,0,0,0,0,0,0,0,1,0,0
2019-06-13,9,0.21846666666666667,0,0,0,0,0,0,0,0,0,0
2019-06-12,9,0.09887777777777779,0,0,0,0,0,0,0,0,0,0
2019-06-11,7,0.05211428571428571,0,0,0,1,0,0,0,0,0,0
2019-06-10,7,0.18782857142857143,0,0,0,0,0,0,0,0,0,0
2019-06-09,1,0.2714,0,0,0,0,0,0,0,0,0,0
2019-06-08,4,0.387825,0,0,0,0,0,0,0,0,0,1
2019-06-07,6,-0.22048333333333334,0,0,0,0,0,0,0,0,0,0
2019-06-06,5,0.11495999999999999,0,0,0,0,0,1,0,0,0,0
2019-06-05,4,0.562375,0,0,0,0,0,0,0,0,0,0
2019-06-04,16,0.11010625000000002,0,0,1,0,0,0,0,0,0,0
2019-06-03,4,0.400225,0,0,0,0,0,0,0,1,0,0
2019-06-02,2,0.45855,0,0,0,0,0,0,0,0,0,0
2019-06-01,2,0.27115,0,0,0,0,0,0,0,0,0,0
2019-05-31,15,0.22707333333333335,0,0,0,0,0,0,0,0,0,1
2019-05-30,10,0.11559,0,0,0,0,0,0,0,0,0,1
2019-05-29,9,0.039844444444444446,0,0,0,0,0,0,0,1,0,0
2019-05-28,7,0.4383714285714286,0,0,0,0,0,0,0,0,0,0
2019-05-27,11,0.2622363636363636,0,0,0,0,0,0,0,1,0,1
2019-05-26,6,0.19596666666666665,0,0,0,0,0,0,0,0,0,0
2019-05-25,3,0.23290000000000002,0,0,0,0,0,0,0,1,0,0
2019-05-24,10,0.05305,0,0,0,0,1,0,0,0,0,0
2019-05-23,10,0.24149999999999996,0,0,0,0,0,0,0,0,0,0
2019-05-22,20,0.48092500000000005,0,0,1,0,0,0,0,0,0,0
2019-05-21,10,0.14788,0,0,1,0,0,0,0,0,0,0
2019-05-20,6,0.08216666666666667,0,0,0,0,0,0,0,0,0,0
2019-05-19,8,-0.15057500000000001,0,0,0,0,0,0,0,0,0,0
2019-05-18,2,0.3483,0,0,0,0,0,0,0,0,0,1
2019-05-17,12,0.14979166666666666,0,0,0,0,0,0,0,0,0,0
2019-05-16,13,0.3107615384615385,0,0,0,1,0,0,0,0,0,1
2019-05-15,15,0.21194666666666667,0,0,0,0,0,0,0,0,0,1
2019-05-14,15,0.07855333333333334,0,0,0,1,0,0,0,0,0,1
2019-05-13,26,0.22887692307692303,0,0,0,0,0,0,0,0,0,1
2019-05-12,8,0.039262500000000006,0,0,0,0,0,0,0,0,0,0
2019-05-11,6,0.04523333333333333,0,0,0,0,0,0,0,0,0,0
2019-05-10,7,0.14272857142857145,0,0,0,0,0,0,0,0,0,0
2019-05-09,16,-0.023137500000000002,0,0,0,0,0,0,0,0,0,0
2019-05-08,9,0.017733333333333316,0,0,1,0,0,0,0,0,0,0
2019-05-07,18,0.09671111111111112,0,0,0,0,0,0,0,0,0,0
2019-05-06,5,0.44864,0,0,0,0,0,0,0,0,0,0
2019-05-05,1,0.7574,0,0,0,0,0,0,0,0,0,0
2019-05-04,4,0.35114999999999996,0,0,0,0,0,0,0,1,0,0
2019-05-03,10,0.04818,0,0,0,0,0,0,0,0,0,1
2019-05-02,6,-0.21663333333333332,0,0,0,0,0,0,0,0,0,0
2019-05-01,10,0.03129999999999998,0,0,0,0,0,0,0,0,0,0
2019-04-30,3,0.2544,0,0,0,0,0,0,0,0,0,0
2019-04-29,4,0.562275,0,0,0,0,0,0,0,0,0,0
2019-04-28,3,0.11593333333333335,0,0,0,0,0,0,0,0,0,0
2019-04-27,6,0.26785,0,0,0,0,0,0,0,1,0,0
2019-04-26,3,-0.06780000000000001,0,0,0,0,0,0,0,0,0,1
2019-04-25,4,0.28325,0,0,0,0,0,0,0,0,0,0
2019-04-24,6,0.020283333333333337,0,0,0,0,0,0,0,0,0,0
2019-04-23,9,0.2073222222222222,0,0,0,0,0,0,0,0,0,0
2019-04-22,9,0.27495555555555556,0,0,0,0,0,0,0,0,0,0
2019-04-21,5,0.15582000000000001,0,0,0,0,0,0,0,0,0,0
2019-04-20,2,0.39225,0,0,0,0,0,0,0,0,0,0
2019-04-19,6,-0.07921666666666667,0,0,0,0,1,0,0,0,0,1
2019-04-18,4,-0.230775,0,0,0,0,0,0,0,0,0,0
2019-04-17,3,-0.04246666666666667,0,0,0,0,0,0,0,0,0,0
2019-04-16,3,-0.17146666666666666,0,0,0,0,0,0,0,0,0,0
2019-04-15,4,0.4203499999999999,0,0,0,0,0,0,0,0,0,0
2019-04-14,1,0.0,0,0,0,0,0,0,0,0,0,0
2019-04-13,1,0.0,0,0,0,0,0,0,0,0,0,1
2019-04-12,7,0.27427142857142855,0,0,0,0,1,0,0,0,0,0
2019-04-11,9,0.15873333333333334,0,0,0,0,0,1,0,0,0,0
2019-04-10,11,0.4221181818181819,0,0,0,0,0,0,0,0,0,0
2019-04-09,9,0.22063333333333335,0,0,0,0,0,0,0,0,0,0
2019-04-08,5,0.35512,0,0,0,0,0,0,0,0,0,0
2019-04-07,6,0.28071666666666667,0,0,0,1,0,0,0,0,0,0
2019-04-06,3,0.06719999999999998,0,0,0,0,0,0,0,1,0,0
2019-04-05,4,0.12327500000000001,0,0,0,0,1,0,0,0,0,0
2019-04-04,4,0.354375,0,0,0,0,0,0,0,0,0,0
2019-04-03,15,0.1861133333333333,0,0,0,0,0,0,0,0,0,0
2019-04-02,16,0.09513749999999999,0,0,0,0,0,0,0,0,0,0
2019-04-01,4,0.059675000000000006,0,0,0,0,0,0,0,0,0,0
2019-03-31,3,0.21996666666666664,0,0,0,0,0,0,0,0,0,0
2019-03-30,3,0.5623333333333332,0,0,0,0,0,0,0,0,0,0
2019-03-29,3,-0.19433333333333333,0,0,0,0,0,0,0,0,0,0
2019-03-27,2,0.66015,0,0,0,0,0,0,0,0,0,0
2019-03-26,4,0.521275,0,0,1,0,0,0,0,0,0,0
2019-03-25,4,0.2005,0,0,0,0,0,0,0,0,0,0
2019-03-24,2,0.0,0,0,0,1,0,0,0,0,0,0
2019-03-23,7,0.33844285714285716,0,0,0,0,0,0,0,0,0,0
2019-03-22,3,0.0,0,0,0,0,0,0,0,0,0,0
2019-03-21,6,-0.14825,0,0,0,0,0,0,0,0,0,0
2019-03-20,4,0.025674999999999996,0,0,0,0,0,0,0,0,0,0
2019-03-19,4,0.351825,0,0,0,0,0,0,0,0,0,0
2019-03-18,3,0.13396666666666665,0,0,0,1,0,0,0,0,0,0
2019-03-17,5,-0.33002000000000004,0,0,0,0,0,0,0,0,0,0
2019-03-16,3,-0.021333333333333315,0,0,0,0,0,0,0,1,0,0
2019-03-15,5,0.035699999999999996,0,0,0,0,0,0,0,0,0,0
2019-03-14,2,0.31245,0,0,0,0,0,0,0,0,0,0
2019-03-13,3,-0.09639999999999999,0,0,0,0,0,0,0,0,0,0
2019-03-12,6,0.04083333333333333,0,0,0,0,0,0,0,0,0,0
2019-03-11,3,0.24183333333333334,0,0,0,0,0,0,0,0,0,0
2019-03-10,8,0.18903750000000002,0,0,0,0,0,0,0,0,0,0
2019-03-09,2,-0.47525,0,0,0,0,0,0,0,0,0,0
2019-03-08,2,0.0,0,0,0,0,0,0,0,0,0,0
2019-03-07,7,0.28574285714285713,0,0,0,0,0,0,0,0,0,0
2019-03-06,9,0.12990000000000002,0,0,0,0,0,0,0,0,0,0
2019-03-05,4,0.185475,0,0,0,0,0,0,0,0,0,0
2019-03-04,3,0.017599999999999994,0,0,0,0,0,0,0,0,0,0
2019-03-03,4,0.262725,0,0,0,0,0,0,0,0,0,0
2019-03-02,2,0.0,0,0,0,0,0,0,0,0,0,0
2019-03-01,8,-0.14821250000000002,0,0,0,0,0,0,0,0,0,0
2019-02-28,4,0.10337500000000001,0,0,0,0,0,0,0,0,0,0
2019-02-27,3,0.1468,0,0,0,0,0,0,0,0,0,0
2019-02-26,5,0.19445999999999997,0,0,0,0,0,0,0,0,0,0
2019-02-25,4,0.26955,0,0,0,0,0,0,0,0,0,0
2019-02-24,6,0.11401666666666666,0,0,0,0,0,0,0,0,0,0
2019-02-23,3,0.5553333333333333,0,0,0,0,1,0,0,0,0,0
2019-02-22,1,0.0,0,0,0,0,0,0,0,0,0,0
2019-02-21,3,0.09256666666666667,0,0,0,0,0,0,0,0,0,0
2019-02-20,5,-0.17206000000000002,0,0,0,0,0,0,0,0,0,0
2019-02-19,5,0.0,0,0,0,0,0,0,0,0,0,0
2019-02-18,4,-0.1147,0,0,0,0,0,0,0,0,0,0
2019-02-17,3,0.3718333333333333,0,0,0,0,0,0,0,0,0,0
2019-02-16,1,0.0,0,0,0,0,0,0,0,0,0,0
2019-02-15,3,0.4665333333333333,0,0,0,0,0,0,0,0,0,0
2019-02-14,3,-0.06126666666666667,0,0,0,0,0,0,0,0,0,0
2019-02-13,7,0.4187142857142857,0,0,0,0,0,0,0,0,0,0
2019-02-12,5,0.40332,0,0,0,0,0,0,0,1,0,0
2019-02-11,2,0.4391,0,0,0,0,0,0,0,0,0,0
2019-02-10,3,0.4629666666666667,0,0,0,0,0,0,0,0,0,0
2019-02-09,3,0.40090000000000003,0,0,0,0,0,0,0,1,0,0
2019-02-08,7,0.2767142857142857,0,0,0,0,0,0,0,0,0,0
2019-02-06,5,0.20022,0,0,0,0,0,0,0,0,0,0
2019-02-05,5,0.15676,0,0,0,0,0,0,0,0,0,0
2019-02-04,2,0.0,0,0,0,0,0,0,0,0,0,0
2019-02-02,3,0.5765999999999999,0,0,0,0,0,0,0,1,0,0
2019-02-01,4,0.1861,0,0,0,0,0,0,0,0,0,0
2019-01-31,4,0.23217500000000002,0,0,0,0,0,0,0,0,0,0
2019-01-30,6,0.4251833333333333,0,0,0,0,0,0,0,0,0,0
2019-01-29,4,-0.2055,0,0,0,1,0,0,0,0,0,0
2019-01-28,5,-0.3103,0,0,0,0,0,0,0,0,0,0
2019-01-26,1,0.0,0,0,0,0,0,0,0,0,0,0
2019-01-25,4,0.38285,0,0,0,0,0,0,0,0,0,0
2019-01-24,3,0.09406666666666667,0,0,0,0,0,0,0,0,0,0
2019-01-23,5,0.14850000000000002,0,0,0,0,0,0,0,0,0,0
2019-01-22,3,0.4559666666666667,0,0,0,0,0,0,0,0,0,0
2019-01-21,5,0.0688,0,0,0,0,0,0,0,0,0,0
2019-01-20,3,0.4839333333333333,0,0,0,0,0,0,0,0,0,0
2019-01-19,4,0.14525,0,0,0,0,0,0,0,0,0,0
2019-01-18,2,-0.0129,0,0,0,0,0,0,0,0,0,0
2019-01-17,6,0.14090000000000005,0,0,0,0,0,0,0,0,0,0
2019-01-16,1,0.5859,0,0,0,0,0,0,0,0,0,0
2019-01-14,3,0.26356666666666667,0,0,0,0,0,0,0,0,0,0
2019-01-13,2,0.10115,0,0,0,0,0,0,0,0,0,0
2019-01-12,3,0.19776666666666665,0,0,0,0,0,0,0,0,0,0
2019-01-11,2,0.0,0,0,0,0,0,0,0,0,0,0
2019-01-10,11,-0.03137272727272727,0,0,0,0,0,0,0,0,0,0
2019-01-09,5,-0.04433999999999998,0,0,0,0,0,0,0,0,0,0
2019-01-08,6,0.1727,0,0,0,0,0,0,0,0,0,0
2019-01-07,5,0.0010800000000000087,0,0,0,0,0,0,0,0,0,0
2019-01-06,5,0.44424,0,0,0,0,0,0,0,0,0,0
2019-01-05,2,0.1806,0,0,0,0,0,0,0,0,0,0
2019-01-04,4,0.40965,0,0,0,0,0,0,0,0,0,0
2019-01-03,6,0.2968,0,0,0,0,0,0,0,0,0,0
2019-01-02,6,0.26295,0,0,0,0,0,0,0,0,0,0
2019-01-01,3,0.48633333333333334,0,0,0,0,0,0,0,0,0,0
2018-12-31,4,-0.448925,0,0,0,0,0,0,0,0,0,0
2018-12-30,4,-0.245425,0,0,0,0,0,0,0,0,0,0
2018-12-29,3,0.07826666666666669,0,0,0,0,0,0,0,0,0,0
2018-12-28,8,-0.08542499999999999,0,0,0,0,0,0,0,0,0,0
2018-12-27,3,0.0092,0,0,0,0,0,0,0,0,0,0
2018-12-26,7,-0.17340000000000003,0,0,0,0,0,0,0,0,0,0
2018-12-25,1,0.0,0,0,0,0,0,0,0,0,0,0
2018-12-24,5,0.3128000000000001,0,0,0,0,0,0,0,0,0,0
2018-12-23,2,0.3506,0,0,0,0,0,0,0,0,0,0
2018-12-21,3,0.20836666666666667,0,0,0,0,0,0,0,0,0,0
2018-12-20,5,0.19056,0,0,0,0,0,0,0,0,0,0
2018-12-19,6,0.41075,0,0,0,0,0,0,0,0,0,0
2018-12-18,13,0.011715384615384631,0,0,0,0,0,0,0,0,0,0
2018-12-17,7,-0.0307142857142857,0,0,0,0,0,0,0,0,0,0
2018-12-16,6,-0.33454999999999996,0,0,0,0,0,0,0,0,0,0
2018-12-15,5,0.10447999999999999,0,0,0,0,0,0,0,0,0,0
2018-12-14,7,-0.1142857142857143,0,0,0,0,0,0,0,0,0,0
2018-12-13,5,0.10657999999999998,0,0,0,0,0,0,0,0,0,0
2018-12-12,3,0.025866666666666666,0,0,0,0,0,0,0,0,0,0
2018-12-11,3,0.41606666666666675,0,0,0,0,0,0,0,1,0,0
2018-12-10,2,-0.0386,0,0,0,0,0,0,0,0,0,0
2018-12-09,1,-0.8126,0,0,0,0,0,0,0,0,0,0
2018-12-08,3,-0.5486666666666666,0,0,0,0,0,0,0,0,0,0
2018-12-07,5,-0.30848,0,0,0,0,0,0,0,0,0,0
2018-12-06,2,0.3375,0,0,0,0,0,0,0,0,0,0
2018-12-05,3,0.0,0,0,0,0,0,0,0,0,0,0
2018-12-04,4,0.46775,0,0,0,0,0,0,0,0,0,0
2018-12-03,7,-0.0355285714285714,0,0,0,0,0,0,0,0,0,0
2018-12-02,2,0.7274,0,0,0,0,0,0,0,1,0,0
2018-12-01,3,0.11333333333333334,0,0,0,0,0,0,0,0,0,0
2018-11-30,3,0.07623333333333332,0,0,0,0,0,0,0,0,0,0
2018-11-29,6,0.45963333333333334,0,0,0,0,0,0,0,0,0,0
2018-11-28,8,0.13327499999999998,0,0,0,0,0,0,0,0,0,0
2018-11-27,12,0.10254999999999999,0,0,0,1,0,0,0,0,0,0
2018-11-26,14,0.26747857142857145,0,0,0,0,0,0,0,0,0,0
2018-11-25,8,0.118675,0,0,0,0,0,0,0,0,0,0
2018-11-24,8,-0.013774999999999996,0,0,0,0,0,0,0,0,0,0
2018-11-23,5,0.08624000000000001,0,0,0,0,0,1,0,1,0,0
2018-11-22,5,0.22666,0,0,0,0,0,0,0,0,0,0
2018-11-21,10,0.11864999999999999,0,0,0,0,1,0,0,1,0,0
2018-11-20,9,-0.12668888888888888,0,0,0,0,0,0,0,0,0,0
2018-11-19,14,0.17082857142857147,0,0,0,0,0,0,0,0,0,0
2018-11-18,1,0.25,0,0,0,0,0,0,0,0,0,0
2018-11-17,3,-0.10753333333333333,0,0,0,0,0,0,0,0,0,0
2018-11-16,6,0.07100000000000001,0,0,0,0,0,0,0,0,0,0
2018-11-15,8,0.06461249999999999,0,0,0,0,0,0,0,0,0,0
2018-11-14,15,0.00045333333333332784,0,0,0,0,0,0,0,0,0,0
2018-11-13,4,0.370475,0,0,0,0,0,0,0,0,0,0
2018-11-12,6,-0.09103333333333334,0,0,0,0,0,0,0,0,0,0
2018-11-11,5,-0.11494,0,0,0,0,0,0,0,0,0,0
2018-11-10,2,0.515,0,0,0,0,0,0,0,0,0,0
2018-11-09,1,0.5244,0,0,0,0,0,0,0,0,0,0
2018-11-08,7,0.32889999999999997,0,0,0,0,0,0,0,0,0,0
2018-11-07,2,-0.148,0,0,0,0,0,0,0,0,0,0
2018-11-06,4,0.04265000000000001,0,0,0,0,0,0,0,0,0,0
2018-11-05,2,-0.2256,0,0,0,0,0,0,0,0,0,0
2018-11-04,3,-0.1649,0,0,0,0,0,0,0,0,0,0
2018-11-03,4,0.4199,0,0,0,0,0,0,0,0,0,0
2018-11-02,3,0.5394,0,0,0,0,1,0,0,0,0,0
2018-11-01,2,0.01535000000000003,0,0,0,0,0,0,0,0,0,0
2018-10-31,11,0.16457272727272726,0,0,0,0,0,0,0,0,0,0
2018-10-30,2,0.3294,0,0,0,0,0,0,0,0,0,0
2018-10-29,4,0.313025,0,0,0,0,0,0,0,0,0,0
2018-10-28,2,0.67595,0,0,0,0,0,0,0,0,0,0
2018-10-27,4,0.5278499999999999,0,0,0,0,0,0,0,0,0,0
2018-10-26,4,0.0,0,0,0,0,1,0,0,0,0,0
2018-10-25,8,0.28793749999999996,0,0,0,0,0,0,0,0,0,0
2018-10-24,5,0.23113999999999998,0,0,0,0,0,0,0,0,0,0
2018-10-23,5,0.22876000000000002,0,0,0,0,0,0,0,0,0,0
2018-10-22,7,0.48769999999999997,0,0,0,0,0,0,0,0,0,0
2018-10-21,3,0.035599999999999986,0,0,0,0,0,0,0,0,0,0
2018-10-20,4,0.106525,0,0,0,0,0,0,0,1,0,0
2018-10-19,8,0.10065,0,0,0,0,1,0,0,0,0,0
2018-10-18,6,0.1615,0,0,0,0,0,0,0,0,0,0
2018-10-17,10,0.07829,0,0,0,0,0,0,0,0,0,0
2018-10-16,3,0.3881666666666666,0,0,0,0,0,0,0,0,0,0
2018-10-15,5,0.3528,0,0,0,0,0,0,0,0,0,0
2018-10-14,7,0.1631142857142857,0,0,0,0,0,0,0,0,0,0
2018-10-13,4,0.26375,0,0,0,0,0,0,0,0,0,0
2018-10-12,3,0.15593333333333334,0,0,0,0,0,0,0,0,0,0
2018-10-11,9,0.007666666666666661,0,0,0,0,0,0,0,0,0,0
2018-10-10,4,-0.038275,0,0,0,0,0,0,0,0,0,0
2018-10-09,4,0.06522499999999999,0,0,0,0,0,0,0,0,0,0
2018-10-08,3,0.5428000000000001,0,0,0,0,0,0,0,0,0,0
2018-10-07,6,0.06438333333333332,0,0,0,0,0,0,0,0,0,0
2018-10-06,1,0.056,0,0,0,0,0,0,0,0,0,0
2018-10-05,5,0.19878,0,0,0,0,0,0,0,0,0,0
2018-10-04,8,0.30965,0,0,0,0,0,0,0,0,0,0
2018-10-03,3,-0.10606666666666666,0,0,0,0,0,0,0,0,0,0
2018-10-02,2,0.2294,0,0,0,0,0,0,0,0,0,0
2018-10-01,4,0.024575,0,0,0,0,0,0,0,0,0,0
2018-09-30,2,0.11660000000000001,0,0,0,0,0,0,0,0,0,0
2018-09-29,1,-0.2401,0,0,0,0,0,0,0,0,0,0
2018-09-28,5,0.2254,0,0,0,0,0,0,0,0,0,0
2018-09-27,2,-0.0129,0,0,0,0,0,0,0,0,0,0
2018-09-26,4,0.032,0,0,0,0,0,0,0,0,0,0
2018-09-25,3,-0.26086666666666664,0,0,0,0,0,0,0,0,0,0
2018-09-24,2,0.20095,0,0,0,0,0,0,0,0,0,0
2018-09-23,2,0.1217,0,0,0,0,0,0,0,0,0,0
2018-09-22,5,0.2338,0,0,0,0,0,0,0,0,0,0
2018-09-21,3,0.12726666666666667,0,0,0,0,0,0,0,0,0,0
2018-09-20,5,0.19186,0,0,0,0,0,0,0,0,0,0
2018-09-19,4,0.5307,0,0,0,0,0,0,0,0,0,0
2018-09-18,3,0.1708333333333333,0,0,0,0,0,0,0,0,0,0
2018-09-17,6,-0.07171666666666665,0,0,0,0,0,0,0,0,0,0
2018-09-16,4,0.27190000000000003,0,0,0,0,0,0,0,0,0,0
2018-09-15,4,0.253475,0,0,0,0,0,0,0,0,0,0
2018-09-14,6,0.3193,0,0,0,0,0,0,0,0,0,0
2018-09-13,4,0.197525,0,0,0,0,0,0,0,0,0,0
2018-09-12,4,-0.279525,0,0,0,0,0,0,0,0,0,0
2018-09-11,3,0.06596666666666667,0,0,0,0,0,0,0,0,0,0
2018-09-10,10,-0.13902,0,0,0,0,0,0,0,0,0,0
2018-09-09,6,0.23939999999999997,0,0,0,0,0,0,0,0,0,0
2018-09-08,6,-0.10139999999999999,0,0,0,0,0,0,0,0,0,0
2018-09-07,14,0.08134285714285715,0,0,0,0,0,0,0,0,0,0
2018-09-06,11,-0.036454545454545455,0,0,0,0,0,0,0,1,0,0
2018-09-05,6,0.3071333333333333,0,0,0,0,0,0,0,0,0,0
2018-09-04,7,0.043314285714285715,0,0,0,0,0,0,0,1,0,0
2018-09-03,9,0.14492222222222226,0,0,0,0,0,0,0,1,0,0
2018-09-02,5,-0.0369,0,0,0,0,0,0,0,0,0,0
2018-09-01,2,0.43095,0,0,0,0,0,0,0,0,0,0
2018-08-31,4,-0.048025,0,0,0,0,1,0,0,0,0,0
2018-08-30,10,0.34834000000000004,0,0,0,0,0,0,0,0,0,0
2018-08-29,2,0.125,0,0,0,0,0,0,0,0,0,0
2018-08-28,3,0.4825,0,0,0,0,0,0,0,0,0,0
2018-08-27,4,0.29575,0,0,0,0,0,0,0,0,0,0
2018-08-26,6,-0.03951666666666668,0,0,0,0,0,0,0,0,0,0
2018-08-25,7,0.19250000000000003,0,0,0,0,0,0,0,0,0,0
2018-08-24,5,-0.009040000000000003,0,0,0,0,0,0,0,0,0,0
2018-08-23,10,0.1477,0,0,0,0,0,0,0,0,0,0
2018-08-22,7,0.048071428571428564,0,0,0,0,0,0,0,0,0,0
2018-08-21,9,0.15366666666666667,0,0,0,0,0,0,0,0,0,0
2018-08-20,2,0.0,0,0,0,0,0,0,0,0,0,0
2018-08-19,4,0.201425,0,0,0,0,0,0,0,0,0,0
2018-08-18,1,-0.2292,0,0,0,0,0,0,0,0,0,0
2018-08-17,6,-0.01848333333333335,0,0,0,0,0,0,0,0,0,0
2018-08-16,6,0.14805000000000001,0,0,0,0,0,0,0,0,0,0
2018-08-15,5,0.11621999999999999,0,0,0,0,0,0,0,0,0,0
2018-08-14,12,-0.010591666666666666,0,0,0,0,0,0,0,0,0,0
2018-08-13,5,0.34191999999999995,0,0,0,0,0,0,0,0,0,0
2018-08-12,2,0.5892499999999999,0,0,0,0,0,0,0,0,0,0
2018-08-11,5,0.38160000000000005,0,0,0,0,0,0,0,0,0,0
2018-08-10,8,0.14734999999999998,0,0,0,0,1,0,0,0,0,0
2018-08-09,5,-0.17725999999999997,0,0,0,0,0,0,0,0,0,0
2018-08-08,7,0.02907142857142859,0,0,0,0,0,0,0,0,0,0
2018-08-07,4,0.1472,0,0,0,0,0,0,0,0,0,0
2018-08-06,3,-0.10426666666666667,0,0,0,0,0,0,0,0,0,0
2018-08-05,4,0.0949,0,0,0,0,0,0,0,0,0,0
2018-08-04,2,0.2377,0,0,0,0,0,0,0,0,0,0
2018-08-03,9,0.11249999999999998,0,0,0,0,0,0,0,0,0,0
2018-08-02,5,0.16892000000000001,0,0,0,0,0,0,0,0,0,0
2018-08-01,8,-0.005537499999999987,0,0,0,0,0,0,0,0,0,0
2018-07-31,5,0.29141999999999996,0,0,0,0,0,0,0,0,0,0
2018-07-30,8,0.045250000000000005,0,0,0,0,0,0,0,0,0,0
2018-07-29,1,0.847,0,0,0,0,0,0,0,0,0,0
2018-07-28,5,-0.21486,0,0,0,0,0,0,0,0,0,0
2018-07-27,8,0.23678749999999998,0,0,0,0,1,0,0,0,0,0
2018-07-26,9,0.4502333333333334,0,0,0,0,0,0,0,0,0,0
2018-07-25,5,0.13893999999999998,0,0,0,0,0,0,0,0,0,0
2018-07-24,8,0.1389625,0,0,0,0,0,0,0,0,0,0
2018-07-23,8,0.11699999999999999,0,0,0,0,0,0,0,0,0,0
2018-07-22,2,0.4201,0,0,0,0,0,0,0,0,0,0
2018-07-21,2,0.05445,0,0,0,0,0,0,0,0,0,0
2018-07-20,7,-0.07528571428571428,0,0,0,0,1,0,0,0,0,0
2018-07-19,7,0.1382142857142857,0,0,0,0,0,0,0,0,0,0
2018-07-18,10,0.43934000000000006,0,0,0,0,1,0,0,0,0,0
2018-07-17,11,0.11156363636363639,0,0,0,0,0,0,0,0,0,0
2018-07-16,3,0.1752,0,0,0,0,0,0,0,0,0,0
2018-07-15,1,0.0,0,0,0,0,0,0,0,0,0,0
2018-07-14,1,0.0,0,0,0,0,0,0,0,0,0,0
2018-07-13,3,0.13396666666666665,0,0,0,0,0,0,0,0,0,0
2018-07-12,4,0.22965000000000002,0,0,0,0,0,0,0,0,0,0
2018-07-11,6,0.10693333333333334,0,0,0,0,0,0,0,0,0,0
2018-07-10,4,0.067025,0,0,0,0,0,0,0,0,0,0
2018-07-09,7,0.27048571428571433,0,0,0,0,0,0,0,0,0,0
2018-07-08,1,0.0,0,0,0,0,0,0,0,0,0,0
2018-07-07,1,-0.2263,0,0,0,0,0,0,0,0,0,0
2018-07-06,7,0.23285714285714285,0,0,0,0,0,0,0,0,0,0
2018-07-05,1,0.0,0,0,0,0,0,0,0,0,0,0
2018-07-04,6,0.2353833333333333,0,0,0,0,0,0,0,0,0,0
2018-07-03,2,0.4178,0,0,0,0,0,0,0,0,0,0
2018-07-02,9,0.21457777777777778,0,0,0,0,0,0,0,0,0,0
2018-07-01,3,-0.5173,0,0,0,0,0,0,0,0,0,0
2018-06-30,7,-0.2374857142857143,0,0,0,0,0,0,0,0,0,0
2018-06-29,11,-0.12319090909090911,0,0,0,0,0,0,0,0,0,0
2018-06-28,4,-0.367025,0,0,0,0,0,0,0,0,0,0
2018-06-27,3,-0.07646666666666667,0,0,0,0,0,0,0,0,0,0
2018-06-26,10,-0.060270000000000004,0,0,0,0,0,0,0,0,0,0
2018-06-25,6,-0.11585000000000001,0,0,0,0,0,0,0,0,0,0
2018-06-24,5,-0.33856,0,0,0,0,0,0,0,0,0,0
2018-06-23,4,0.077225,0,0,0,0,0,0,0,0,0,0
2018-06-22,13,-0.20423846153846154,0,0,0,0,0,0,0,0,0,0
2018-06-21,4,0.20537499999999997,0,0,0,0,0,0,0,0,0,0
2018-06-20,3,-0.23953333333333335,0,0,0,0,0,0,0,0,0,0
2018-06-19,9,-0.03773333333333332,0,0,0,0,0,0,0,0,0,0
2018-06-18,11,0.22575454545454543,0,0,0,0,0,0,0,0,0,0
2018-06-17,7,0.4653571428571429,0,0,0,0,0,0,0,1,0,0
2018-06-16,5,0.33346,0,0,0,0,0,0,0,0,0,0
2018-06-15,3,-0.05319999999999999,0,0,0,0,0,0,0,0,0,0
2018-06-14,10,0.044120000000000006,0,0,0,0,0,0,0,1,0,0
2018-06-13,9,0.036033333333333334,0,0,0,0,0,0,0,0,0,0
2018-06-12,5,0.37778,0,0,0,0,0,0,0,0,0,0
2018-06-11,9,0.0014222222222222197,0,0,0,0,0,0,0,0,0,0
2018-06-10,7,0.24780000000000005,0,0,0,0,0,0,0,0,0,0
2018-06-09,1,0.0,0,0,0,0,0,0,0,0,0,0
2018-06-08,7,-0.004357142857142861,0,0,0,0,0,0,0,0,0,0
2018-06-07,5,-0.01983999999999999,0,0,0,0,0,0,0,0,0,0
2018-06-06,7,-0.044657142857142854,0,0,0,0,0,0,0,0,0,0
2018-06-05,5,0.25336,0,0,0,0,0,0,0,0,0,0
2018-06-04,3,-0.08333333333333333,0,0,0,0,0,0,0,0,0,0
2018-06-03,4,-0.03447499999999999,0,0,0,0,0,0,0,0,0,0
2018-06-02,5,-0.10322,0,0,0,0,0,0,0,0,0,0
2018-06-01,4,0.204175,0,0,0,0,0,0,0,0,0,0
2018-05-31,7,0.10232857142857142,0,0,0,0,0,0,0,0,0,0
2018-05-30,3,0.07913333333333335,0,0,0,0,0,0,0,0,0,0
2018-05-29,2,0.50395,0,0,0,0,0,0,0,0,0,0
2018-05-28,5,0.14756,0,0,0,0,0,0,0,0,0,0
2018-05-27,5,0.0,0,0,0,0,0,0,0,0,0,0
2018-05-26,2,0.17204999999999998,0,0,0,0,0,0,0,0,0,0
2018-05-25,3,-0.0376,0,0,0,0,0,0,0,0,0,0
2018-05-24,9,0.15953333333333333,0,0,0,0,0,0,0,0,0,0
2018-05-23,10,0.12382,0,0,0,0,0,1,0,0,0,0
2018-05-22,13,0.3972461538461538,0,0,0,0,0,0,0,0,0,0
2018-05-21,7,0.16954285714285716,0,0,0,0,0,0,0,0,0,0
2018-05-20,4,-0.07910000000000002,0,0,0,0,0,0,0,0,0,0
2018-05-19,2,-0.543,0,0,0,0,0,0,0,0,0,0
2018-05-18,12,-0.01153333333333334,0,0,0,0,0,0,0,0,0,0
2018-05-17,8,0.33443749999999994,0,0,0,0,0,0,0,0,0,0
2018-05-16,3,0.40053333333333335,0,0,0,0,0,0,0,0,0,0
2018-05-15,6,-0.17683333333333331,0,0,0,0,0,0,0,0,0,0
2018-05-14,4,0.431775,0,0,0,0,0,0,0,0,0,0
2018-05-13,4,-0.147975,0,0,0,0,0,0,0,0,0,0
2018-05-12,5,0.41925999999999997,0,0,0,0,0,0,0,0,0,0
2018-05-11,2,-0.1366,0,0,0,0,0,0,0,0,0,0
2018-05-10,9,0.1801555555555555,0,0,0,0,0,0,0,0,0,0
2018-05-09,3,0.0086,0,0,0,0,0,0,0,0,0,0
2018-05-08,6,-0.10588333333333333,0,0,0,0,0,0,0,0,0,0
2018-05-07,4,0.0923,0,0,0,0,0,0,0,0,0,0
2018-05-06,2,-0.29415,0,0,0,0,0,0,0,0,0,0
2018-05-05,12,0.045775,0,0,0,0,0,0,0,0,0,0
2018-05-04,7,0.3542428571428572,0,0,0,0,0,0,0,0,0,0
2018-05-03,12,0.056641666666666673,0,0,0,0,0,0,0,1,0,0
2018-05-02,3,0.15293333333333334,0,0,0,0,0,0,0,0,0,0
2018-05-01,5,0.03424000000000001,0,0,0,0,0,0,0,0,0,0
2018-04-30,5,0.13835999999999998,0,0,0,0,0,0,0,0,0,0
2018-04-29,1,0.0,0,0,0,0,0,0,0,0,0,0
2018-04-28,9,0.20078888888888888,0,0,0,0,0,0,0,0,0,0
2018-04-27,12,0.15255,0,0,0,0,0,0,0,0,0,0
2018-04-26,13,-0.002830769230769235,0,0,0,0,0,0,0,0,0,0
2018-04-25,11,0.06530909090909091,0,0,0,0,0,0,0,0,0,0
2018-04-24,10,0.17223,0,0,0,0,0,0,0,1,0,0
2018-04-23,9,0.16983333333333334,0,0,0,0,0,0,0,0,0,0
2018-04-22,22,0.1792,0,0,0,0,0,0,0,0,0,0
2018-04-21,5,0.14756,0,0,0,0,0,0,0,0,0,0
2018-04-20,10,0.22593999999999997,0,0,0,0,0,0,0,0,0,0
2018-04-19,4,-0.025825,0,0,0,0,0,0,0,0,0,0
2018-04-18,5,0.34734,0,0,0,0,0,0,0,0,0,0
2018-04-17,3,-0.09866666666666667,0,0,0,0,0,0,0,0,0,0
2018-04-16,4,0.15175,0,0,0,0,0,0,0,0,0,0
2018-04-15,3,0.021166666666666667,0,0,0,0,0,0,0,1,0,0
2018-04-14,5,0.29294000000000003,0,0,0,0,0,0,0,0,0,0
2018-04-13,11,0.12740909090909092,0,0,0,0,0,0,0,0,0,0
2018-04-12,12,0.11540833333333333,0,0,0,0,0,0,0,0,0,0
2018-04-11,4,0.420925,0,0,0,0,0,0,0,0,0,0
2018-04-10,2,0.0267,0,0,0,0,0,0,0,0,0,0
2018-04-09,10,-0.11490999999999998,0,0,0,0,0,0,0,0,0,0
2018-04-08,4,-0.28325,0,0,0,0,0,0,0,0,0,0
2018-04-07,7,-0.14892857142857144,0,0,0,0,0,0,0,0,0,0
2018-04-06,5,0.007619999999999999,0,0,0,0,0,0,0,0,0,0
2018-04-05,6,0.039116666666666654,0,0,0,0,0,0,0,0,0,0
2018-04-04,5,-0.012960000000000005,0,0,0,0,0,0,0,0,0,0
2018-04-03,7,0.1671857142857143,0,0,0,0,0,0,0,0,0,0
2018-04-02,6,0.2025,0,0,0,0,0,0,0,0,0,0
2018-04-01,2,-0.17135,0,0,0,0,0,0,0,0,0,0
2018-03-31,2,0.2097,0,0,0,0,0,0,0,0,0,0
2018-03-30,7,0.38770000000000004,0,0,0,0,0,0,0,0,0,0
2018-03-29,12,-0.04575000000000001,0,0,0,0,1,0,0,0,0,0
2018-03-28,11,0.2747,0,0,0,0,0,0,0,0,0,0
2018-03-27,9,0.0024666666666666665,0,0,0,0,0,0,0,0,0,0
2018-03-26,5,-0.04276,0,0,0,0,0,0,0,0,0,0
2018-03-25,2,0.56945,0,0,0,0,0,0,0,0,0,0
2018-03-24,2,0.19945,0,0,0,0,0,0,0,0,0,0
2018-03-23,5,0.22970000000000002,0,0,0,0,0,0,0,0,0,0
2018-03-22,6,0.14781666666666668,0,0,0,0,0,0,0,0,0,0
2018-03-21,7,0.05195714285714286,0,0,0,0,0,0,0,0,0,0
2018-03-20,4,0.2992,0,0,0,0,0,0,0,0,0,0
2018-03-19,9,0.10951111111111111,0,0,0,0,0,0,0,0,0,0
2018-03-18,2,-0.43745,0,0,0,0,0,0,0,0,0,0
2018-03-17,1,0.0,0,0,0,0,0,0,0,0,0,0
2018-03-16,6,0.2747,0,0,0,0,0,0,0,0,0,0
2018-03-15,6,0.0004000000000000022,0,0,0,0,0,0,0,0,0,0
2018-03-14,8,0.12999999999999998,0,0,0,0,0,0,0,0,0,0
2018-03-13,4,0.09867500000000001,0,0,0,0,0,0,0,0,0,0
2018-03-12,5,-0.06847999999999999,0,0,0,0,0,0,0,1,0,0
2018-03-11,6,-0.2021833333333333,0,0,0,0,0,0,0,0,0,0
2018-03-10,9,0.3652222222222223,0,0,0,0,0,0,0,0,0,0
2018-03-09,10,0.18852,0,0,0,0,0,0,0,0,0,0
2018-03-08,6,-0.16913333333333333,0,0,0,0,0,0,0,0,0,0
2018-03-07,7,0.23102857142857142,0,0,0,0,0,0,0,0,0,0
2018-03-06,10,0.17309000000000002,0,0,0,0,0,0,0,1,0,0
2018-03-05,8,0.0662875,0,0,0,0,0,0,0,0,0,0
2018-03-04,3,0.27973333333333333,0,0,0,0,0,0,0,0,0,0
2018-03-03,2,0.0,0,0,0,0,0,0,0,0,0,0
2018-03-02,8,0.033712500000000006,0,0,0,0,0,0,0,0,0,0
2018-03-01,6,0.5188499999999999,0,0,0,0,0,0,0,0,0,0
2018-02-28,6,0.04676666666666667,0,0,0,0,0,0,0,0,0,0
2018-02-27,11,-0.012627272727272725,0,0,0,0,0,0,0,0,0,0
2018-02-26,5,-0.009960000000000002,0,0,0,0,0,0,0,0,0,0
2018-02-25,1,0.6249,0,0,0,0,0,0,0,0,0,0
2018-02-24,5,0.07602,0,0,0,0,0,0,0,0,0,0
2018-02-23,10,0.12149999999999998,0,0,0,0,0,0,0,0,0,0
2018-02-22,4,0.100475,0,0,0,0,0,0,0,0,0,0
2018-02-21,7,0.17975714285714287,0,0,0,0,0,0,0,0,0,0
2018-02-20,6,0.16263333333333335,0,0,0,0,0,0,0,0,0,0
2018-02-19,8,0.104525,0,0,0,0,0,0,0,0,0,0
2018-02-18,3,0.18789999999999998,0,0,0,0,0,0,0,0,0,0
2018-02-17,6,0.32555,0,0,0,0,0,0,0,0,0,0
2018-02-16,17,0.03673529411764706,0,0,0,0,0,0,0,0,0,0
2018-02-15,15,-0.02572,0,0,0,0,1,0,0,0,0,0
2018-02-14,14,0.23875000000000002,0,0,0,0,0,0,0,0,0,0
2018-02-13,11,0.07788181818181818,0,0,0,0,0,0,0,0,0,0
2018-02-12,9,0.016355555555555543,0,0,0,0,0,0,0,0,0,0
2018-02-11,5,0.07299999999999998,0,0,0,0,0,0,0,0,0,0
2018-02-10,2,0.413,0,0,0,0,0,0,0,0,0,0
2018-02-09,13,0.19497692307692305,0,0,0,0,0,0,0,0,0,0
2018-02-08,8,-0.03357500000000001,0,0,0,0,0,0,0,0,0,0
2018-02-07,9,0.08012222222222226,0,0,0,0,0,0,0,0,0,0
2018-02-06,18,-0.01525000000000001,0,0,0,0,0,0,0,0,0,0
2018-02-05,14,-0.16414285714285715,0,0,0,0,0,0,0,0,0,0
2018-02-04,6,-0.04805,0,0,0,0,0,0,0,0,0,0
2018-02-03,7,-0.23688571428571428,0,0,0,0,0,0,0,1,0,0
2018-02-02,18,0.014877777777777774,0,0,0,0,0,0,0,1,0,0
2018-02-01,28,0.11520714285714287,0,0,0,0,0,0,0,0,0,0
2018-01-31,16,0.10616249999999999,0,0,0,0,0,0,0,1,0,0
2018-01-30,20,-0.055064999999999996,0,0,0,0,0,0,0,0,0,0
2018-01-29,6,0.1766833333333333,0,0,0,0,0,0,0,1,0,0
2018-01-28,7,0.2032142857142857,0,0,0,0,0,0,0,0,0,0
2018-01-27,4,0.18215,0,0,0,0,0,0,0,0,0,0
2018-01-26,10,-0.00964,0,0,0,0,0,0,0,0,0,0
2018-01-25,22,0.13088636363636366,0,0,0,0,0,0,0,0,0,0
2018-01-24,13,0.09283846153846155,0,0,0,0,0,0,0,0,0,0
2018-01-23,11,0.17054545454545456,0,0,0,0,0,0,0,0,0,0
2018-01-22,12,0.22839999999999996,0,0,0,0,0,0,0,0,0,0
2018-01-21,10,-0.054959999999999995,0,0,0,0,0,0,0,0,0,0
2018-01-20,13,0.08818461538461539,0,0,0,0,0,0,0,0,0,0
2018-01-19,15,-0.03875333333333333,0,0,0,0,0,0,0,0,0,0
2018-01-18,11,0.3094363636363636,0,0,0,0,0,0,0,0,0,0
2018-01-17,25,0.2956000000000001,0,0,0,0,0,0,0,0,0,0
2018-01-16,32,0.12377812499999999,0,0,0,0,0,0,0,0,0,0
2018-01-15,21,0.10829047619047619,0,0,0,0,0,0,0,0,0,0
2018-01-14,5,0.40592000000000006,0,0,0,0,0,0,0,0,0,0
2018-01-13,7,0.21957142857142856,0,0,0,0,0,0,0,0,0,0
2018-01-12,12,0.04748333333333333,0,0,0,0,0,0,0,0,0,0
2018-01-11,14,0.05537857142857142,0,0,0,0,0,0,0,0,0,0
2018-01-10,14,0.10306428571428575,0,0,0,0,0,0,0,0,0,0
2018-01-09,18,-0.06132777777777779,0,0,0,0,0,0,0,0,0,0
2018-01-08,8,0.24862499999999998,0,0,0,0,0,0,0,0,0,0
2018-01-07,10,0.31566,0,0,0,0,0,0,0,0,0,0
2018-01-06,8,0.3134625,0,0,0,0,0,0,0,0,0,0
2018-01-05,13,0.04419230769230769,0,0,0,0,0,0,0,0,0,0
2018-01-04,15,0.07608666666666665,0,0,0,0,0,0,0,0,0,0
2018-01-03,10,0.4032400000000001,0,0,0,0,0,0,0,0,0,0
2018-01-02,12,-0.08469166666666665,0,0,0,0,0,0,0,0,0,0
2018-01-01,6,0.19776666666666667,0,0,0,0,0,0,0,0,0,0
2017-12-31,4,0.542775,0,0,0,0,0,0,0,0,0,0
2017-12-30,10,0.24882999999999997,0,0,0,0,0,0,0,0,0,0
2017-12-29,11,0.07945454545454546,0,0,0,0,0,0,0,0,0,0
2017-12-28,14,0.10347142857142858,0,0,0,0,0,0,0,0,0,0
2017-12-27,11,0.22798181818181817,0,0,0,0,0,0,0,0,0,0
2017-12-26,10,0.1494,0,0,0,0,0,0,0,0,0,0
2017-12-25,10,0.09869,0,0,0,0,0,0,0,0,0,0
2017-12-24,14,-0.017864285714285704,0,0,0,0,0,0,0,0,0,0
2017-12-23,15,0.2841066666666666,0,0,0,0,0,0,0,0,0,0
2017-12-22,46,0.08725,0,0,0,0,0,0,0,1,0,1
2017-12-21,32,0.13980312499999997,0,0,0,0,0,0,0,0,0,0
2017-12-20,25,0.140308,0,0,0,0,0,0,0,0,0,0
2017-12-19,19,0.11617894736842105,0,0,0,0,1,0,0,0,0,0
2017-12-18,27,0.3053296296296297,0,0,0,0,1,0,0,1,0,0
2017-12-17,8,0.3858625,0,0,0,0,0,0,0,0,0,0
2017-12-16,13,0.015046153846153838,0,0,0,0,0,0,0,0,0,0
2017-12-15,20,0.07565,0,0,0,0,1,0,0,0,0,0
2017-12-14,14,0.09695000000000001,0,0,0,0,0,0,0,0,0,0
2017-12-13,15,0.12934,0,0,0,0,0,0,0,0,0,0
2017-12-12,25,0.17403200000000002,0,0,0,0,0,0,0,0,0,0
2017-12-11,28,0.07269285714285714,0,0,0,0,1,0,0,0,0,0
2017-12-10,23,0.1568391304347826,0,0,0,0,0,0,0,0,0,0
2017-12-09,16,0.14623125,0,0,0,0,0,0,0,0,0,0
2017-12-08,29,0.12668965517241382,0,0,0,0,1,0,0,0,0,0
2017-12-07,51,0.17070980392156865,0,0,0,0,0,0,0,0,0,0
2017-12-06,32,0.17841562500000002,0,0,0,0,1,0,0,0,0,0
2017-12-05,11,0.26242727272727273,0,0,0,0,0,0,0,0,0,0
2017-12-04,14,0.13267142857142858,0,0,0,0,0,0,0,0,0,0
2017-12-03,9,0.10351111111111111,0,0,0,0,0,0,0,0,0,0
2017-12-02,10,0.21613,0,0,0,0,0,0,0,0,0,0
2017-12-01,14,0.1944,0,0,0,0,0,0,0,0,0,0
2017-11-30,16,0.16736875,0,0,0,0,0,0,0,0,0,0
2017-11-29,52,0.08205384615384616,0,0,0,0,1,0,0,0,0,0
2017-11-28,24,0.14638749999999998,0,0,0,0,0,0,0,0,0,0
2017-11-27,29,0.19657586206896555,0,0,0,0,0,0,0,0,0,0
2017-11-26,18,0.16958333333333336,0,0,0,0,0,0,0,0,0,0
2017-11-25,3,0.5062666666666668,0,0,0,0,0,0,0,0,0,0
2017-11-24,10,0.013059999999999988,0,0,0,0,0,0,0,0,0,0
2017-11-23,3,0.15813333333333332,0,0,0,0,1,0,0,0,0,0
2017-11-22,8,0.2022125,0,0,0,0,0,0,0,0,0,0
2017-11-21,7,0.10800000000000001,0,0,0,0,0,0,0,0,0,0
2017-11-20,8,-0.0546375,0,0,0,0,0,0,0,0,0,0
2017-11-19,5,0.10258,0,0,0,0,0,0,0,0,0,0
2017-11-18,9,0.16816666666666666,0,0,0,0,0,0,0,0,0,0
2017-11-17,14,0.26049285714285714,0,0,0,0,0,0,0,0,0,0
2017-11-16,10,0.22244999999999998,0,0,0,0,0,0,0,0,0,0
2017-11-15,19,0.03676315789473684,0,0,0,0,0,0,0,0,0,0
2017-11-14,17,0.23084117647058822,0,0,0,0,0,0,0,0,0,0
2017-11-13,11,-0.02870909090909092,0,0,0,0,0,0,0,0,0,0
2017-11-12,16,0.25915000000000005,0,0,0,0,0,0,0,0,0,0
2017-11-11,6,0.11071666666666669,0,0,0,0,0,0,0,0,0,0
2017-11-10,13,-0.010415384615384621,0,0,0,0,0,0,0,0,0,0
2017-11-09,8,0.1346125,0,0,0,0,0,0,0,0,0,0
2017-11-08,7,0.12397142857142858,0,0,0,0,0,0,0,0,0,0
2017-11-07,4,-0.021449999999999997,0,0,0,0,0,0,0,0,0,0
2017-11-06,12,-0.029808333333333326,0,0,0,0,0,0,0,0,0,0
2017-11-05,3,0.0657,0,0,0,0,0,0,0,0,0,0
2017-11-04,5,-0.0022400000000000198,0,0,0,0,0,0,0,0,0,0
2017-11-03,11,-0.01746363636363636,0,0,0,0,0,0,0,0,0,0
2017-11-02,18,0.06450000000000002,0,0,0,0,0,0,0,0,0,0
2017-11-01,6,0.2179333333333333,0,0,0,0,0,0,0,0,0,0
2017-10-31,9,0.2745666666666666,0,0,0,0,1,0,0,0,0,0
2017-10-30,6,0.2125166666666667,0,0,0,0,0,0,0,0,0,0
2017-10-29,5,0.21681999999999996,0,0,0,0,0,0,0,0,0,0
2017-10-28,2,0.5878,0,0,0,0,0,0,0,0,0,0
2017-10-27,1,0.0,0,0,0,0,0,0,0,0,0,0
2017-10-26,3,-0.08096666666666669,0,0,0,0,0,0,0,0,0,0
2017-10-25,7,0.10538571428571429,0,0,0,0,0,0,0,0,0,0
2017-10-24,13,0.055861538461538456,0,0,0,0,0,0,0,0,0,0
2017-10-23,7,0.03338571428571428,0,0,0,0,0,0,0,0,0,0
2017-10-22,6,0.27595000000000003,0,0,0,0,0,0,0,0,0,0
2017-10-21,10,-0.025139999999999996,0,0,0,0,0,0,0,0,0,0
2017-10-20,12,-0.06891666666666667,0,0,0,0,0,0,0,0,0,0
2017-10-19,3,0.06206666666666668,0,0,0,0,0,0,0,0,0,0
2017-10-18,4,0.0193,0,0,0,0,0,0,0,0,0,0
2017-10-17,4,0.033275,0,0,0,0,0,0,0,0,0,0
2017-10-16,4,0.2731,0,0,0,0,0,0,0,0,0,0
2017-10-15,4,-0.015125000000000013,0,0,0,0,0,0,0,0,0,0
2017-10-14,2,0.5134,0,0,0,0,0,0,0,0,0,0
2017-10-13,11,-0.007536363636363634,0,0,0,0,0,0,0,0,0,0
2017-10-12,15,0.051813333333333336,0,0,0,0,0,0,0,0,0,0
2017-10-11,8,0.07215,0,0,0,0,0,0,0,0,0,0
2017-10-10,20,0.012220000000000005,0,0,0,0,0,0,0,0,0,0
2017-10-09,5,0.46028,0,0,0,0,0,0,0,0,0,0
2017-10-08,5,0.08436,0,0,0,0,0,0,0,0,0,0
2017-10-07,6,0.31434999999999996,0,0,0,0,0,0,0,0,0,0
2017-10-06,5,0.19394,0,0,0,0,0,0,0,0,0,0
2017-10-05,1,0.0,0,0,0,0,0,0,0,0,0,0
2017-10-04,5,0.33358,0,0,0,0,0,0,0,0,0,0
2017-10-03,4,0.111675,0,0,0,0,0,0,0,0,0,0
2017-10-02,3,0.5504666666666667,0,0,0,0,0,0,0,0,0,0
2017-10-01,5,0.21402000000000002,0,0,0,0,0,0,0,0,0,0
2017-09-30,6,0.33620000000000005,0,0,0,0,0,0,0,0,0,0
2017-09-29,5,-0.17038000000000003,0,0,0,0,0,0,0,0,0,0
2017-09-28,5,0.26118,0,0,0,0,0,0,0,0,0,0
2017-09-27,6,0.11318333333333332,0,0,0,0,0,0,0,0,0,0
2017-09-26,4,0.408775,0,0,0,0,0,0,0,0,0,0
2017-09-25,2,0.2202,0,0,0,0,0,0,0,0,0,0
2017-09-24,2,0.7006,0,0,0,0,0,0,0,0,0,0
2017-09-23,3,0.13133333333333333,0,0,0,0,0,0,0,0,0,0
2017-09-22,2,0.1806,0,0,0,0,0,0,0,0,0,0
2017-09-21,6,-0.03690000000000001,0,0,0,0,0,0,0,0,0,0
2017-09-20,5,0.05576000000000001,0,0,0,0,0,0,0,0,0,0
2017-09-19,11,0.2086,0,0,0,0,0,0,0,0,0,0
2017-09-18,5,0.09278,0,0,0,0,0,0,0,0,0,0
2017-09-17,3,-0.17100000000000004,0,0,0,0,0,0,0,0,0,0
2017-09-16,8,0.2299625,0,0,0,0,0,0,0,0,0,0
2017-09-15,16,0.19086874999999998,0,0,0,0,0,0,0,0,0,0
2017-09-14,14,0.13185714285714284,0,0,0,0,0,0,0,0,0,0
2017-09-13,14,0.2001142857142857,0,0,0,0,0,0,0,0,0,0
2017-09-12,5,-0.05314000000000001,0,0,0,0,0,0,0,0,0,0
2017-09-11,6,0.10251666666666666,0,0,0,0,0,0,0,0,0,0
2017-09-10,3,-0.1900333333333334,0,0,0,0,0,0,0,0,0,0
2017-09-09,5,0.08872,0,0,0,0,0,0,0,0,0,0
2017-09-08,2,-0.10115,0,0,0,0,0,0,0,0,0,0
2017-09-07,5,-0.026600000000000002,0,0,0,0,0,0,0,0,0,0
2017-09-06,5,0.11717999999999999,0,0,0,0,0,0,0,0,0,0
2017-09-05,2,0.2787,0,0,0,0,0,0,0,0,0,0
2017-09-04,5,-0.08038,0,0,0,0,0,0,0,0,0,0
2017-09-03,2,0.29295,0,0,0,0,0,0,0,0,0,0
2017-09-02,4,-0.034975000000000006,0,0,0,0,0,0,0,0,0,0
2017-09-01,2,0.0,0,0,0,0,0,0,0,0,0,0
2017-08-31,2,0.22745,0,0,0,0,0,0,0,0,0,0
2017-08-30,2,0.0,0,0,0,0,0,0,0,0,0,0
2017-08-29,5,0.18426,0,0,0,0,0,0,0,0,0,0
2017-08-28,2,0.0,0,0,0,0,0,0,0,0,0,0
2017-08-27,1,0.4404,0,0,0,0,0,0,0,0,0,0
2017-08-24,7,0.2155142857142857,0,0,0,0,0,0,0,0,0,0
2017-08-23,4,0.093525,0,0,0,0,0,0,0,0,0,0
2017-08-22,4,-0.115925,0,0,0,0,0,0,0,0,0,0
2017-08-21,3,0.0,0,0,0,0,0,0,0,0,0,0
2017-08-20,1,0.54,0,0,0,0,0,0,0,0,0,0
2017-08-19,5,0.15314,0,0,0,0,0,0,0,0,0,0
2017-08-18,3,0.32453333333333334,0,0,0,0,0,0,0,0,0,0
2017-08-17,5,0.09582000000000002,0,0,0,0,0,0,0,0,0,0
