,date,tweet_count,daily_sent,narendramodi,amitshah,eos,ryangirdusky,brendanblumer,sentedcruz,elienyc,binance,whcos,yamiche
2021-05-14,2021-05-14,5,0.29104,0,0,1,0,1,0,0,0,0,0
2021-05-13,2021-05-13,36,0.14315,0,0,0,0,1,0,0,0,0,0
2021-05-12,2021-05-12,32,0.011931250000000008,0,0,0,0,0,0,0,0,0,0
2021-05-11,2021-05-11,38,0.013194736842105268,0,0,0,0,0,0,0,0,0,0
2021-05-10,2021-05-10,24,-0.039975000000000004,0,0,0,0,0,0,0,0,0,0
2021-05-09,2021-05-09,12,0.08329999999999999,0,0,1,0,0,0,0,0,0,0
2021-05-08,2021-05-08,16,0.2558125,0,0,0,0,0,0,0,0,0,0
2021-05-07,2021-05-07,34,0.16724117647058825,0,0,0,0,0,0,0,0,0,0
2021-05-06,2021-05-06,17,0.22527058823529408,0,0,1,0,0,0,0,0,0,0
2021-05-05,2021-05-05,14,0.1196857142857143,0,0,0,0,0,0,0,0,0,0
2021-05-04,2021-05-04,14,0.03522857142857143,0,0,0,0,0,0,0,0,0,0
2021-05-03,2021-05-03,8,0.35207499999999997,0,0,0,0,0,0,0,0,0,0
2021-05-02,2021-05-02,4,0.3326,0,0,0,0,0,0,0,0,0,0
2021-05-01,2021-05-01,10,0.30324000000000007,0,0,0,0,0,0,0,0,0,0
2021-04-30,2021-04-30,14,0.3637714285714285,0,0,1,0,0,0,0,0,0,0
2021-04-29,2021-04-29,18,0.27177777777777773,0,0,0,0,0,0,0,0,0,0
2021-04-28,2021-04-28,6,0.14846666666666666,0,0,0,0,0,0,0,0,0,0
2021-04-27,2021-04-27,26,0.37943076923076924,0,0,0,0,0,0,0,0,0,0
2021-04-26,2021-04-26,24,0.051641666666666676,0,0,0,0,0,0,0,0,0,0
2021-04-25,2021-04-25,2,0.0,0,0,0,0,0,0,0,0,0,0
2021-04-24,2021-04-24,8,0.0,0,0,0,0,0,0,0,0,0,0
2021-04-23,2021-04-23,8,0.33595,0,0,0,0,0,0,0,0,0,0
2021-04-22,2021-04-22,4,0.1841,0,0,1,0,0,0,0,0,0,0
2021-04-21,2021-04-21,6,0.0,0,0,0,0,0,0,0,0,0,0
2021-04-20,2021-04-20,4,0.80495,0,0,0,0,1,0,0,0,0,0
2021-04-19,2021-04-19,20,0.22874,0,0,0,0,0,0,0,0,0,0
2021-04-18,2021-04-18,12,0.09611666666666667,0,0,0,0,0,0,0,1,0,0
2021-04-17,2021-04-17,12,-0.055866666666666676,0,0,0,0,0,0,0,0,0,0
2021-04-16,2021-04-16,14,0.30152857142857137,0,0,1,0,0,0,0,0,0,0
2021-04-15,2021-04-15,10,0.26853999999999995,0,0,0,0,0,0,0,0,0,0
2021-04-14,2021-04-14,36,0.1217388888888889,0,0,0,0,0,0,0,0,0,0
2021-04-13,2021-04-13,22,-0.006536363636363633,0,0,0,0,0,0,0,0,0,0
2021-04-12,2021-04-12,16,0.20508749999999998,0,0,0,0,0,0,0,0,0,0
2021-04-11,2021-04-11,6,-0.12040000000000001,0,0,0,0,0,0,0,0,0,0
2021-04-10,2021-04-10,4,0.0577,0,0,0,0,0,0,0,0,0,0
2021-04-09,2021-04-09,26,0.09131538461538462,0,0,0,0,0,0,0,0,0,0
2021-04-08,2021-04-08,20,-0.03371000000000001,0,0,0,0,1,0,0,0,0,0
2021-04-07,2021-04-07,22,0.09582727272727273,0,0,0,0,0,0,0,0,0,0
2021-04-06,2021-04-06,10,0.15933999999999998,0,0,0,0,0,0,0,1,0,0
2021-04-05,2021-04-05,4,0.47255,0,0,0,0,0,0,0,0,0,0
2021-04-04,2021-04-04,8,0.557525,0,0,0,0,1,0,0,0,0,0
2021-04-03,2021-04-03,10,-0.02368,0,0,0,0,0,0,0,0,0,0
2021-04-02,2021-04-02,20,0.11957,0,0,0,0,1,0,0,0,0,0
2021-04-01,2021-04-01,14,0.019785714285714278,0,0,0,0,0,0,0,0,0,0
2021-03-31,2021-03-31,12,0.12116666666666666,0,0,0,0,0,0,0,1,0,0
2021-03-30,2021-03-30,10,0.35842000000000007,0,0,0,0,0,0,0,1,0,0
2021-03-29,2021-03-29,18,0.36336666666666667,0,0,1,0,0,0,0,0,0,0
2021-03-28,2021-03-28,8,0.022500000000000003,0,0,0,0,0,0,0,1,0,0
2021-03-27,2021-03-27,12,0.28275,0,0,0,0,1,0,0,0,0,0
2021-03-26,2021-03-26,12,0.1747,0,0,0,0,0,0,0,0,0,0
2021-03-25,2021-03-25,26,0.23100000000000004,0,0,0,0,0,0,0,0,0,0
2021-03-24,2021-03-24,8,-0.01152499999999998,0,0,0,0,0,0,0,0,0,0
2021-03-23,2021-03-23,2,-0.7808,0,0,0,0,0,0,0,0,0,0
2021-03-22,2021-03-22,18,0.11517777777777777,0,0,1,0,0,0,0,0,0,0
2021-03-21,2021-03-21,6,-0.2654666666666667,0,0,0,0,0,0,0,0,0,0
2021-03-20,2021-03-20,10,0.17773999999999998,0,0,0,0,1,0,0,0,0,0
2021-03-19,2021-03-19,12,0.28826666666666667,0,0,1,0,0,0,0,0,0,0
2021-03-18,2021-03-18,12,-0.015983333333333332,0,0,0,0,0,0,0,0,0,0
2021-03-17,2021-03-17,16,0.26822500000000005,0,0,0,0,0,0,0,1,0,0
2021-03-16,2021-03-16,12,-0.07006666666666665,0,0,0,0,0,0,0,1,0,0
2021-03-15,2021-03-15,14,0.04660000000000001,0,0,0,0,0,0,0,0,0,0
2021-03-14,2021-03-14,8,0.08867499999999999,0,0,0,0,0,0,0,0,0,0
2021-03-13,2021-03-13,4,0.4195,0,0,0,0,0,0,0,0,0,0
2021-03-12,2021-03-12,6,0.5265666666666666,0,0,0,0,0,0,0,0,0,0
2021-03-11,2021-03-11,12,0.18889999999999998,0,0,0,0,0,0,0,0,0,0
2021-03-10,2021-03-10,16,0.2863375000000001,0,0,0,0,0,0,0,0,0,0
2021-03-09,2021-03-09,34,0.1811117647058823,0,0,1,0,0,0,0,0,0,0
2021-03-08,2021-03-08,22,-0.0473,0,0,1,0,0,0,0,0,0,0
2021-03-07,2021-03-07,2,0.1139,0,0,0,0,0,0,0,0,0,0
2021-03-06,2021-03-06,2,0.0184,0,0,0,0,0,0,0,0,0,0
2021-03-05,2021-03-05,24,0.08603333333333335,0,0,0,0,0,0,0,0,0,0
2021-03-04,2021-03-04,8,0.14985,0,0,0,0,0,0,0,0,0,0
2021-03-03,2021-03-03,8,0.220725,0,0,0,0,0,0,0,0,0,0
2021-03-02,2021-03-02,10,0.12589999999999998,0,0,0,0,0,0,0,0,0,0
2021-03-01,2021-03-01,12,0.01889999999999999,0,0,0,0,0,0,0,0,0,0
2021-02-28,2021-02-28,8,0.300925,0,0,0,0,0,0,0,0,0,0
2021-02-27,2021-02-27,14,0.32370000000000004,0,0,0,0,0,0,0,0,0,0
2021-02-26,2021-02-26,26,0.06085384615384616,0,0,0,0,0,0,0,0,0,0
2021-02-25,2021-02-25,18,0.12791111111111111,0,0,0,0,0,0,0,0,0,0
2021-02-24,2021-02-24,18,-0.01785555555555555,0,0,0,0,0,0,0,0,0,0
2021-02-23,2021-02-23,20,0.4518699999999999,0,0,0,0,1,0,0,0,0,0
2021-02-22,2021-02-22,8,0.108175,0,0,0,0,0,0,0,0,0,0
2021-02-21,2021-02-21,12,0.23963333333333336,0,0,0,0,0,0,0,0,0,0
2021-02-20,2021-02-20,18,0.4069666666666667,0,0,1,0,1,0,0,0,0,0
2021-02-19,2021-02-19,8,0.06044999999999998,0,0,0,0,0,0,0,0,0,0
2021-02-18,2021-02-18,16,0.13916250000000002,0,0,0,0,0,0,0,0,0,0
2021-02-17,2021-02-17,16,0.21105000000000002,0,0,0,0,0,0,0,0,0,1
2021-02-16,2021-02-16,16,0.014450000000000005,0,0,0,0,0,0,0,0,0,0
2021-02-15,2021-02-15,18,0.06315555555555556,0,0,0,0,0,0,0,0,0,0
2021-02-14,2021-02-14,10,0.29933999999999994,0,0,0,0,0,0,0,0,0,0
2021-02-13,2021-02-13,18,-0.032888888888888884,0,0,0,0,0,0,0,1,0,0
2021-02-12,2021-02-12,24,0.10187500000000001,0,0,1,0,0,0,0,0,0,0
2021-02-11,2021-02-11,24,0.163075,0,0,1,1,0,0,0,0,0,0
2021-02-10,2021-02-10,18,0.11315555555555558,0,0,0,0,1,0,0,0,0,0
2021-02-09,2021-02-09,28,0.3087642857142857,0,0,0,0,0,0,0,0,0,0
2021-02-08,2021-02-08,26,0.09989230769230771,0,0,0,0,1,0,0,0,0,0
2021-02-07,2021-02-07,20,0.23961000000000002,0,0,0,0,0,0,0,1,1,0
2021-02-06,2021-02-06,14,0.19185714285714286,0,0,0,0,0,0,0,0,0,0
2021-02-05,2021-02-05,32,0.14999375,0,0,1,0,1,0,0,0,0,0
2021-02-04,2021-02-04,18,0.23404444444444447,0,0,0,0,0,0,0,0,0,0
2021-02-03,2021-02-03,36,0.17705,0,0,0,0,0,0,0,0,0,0
2021-02-02,2021-02-02,52,0.06148461538461539,0,0,0,0,0,0,0,0,0,1
2021-02-01,2021-02-01,26,0.09984615384615385,0,0,0,0,0,0,0,0,0,0
2021-01-31,2021-01-31,32,-0.10501875000000001,0,0,0,0,0,0,0,0,0,0
2021-01-30,2021-01-30,46,0.01181739130434784,0,0,0,0,0,0,1,0,0,0
2021-01-29,2021-01-29,42,0.24266666666666664,0,0,0,0,1,0,0,0,0,0
2021-01-28,2021-01-28,114,0.09731578947368422,0,0,0,0,1,0,1,1,0,0
2021-01-27,2021-01-27,46,0.2529521739130435,0,0,0,0,0,0,0,0,0,0
2021-01-26,2021-01-26,34,0.09988235294117646,0,0,0,0,0,0,0,0,0,1
2021-01-25,2021-01-25,24,0.277275,0,0,0,0,0,0,0,1,0,0
2021-01-24,2021-01-24,24,-0.032766666666666666,0,0,0,0,0,0,0,0,0,0
2021-01-23,2021-01-23,34,-0.035082352941176474,0,0,0,1,1,0,0,0,0,0
2021-01-22,2021-01-22,50,-0.000988000000000011,0,0,0,0,1,0,1,0,0,0
2021-01-21,2021-01-21,148,0.16153108108108105,0,0,1,1,0,1,0,0,0,0
2021-01-20,2021-01-20,40,0.09851499999999999,0,0,0,0,0,0,0,1,0,0
2021-01-19,2021-01-19,28,0.1536214285714286,0,0,0,0,0,0,0,0,0,0
2021-01-18,2021-01-18,16,-0.025800000000000003,0,0,0,0,0,0,0,0,0,0
2021-01-17,2021-01-17,6,0.13396666666666665,0,0,0,0,0,0,0,0,0,0
2021-01-16,2021-01-16,4,0.31845,0,0,0,0,0,0,0,0,0,0
2021-01-15,2021-01-15,18,0.3554555555555556,0,0,0,0,1,0,0,0,0,0
2021-01-14,2021-01-14,14,-0.056742857142857143,0,0,0,0,0,0,0,0,0,0
2021-01-13,2021-01-13,24,0.24211666666666665,0,0,0,0,1,0,0,0,0,0
2021-01-12,2021-01-12,14,-0.07674285714285714,0,0,0,0,0,0,0,0,0,0
2021-01-11,2021-01-11,20,0.31465,0,0,0,0,0,0,0,0,0,0
2021-01-10,2021-01-10,22,-0.08738181818181819,0,0,0,0,0,0,0,0,0,0
2021-01-09,2021-01-09,20,0.04934000000000001,0,0,0,0,0,0,0,0,0,0
2021-01-08,2021-01-08,10,0.11717999999999999,0,0,0,0,0,0,0,0,0,0
2021-01-07,2021-01-07,16,0.2868,0,0,0,0,0,0,0,0,0,0
2021-01-06,2021-01-06,28,0.3171928571428571,0,0,1,0,0,0,0,1,0,0
2021-01-05,2021-01-05,30,0.2820066666666667,0,0,0,0,1,0,0,0,0,0
2021-01-04,2021-01-04,24,0.12132499999999997,0,0,1,0,1,0,0,0,0,0
2021-01-03,2021-01-03,16,0.61595,0,0,0,0,1,0,0,0,0,0
2021-01-02,2021-01-02,8,0.5283,0,0,0,0,1,0,0,0,0,0
2021-01-01,2021-01-01,2,0.0,0,0,0,0,0,0,0,0,0,0
2020-12-31,2020-12-31,14,0.13632857142857144,0,0,0,0,0,0,0,0,0,0
2020-12-30,2020-12-30,8,-0.035900000000000015,0,0,0,0,0,0,0,0,0,0
2020-12-29,2020-12-29,8,0.14735,0,0,0,0,0,0,0,0,0,0
2020-12-28,2020-12-28,14,0.27204285714285714,0,0,0,0,0,0,0,0,0,0
2020-12-27,2020-12-27,22,0.1766090909090909,0,0,0,0,0,0,0,0,0,0
2020-12-26,2020-12-26,28,0.14345000000000002,0,0,0,0,0,0,0,0,0,0
2020-12-25,2020-12-25,4,-0.07655,0,0,0,0,0,0,0,0,0,0
2020-12-24,2020-12-24,22,0.04272727272727273,0,0,0,0,0,0,0,0,0,0
2020-12-23,2020-12-23,22,0.2357363636363636,0,0,0,0,0,0,0,0,0,0
2020-12-22,2020-12-22,8,0.21605,0,0,0,0,1,0,0,0,0,0
2020-12-21,2020-12-21,4,0.24695,0,0,0,0,0,0,0,0,0,0
2020-12-20,2020-12-20,8,0.147475,0,0,0,0,0,0,0,0,0,0
2020-12-19,2020-12-19,8,0.19535,0,0,0,0,0,0,0,0,0,0
2020-12-18,2020-12-18,8,0.55155,0,0,0,0,0,0,0,0,0,0
2020-12-17,2020-12-17,18,0.3981111111111111,0,0,0,0,1,0,0,0,0,0
2020-12-16,2020-12-16,12,0.30824999999999997,0,0,0,0,1,0,0,0,0,0
2020-12-15,2020-12-15,6,0.3561,0,0,0,0,0,0,0,0,0,0
2020-12-14,2020-12-14,4,0.5685,0,0,0,0,0,0,0,0,0,0
2020-12-13,2020-12-13,8,0.086,0,0,0,0,0,0,0,0,0,0
2020-12-12,2020-12-12,12,0.22045000000000003,0,0,0,0,0,0,0,0,0,0
2020-12-11,2020-12-11,22,0.17924545454545454,0,0,0,0,1,0,0,0,0,0
2020-12-10,2020-12-10,18,0.31086666666666674,0,0,0,0,1,0,0,0,0,0
2020-12-09,2020-12-09,8,-0.11175,0,0,1,0,0,0,0,0,0,0
2020-12-08,2020-12-08,8,0.5445249999999999,0,0,0,0,0,0,0,0,0,0
2020-12-07,2020-12-07,6,0.0032333333333333103,0,0,0,0,0,0,0,0,0,0
2020-12-06,2020-12-06,4,0.0,0,0,0,0,0,0,0,0,0,0
2020-12-05,2020-12-05,6,-0.3588,0,0,0,0,0,0,0,0,0,0
2020-12-04,2020-12-04,22,0.22965454545454547,0,0,0,0,0,0,0,1,0,0
2020-12-03,2020-12-03,10,0.1868,0,0,0,0,0,0,0,0,0,0
2020-12-02,2020-12-02,12,-0.014833333333333323,0,0,1,0,0,0,0,0,0,0
2020-12-01,2020-12-01,12,-0.12644999999999998,0,0,0,0,0,0,0,0,0,0
2020-11-30,2020-11-30,16,0.23840000000000003,0,0,0,0,1,0,0,1,0,0
2020-11-29,2020-11-29,8,0.3385,0,0,0,0,0,0,0,0,0,0
2020-11-28,2020-11-28,10,0.25056000000000006,0,0,0,0,0,0,0,0,0,0
2020-11-27,2020-11-27,16,0.17764999999999997,0,0,1,0,0,0,0,1,0,0
2020-11-26,2020-11-26,20,0.17641,0,0,1,0,0,0,0,0,0,0
2020-11-25,2020-11-25,16,0.09845000000000001,0,0,0,0,0,0,0,0,0,0
2020-11-24,2020-11-24,20,0.12764,0,0,0,0,0,0,0,0,0,0
2020-11-23,2020-11-23,10,-0.021100000000000008,0,0,0,0,0,0,0,0,0,0
2020-11-22,2020-11-22,16,-0.029137500000000004,0,0,0,0,0,0,0,0,0,0
2020-11-21,2020-11-21,16,-0.00042500000000000523,0,0,0,0,0,0,0,0,0,0
2020-11-20,2020-11-20,24,0.353925,0,0,0,0,0,0,0,0,0,0
2020-11-19,2020-11-19,6,-0.09866666666666667,0,0,0,0,0,0,0,0,0,0
2020-11-18,2020-11-18,8,0.314975,0,0,0,0,1,0,0,0,0,0
2020-11-17,2020-11-17,12,0.26635000000000003,0,0,0,0,0,0,0,1,0,0
2020-11-16,2020-11-16,18,0.37745555555555566,0,0,0,0,0,0,0,0,0,0
2020-11-15,2020-11-15,8,0.15760000000000002,0,0,0,0,0,0,0,0,0,0
2020-11-14,2020-11-14,12,0.20693333333333333,0,0,0,0,0,0,0,0,0,0
2020-11-13,2020-11-13,12,0.4891666666666666,0,0,1,0,0,0,0,0,0,0
2020-11-12,2020-11-12,28,0.19407857142857146,0,0,1,0,0,0,0,0,0,0
2020-11-11,2020-11-11,20,0.15067999999999998,0,0,0,0,0,0,0,0,0,0
2020-11-10,2020-11-10,16,0.45426250000000007,0,0,0,0,1,0,0,0,0,0
2020-11-09,2020-11-09,14,0.12635714285714286,0,0,0,0,0,0,0,0,0,0
2020-11-08,2020-11-08,48,0.09922916666666666,0,0,0,0,0,0,0,0,0,0
2020-11-07,2020-11-07,238,0.43119327731092394,1,1,0,0,1,0,0,0,0,0
2020-11-06,2020-11-06,24,0.14033333333333334,0,0,0,0,0,0,0,0,0,0
2020-11-05,2020-11-05,26,0.2168,0,0,0,0,1,0,0,0,0,0
2020-11-04,2020-11-04,26,0.1486923076923077,0,0,0,0,0,0,0,0,0,0
2020-11-03,2020-11-03,20,0.36358,0,0,0,0,1,0,0,0,0,0
2020-11-02,2020-11-02,20,0.41379,0,0,0,0,0,0,0,0,0,0
2020-11-01,2020-11-01,8,0.355475,0,0,0,0,0,0,0,0,0,0
2020-10-31,2020-10-31,8,-0.28035,0,0,1,0,0,0,0,0,0,0
2020-10-30,2020-10-30,4,0.0386,0,0,0,0,0,0,0,0,0,0
2020-10-29,2020-10-29,16,0.20435000000000003,0,0,1,0,0,0,0,1,0,0
2020-10-28,2020-10-28,16,0.0875375,0,0,0,0,0,0,0,0,0,0
2020-10-27,2020-10-27,12,0.6397500000000002,0,0,1,0,0,0,0,0,0,0
2020-10-26,2020-10-26,14,0.2869428571428571,0,0,1,0,0,0,0,0,0,0
2020-10-25,2020-10-25,14,0.1383142857142857,0,0,0,0,0,0,0,0,0,0
2020-10-24,2020-10-24,12,-0.06523333333333332,0,0,0,0,0,0,0,1,0,0
2020-10-23,2020-10-23,12,-0.049116666666666677,0,0,1,0,0,0,0,0,0,0
2020-10-22,2020-10-22,28,0.15750714285714285,0,0,0,0,0,0,0,1,0,0
2020-10-21,2020-10-21,12,0.22613333333333338,0,0,1,0,1,0,0,0,0,0
2020-10-20,2020-10-20,16,0.1300625,0,0,0,0,0,0,0,0,0,0
2020-10-19,2020-10-19,6,0.20129999999999995,0,0,0,0,0,0,0,0,0,0
2020-10-18,2020-10-18,6,-0.022266666666666685,0,0,0,0,0,0,0,0,0,0
2020-10-17,2020-10-17,4,-0.23835,0,0,0,0,0,0,0,0,0,0
2020-10-16,2020-10-16,20,0.11059,0,0,0,0,0,0,0,1,0,0
2020-10-15,2020-10-15,16,0.33196250000000005,0,0,0,0,0,0,0,0,0,0
2020-10-14,2020-10-14,10,0.50108,0,0,0,0,0,0,0,0,0,0
2020-10-13,2020-10-13,4,-0.10115,0,0,0,0,0,0,0,0,0,0
2020-10-12,2020-10-12,18,0.3675333333333333,0,0,0,0,0,0,0,0,0,0
2020-10-11,2020-10-11,2,0.8264,0,0,0,0,0,0,0,0,0,0
2020-10-10,2020-10-10,4,0.5464,0,0,0,0,1,0,0,0,0,0
2020-10-09,2020-10-09,14,0.3531714285714286,0,0,0,0,1,0,0,0,0,0
2020-10-08,2020-10-08,12,0.14003333333333332,0,0,1,0,0,0,0,0,0,0
2020-10-07,2020-10-07,34,0.16182352941176467,0,0,0,0,1,0,0,0,0,0
2020-10-06,2020-10-06,24,0.31235833333333335,0,0,1,0,1,0,0,0,0,0
2020-10-05,2020-10-05,12,0.17851666666666666,0,0,0,0,0,0,0,0,0,0
2020-10-04,2020-10-04,4,0.0,0,0,0,0,0,0,0,0,0,0
2020-10-03,2020-10-03,6,0.07439999999999998,0,0,0,0,0,0,0,0,0,0
2020-10-02,2020-10-02,10,0.33907999999999994,0,0,0,0,0,0,0,0,0,0
2020-10-01,2020-10-01,20,0.22628000000000004,0,0,0,0,0,0,0,0,0,0
2020-09-30,2020-09-30,14,0.28687142857142856,0,0,0,0,0,0,0,0,0,0
2020-09-29,2020-09-29,10,0.11392,0,0,0,0,0,0,0,0,0,0
2020-09-28,2020-09-28,12,0.0,0,0,0,0,0,0,0,0,0,0
2020-09-27,2020-09-27,8,-0.16822499999999999,0,0,0,0,0,0,0,0,0,0
2020-09-26,2020-09-26,12,0.11973333333333334,0,0,0,0,0,0,0,0,0,0
2020-09-25,2020-09-25,22,0.08458181818181819,0,0,0,0,0,0,0,0,0,0
2020-09-24,2020-09-24,22,0.21797272727272732,0,0,0,0,0,0,0,0,0,0
2020-09-23,2020-09-23,18,0.032855555555555555,0,0,1,0,0,0,0,0,0,0
2020-09-22,2020-09-22,8,0.1147,0,0,0,0,0,0,0,0,0,0
2020-09-21,2020-09-21,14,0.4060571428571428,0,0,0,0,0,0,0,0,0,0
2020-09-20,2020-09-20,6,0.46180000000000004,0,0,0,0,0,0,0,0,0,0
2020-09-19,2020-09-19,6,-0.2235,0,0,0,0,0,0,0,0,0,0
2020-09-18,2020-09-18,10,0.0688,0,0,0,0,0,0,0,0,0,0
2020-09-17,2020-09-17,19,0.13021052631578947,0,0,0,0,0,0,0,0,0,0
2020-09-16,2020-09-16,17,0.22156470588235297,0,0,0,0,0,0,0,0,0,0
2020-09-15,2020-09-15,10,-0.00572,0,0,0,0,0,0,0,0,0,0
2020-09-14,2020-09-14,6,0.1589,0,0,0,0,0,0,0,0,0,0
2020-09-13,2020-09-13,4,0.70285,0,0,0,0,0,0,0,0,0,0
2020-09-12,2020-09-12,6,0.0,0,0,0,0,0,0,0,0,0,0
2020-09-11,2020-09-11,34,0.047470588235294126,0,0,1,0,0,0,0,0,0,0
2020-09-10,2020-09-10,22,0.2509090909090909,0,0,0,0,0,0,0,1,0,0
2020-09-09,2020-09-09,14,0.00755714285714285,0,0,0,0,0,0,0,0,0,0
2020-09-08,2020-09-08,24,0.12366666666666669,0,0,0,0,0,0,0,0,0,0
2020-09-07,2020-09-07,12,0.20856666666666665,0,0,0,0,0,0,0,0,0,0
2020-09-06,2020-09-06,8,0.404625,0,0,0,0,1,0,0,0,0,0
2020-09-05,2020-09-05,30,0.12568666666666667,0,0,0,0,1,0,0,0,0,0
2020-09-04,2020-09-04,32,0.22558750000000002,0,0,1,0,1,0,0,0,0,0
2020-09-03,2020-09-03,16,0.10026249999999998,0,0,0,0,0,0,0,0,0,0
2020-09-02,2020-09-02,22,0.15670909090909094,0,0,1,0,0,0,0,0,0,0
2020-09-01,2020-09-01,28,0.4161500000000001,0,0,1,0,1,0,0,0,0,0
2020-08-31,2020-08-31,10,0.09022,0,0,0,0,0,0,0,0,0,0
2020-08-30,2020-08-30,10,0.197,0,0,1,0,0,0,0,0,0,0
2020-08-29,2020-08-29,4,0.20095,0,0,0,0,0,0,0,0,0,0
2020-08-28,2020-08-28,26,0.15602307692307693,0,0,1,0,0,0,0,1,0,0
2020-08-27,2020-08-27,4,0.1591,0,0,0,0,0,0,0,0,0,0
2020-08-26,2020-08-26,32,0.4464875,0,0,1,0,0,0,0,0,0,0
2020-08-25,2020-08-25,14,0.05737142857142856,0,0,0,0,0,0,0,0,0,0
2020-08-24,2020-08-24,14,0.26585714285714285,0,0,0,0,1,0,0,0,0,0
2020-08-23,2020-08-23,6,0.5375333333333333,0,0,0,0,1,0,0,0,0,0
2020-08-22,2020-08-22,8,0.516175,0,0,1,0,0,0,0,0,0,0
2020-08-21,2020-08-21,18,0.1289,0,0,0,0,1,0,0,0,0,0
2020-08-20,2020-08-20,12,0.3486833333333333,0,0,0,0,0,0,0,0,0,0
2020-08-19,2020-08-19,12,0.3670666666666667,0,0,1,0,0,0,0,0,0,0
2020-08-18,2020-08-18,6,0.29596666666666666,0,0,1,0,0,0,0,0,0,0
2020-08-17,2020-08-17,30,0.27712,0,0,0,0,0,0,0,0,0,0
2020-08-16,2020-08-16,24,0.23660000000000003,0,0,0,0,0,0,0,0,0,0
2020-08-15,2020-08-15,36,0.5550722222222222,0,0,0,0,1,0,0,0,0,0
2020-08-14,2020-08-14,20,0.09569000000000003,0,0,0,0,1,0,0,0,0,0
2020-08-13,2020-08-13,16,0.03538749999999999,0,0,0,0,0,0,0,0,0,0
2020-08-12,2020-08-12,22,0.14209090909090907,0,0,0,0,0,0,0,0,0,0
2020-08-11,2020-08-11,16,0.2334875,0,0,0,0,0,0,0,0,0,0
2020-08-10,2020-08-10,56,-0.031832142857142864,0,0,0,0,1,0,0,0,0,0
2020-08-09,2020-08-09,80,0.2199525,0,0,0,0,0,0,0,0,0,0
2020-08-08,2020-08-08,74,0.05287297297297296,0,0,0,0,1,0,0,0,0,1
2020-08-07,2020-08-07,60,0.06436,0,0,0,0,1,0,0,0,0,0
2020-08-06,2020-08-06,28,0.022971428571428563,0,0,0,0,0,0,0,0,0,0
2020-08-05,2020-08-05,16,0.29405000000000003,0,0,0,0,1,0,0,0,0,0
2020-08-04,2020-08-04,20,0.11940999999999997,0,0,0,0,0,0,0,0,0,0
2020-08-03,2020-08-03,28,0.14440714285714287,0,0,1,0,0,0,0,0,0,0
2020-08-02,2020-08-02,22,-0.008009090909090915,0,0,0,0,1,0,0,0,0,0
2020-08-01,2020-08-01,26,0.1697923076923077,0,0,0,0,1,0,0,0,0,0
2020-07-31,2020-07-31,26,0.03598461538461538,0,0,0,0,0,0,0,1,0,0
2020-07-30,2020-07-30,44,-0.006527272727272742,0,0,0,0,0,0,0,0,0,0
2020-07-29,2020-07-29,30,0.02563333333333333,0,0,0,0,0,0,0,0,0,0
2020-07-28,2020-07-28,34,0.16163529411764707,0,0,0,0,1,0,0,0,0,0
2020-07-27,2020-07-27,48,0.331575,0,0,0,0,1,0,0,1,0,0
2020-07-26,2020-07-26,12,0.18106666666666668,0,0,0,0,1,0,0,0,0,0
2020-07-25,2020-07-25,26,0.12755384615384616,0,0,0,0,0,0,0,0,0,0
2020-07-24,2020-07-24,30,0.3001866666666667,0,0,0,0,1,0,0,0,0,0
2020-07-23,2020-07-23,16,0.03370000000000001,0,0,0,0,0,0,0,0,0,0
2020-07-22,2020-07-22,20,0.17667999999999998,0,0,1,0,0,0,0,0,0,0
2020-07-21,2020-07-21,21,-0.028523809523809517,0,0,0,0,0,0,0,0,0,0
2020-07-20,2020-07-20,40,0.174495,0,0,0,0,0,0,0,0,0,0
2020-07-19,2020-07-19,14,0.11991428571428572,0,0,0,0,0,0,0,0,0,0
2020-07-18,2020-07-18,10,0.29774,0,0,0,0,0,0,0,0,0,0
2020-07-17,2020-07-17,24,0.172075,0,0,1,0,0,0,0,0,0,0
2020-07-16,2020-07-16,14,0.023114285714285705,0,0,0,0,0,0,0,0,0,0
2020-07-15,2020-07-15,14,0.11364285714285714,0,0,0,0,0,0,0,0,0,0
2020-07-14,2020-07-14,24,0.016333333333333335,0,0,0,0,0,0,0,0,0,0
2020-07-13,2020-07-13,36,0.055694444444444456,0,0,0,0,0,0,0,0,0,0
2020-07-12,2020-07-12,18,0.006277777777777778,0,0,0,0,0,0,0,0,0,0
2020-07-11,2020-07-11,42,0.22052380952380954,0,0,0,0,0,0,0,0,0,0
2020-07-10,2020-07-10,50,0.10736000000000001,0,0,0,0,0,0,0,0,0,0
2020-07-09,2020-07-09,182,0.15905934065934066,0,0,1,0,0,0,0,0,0,0
2020-07-08,2020-07-08,24,0.25414166666666665,0,0,0,0,0,0,0,0,0,0
2020-07-07,2020-07-07,30,0.21977333333333332,0,0,1,0,0,0,0,0,0,0
2020-07-06,2020-07-06,14,0.1295285714285714,0,0,0,0,0,0,0,0,0,0
2020-07-05,2020-07-05,2,0.0,0,0,0,0,0,0,0,0,0,0
2020-07-04,2020-07-04,10,0.1452,0,0,0,0,0,0,0,0,0,0
2020-07-03,2020-07-03,4,0.0,0,0,0,0,0,0,0,0,0,0
2020-07-02,2020-07-02,16,0.38399999999999995,0,0,1,0,0,0,0,0,0,0
2020-07-01,2020-07-01,16,0.32265,0,0,1,0,0,0,0,0,0,0
2020-06-30,2020-06-30,14,0.45772857142857143,0,0,1,0,0,0,0,0,0,0
2020-06-29,2020-06-29,16,0.058225,0,0,1,0,0,0,0,0,0,0
2020-06-28,2020-06-28,4,0.40325,0,0,1,0,0,0,0,0,0,0
2020-06-27,2020-06-27,12,-0.06718333333333332,0,0,0,0,0,0,0,0,0,0
2020-06-26,2020-06-26,16,0.4050625,0,0,0,0,0,0,0,1,0,0
2020-06-25,2020-06-25,14,0.03741428571428572,0,0,1,0,0,0,0,0,0,0
2020-06-24,2020-06-24,2,0.0,0,0,0,0,0,0,0,0,0,0
2020-06-23,2020-06-23,8,-0.21922499999999998,0,0,0,0,0,0,0,1,0,0
2020-06-22,2020-06-22,16,0.28216250000000004,0,0,0,0,0,0,0,1,0,0
2020-06-21,2020-06-21,6,0.26536666666666664,0,0,0,0,0,0,0,0,0,0
2020-06-20,2020-06-20,6,0.3746666666666667,0,0,0,0,0,0,0,0,0,0
2020-06-19,2020-06-19,20,0.34425,0,0,0,0,1,0,0,0,0,0
2020-06-18,2020-06-18,24,0.39006666666666673,0,0,1,0,0,0,0,0,0,0
2020-06-17,2020-06-17,20,0.26262,0,0,1,0,0,0,0,0,0,0
2020-06-16,2020-06-16,10,-0.15414,0,0,0,0,0,0,0,0,0,0
2020-06-15,2020-06-15,14,0.14344285714285718,0,0,0,0,0,0,0,0,0,0
2020-06-14,2020-06-14,6,0.5310666666666667,0,0,1,0,0,0,0,0,0,0
2020-06-13,2020-06-13,24,0.2831,0,0,1,0,0,0,0,1,0,0
2020-06-12,2020-06-12,22,0.49971818181818184,0,0,1,0,0,0,0,0,0,0
2020-06-11,2020-06-11,16,0.0315125,0,0,0,0,0,0,0,0,0,0
2020-06-10,2020-06-10,24,0.02314166666666666,0,0,0,0,0,0,0,1,0,0
2020-06-09,2020-06-09,12,0.43805000000000005,0,0,0,0,1,0,0,1,0,0
2020-06-08,2020-06-08,6,0.11753333333333331,0,0,0,0,0,0,0,0,0,0
2020-06-07,2020-06-07,14,0.2826571428571429,0,0,0,0,0,0,0,0,0,0
2020-06-06,2020-06-06,18,0.40955555555555556,0,0,0,0,0,0,0,1,0,0
2020-06-05,2020-06-05,16,0.35522500000000007,0,0,1,0,0,0,0,0,0,0
2020-06-04,2020-06-04,12,0.4252666666666666,0,0,0,0,1,0,0,1,0,0
2020-06-03,2020-06-03,14,0.06291428571428571,0,0,0,0,0,0,0,0,0,0
2020-06-02,2020-06-02,18,0.34985555555555564,0,0,0,0,1,0,0,1,0,0
2020-06-01,2020-06-01,12,0.20766666666666664,0,0,0,0,0,0,0,0,0,0
2020-05-31,2020-05-31,6,0.37433333333333335,0,0,1,0,0,0,0,1,0,0
2020-05-30,2020-05-30,14,0.5339571428571429,0,0,0,0,1,0,0,1,0,0
2020-05-29,2020-05-29,16,0.3195,0,0,0,0,1,0,0,0,0,0
2020-05-28,2020-05-28,40,0.18124,0,0,0,0,1,0,0,1,0,0
2020-05-27,2020-05-27,24,0.15575000000000003,0,0,0,0,0,0,0,1,0,0
2020-05-26,2020-05-26,36,0.15109999999999998,0,0,1,0,0,0,0,1,0,0
2020-05-25,2020-05-25,8,0.19232499999999997,0,0,0,0,0,0,0,0,0,0
2020-05-24,2020-05-24,6,0.13486666666666666,0,0,0,0,0,0,0,1,0,0
2020-05-23,2020-05-23,18,0.2155333333333333,0,0,0,0,1,0,0,0,0,0
2020-05-22,2020-05-22,20,0.43071000000000004,0,0,0,0,1,0,0,1,0,0
2020-05-21,2020-05-21,12,0.05336666666666665,0,0,0,0,0,0,0,1,0,0
2020-05-20,2020-05-20,26,0.10046153846153846,0,0,1,0,1,0,0,0,0,0
2020-05-19,2020-05-19,22,0.2020727272727273,0,0,1,0,0,0,0,1,0,0
2020-05-18,2020-05-18,8,0.383525,0,0,0,0,0,0,0,1,0,0
2020-05-17,2020-05-17,18,0.14910000000000004,0,0,0,0,1,0,0,1,0,0
2020-05-16,2020-05-16,10,0.15538000000000002,0,0,0,0,0,0,0,1,0,0
2020-05-15,2020-05-15,28,0.3058714285714286,0,0,0,0,1,0,0,1,0,0
2020-05-14,2020-05-14,26,0.28855384615384616,0,0,0,0,0,0,0,1,0,0
2020-05-13,2020-05-13,16,0.138625,0,0,1,0,0,0,0,0,0,0
2020-05-12,2020-05-12,14,0.024285714285714292,0,0,0,0,0,0,0,1,0,0
2020-05-11,2020-05-11,26,0.1703076923076923,0,0,0,0,0,0,0,1,0,0
2020-05-10,2020-05-10,22,0.14126363636363637,0,0,0,0,1,0,0,0,0,0
2020-05-09,2020-05-09,20,0.29031,0,0,0,0,1,0,0,1,0,0
2020-05-08,2020-05-08,18,0.2893111111111112,0,0,1,0,0,0,0,1,0,0
2020-05-07,2020-05-07,18,0.2570111111111111,0,0,0,0,1,0,0,1,0,0
2020-05-06,2020-05-06,18,0.25797777777777775,0,0,0,0,0,0,0,0,0,0
2020-05-05,2020-05-05,22,0.08736363636363635,0,0,0,0,0,0,0,1,0,0
2020-05-04,2020-05-04,18,0.20571111111111112,0,0,0,0,1,0,0,0,0,0
2020-05-03,2020-05-03,10,0.04046,0,0,0,0,0,0,0,1,0,0
2020-05-02,2020-05-02,14,0.2877428571428572,0,0,1,0,1,0,0,1,0,0
2020-05-01,2020-05-01,26,0.23054615384615382,0,0,1,0,0,0,0,1,0,0
2020-04-30,2020-04-30,30,0.3063066666666667,0,0,0,0,0,0,0,1,0,0
2020-04-29,2020-04-29,38,0.14490526315789476,0,0,0,0,0,0,0,1,0,0
2020-04-28,2020-04-28,30,0.21529333333333334,0,0,0,0,0,0,0,1,0,0
2020-04-27,2020-04-27,16,0.28771250000000004,0,0,0,0,0,0,0,0,0,0
2020-04-26,2020-04-26,14,0.5840428571428572,0,0,0,0,0,0,0,0,0,0
2020-04-25,2020-04-25,8,0.337725,0,0,0,0,0,0,0,1,0,0
2020-04-24,2020-04-24,21,0.18945238095238093,0,0,1,0,0,0,0,0,0,0
2020-04-23,2020-04-23,15,-0.011879999999999986,0,0,0,0,0,0,0,0,0,0
2020-04-22,2020-04-22,23,-0.001339130434782606,0,0,0,0,0,0,0,1,0,0
2020-04-21,2020-04-21,35,0.0585657142857143,0,0,1,0,0,0,0,0,0,0
2020-04-20,2020-04-20,29,0.15082758620689654,0,0,0,0,0,0,0,0,0,0
2020-04-19,2020-04-19,12,0.25838333333333335,0,0,0,0,0,0,0,1,0,0
2020-04-18,2020-04-18,4,0.10115,0,0,0,0,1,0,0,1,0,0
2020-04-17,2020-04-17,22,0.2591272727272727,0,0,0,0,1,0,0,0,0,0
2020-04-16,2020-04-16,14,0.3600571428571429,0,0,0,0,1,0,0,0,0,0
2020-04-15,2020-04-15,8,0.07069999999999999,0,0,0,0,0,0,0,0,0,0
2020-04-14,2020-04-14,14,0.13824285714285714,0,0,0,0,0,0,0,0,0,0
2020-04-13,2020-04-13,14,0.1009857142857143,0,0,0,0,0,0,0,1,0,0
2020-04-12,2020-04-12,16,0.32699999999999996,0,0,0,0,0,0,0,0,0,0
2020-04-11,2020-04-11,14,0.41604285714285716,0,0,0,0,0,0,0,1,0,0
2020-04-10,2020-04-10,6,0.44993333333333335,0,0,0,0,0,0,0,1,0,0
2020-04-09,2020-04-09,16,0.30677499999999996,0,0,0,0,0,0,0,0,0,0
2020-04-08,2020-04-08,12,0.2979833333333333,0,0,0,0,0,0,0,1,0,0
2020-04-07,2020-04-07,22,0.40820909090909085,0,0,1,0,1,0,0,0,0,0
2020-04-06,2020-04-06,14,0.17821428571428571,0,0,0,0,0,0,0,1,0,0
2020-04-05,2020-04-05,8,0.3044,0,0,0,0,0,0,0,1,0,0
2020-04-04,2020-04-04,6,0.0731,0,0,0,0,0,0,0,0,0,0
2020-04-03,2020-04-03,20,0.25196,0,0,0,0,1,0,0,1,0,0
2020-04-02,2020-04-02,10,0.35012,0,0,0,0,0,0,0,0,0,0
2020-04-01,2020-04-01,12,0.40581666666666666,0,0,1,0,0,0,0,0,0,0
2020-03-31,2020-03-31,14,0.1438857142857143,0,0,0,0,0,0,0,1,0,0
2020-03-30,2020-03-30,12,0.18380000000000005,0,0,0,0,0,0,0,0,0,0
2020-03-29,2020-03-29,4,0.45665,0,0,0,0,0,0,0,0,0,0
2020-03-28,2020-03-28,4,0.33055,0,0,0,0,0,0,0,1,0,0
2020-03-27,2020-03-27,16,0.1610875,0,0,0,0,0,0,0,0,0,0
2020-03-26,2020-03-26,10,0.42978000000000005,0,0,1,0,1,0,0,0,0,0
2020-03-25,2020-03-25,10,0.38494,0,0,0,0,0,0,0,1,0,0
2020-03-24,2020-03-24,18,0.05622222222222222,0,0,0,0,0,0,0,1,0,0
2020-03-23,2020-03-23,14,0.03161428571428571,0,0,0,0,0,0,0,1,0,0
2020-03-22,2020-03-22,4,0.13965,0,0,0,0,0,0,0,1,0,0
2020-03-21,2020-03-21,18,0.23935555555555554,0,0,0,0,0,0,0,1,0,0
2020-03-20,2020-03-20,8,0.511275,0,0,0,0,0,0,0,0,0,0
2020-03-19,2020-03-19,24,0.14025,0,0,0,0,0,0,0,1,0,0
2020-03-18,2020-03-18,16,0.4517625000000001,0,0,0,0,1,0,0,1,0,0
2020-03-17,2020-03-17,20,0.18807000000000001,0,0,0,0,0,0,0,1,0,0
2020-03-16,2020-03-16,10,0.11055999999999999,0,0,0,0,0,0,0,0,0,0
2020-03-15,2020-03-15,28,0.2667642857142858,0,0,0,0,1,0,0,0,0,0
2020-03-14,2020-03-14,4,0.41765,0,0,0,0,0,0,0,0,0,0
2020-03-13,2020-03-13,22,0.0717090909090909,0,0,0,0,0,0,0,0,0,0
2020-03-12,2020-03-12,12,0.24578333333333335,0,0,1,0,0,0,0,0,0,0
2020-03-11,2020-03-11,22,0.47509090909090906,0,0,0,0,1,0,0,1,0,0
2020-03-10,2020-03-10,14,0.4304,0,0,0,0,0,0,0,0,0,0
2020-03-09,2020-03-09,10,0.25898000000000004,0,0,1,0,0,0,0,0,0,0
2020-03-08,2020-03-08,4,0.1591,0,0,0,0,0,0,0,0,0,0
2020-03-07,2020-03-07,6,0.4551,0,0,1,0,0,0,0,0,0,0
2020-03-06,2020-03-06,14,0.46582857142857137,0,0,0,0,0,0,0,0,0,0
2020-03-05,2020-03-05,4,0.2883,0,0,0,0,0,0,0,0,0,0
2020-03-04,2020-03-04,10,0.049479999999999996,0,0,1,0,0,0,0,0,0,0
2020-03-03,2020-03-03,22,0.16883636363636365,0,0,0,0,1,0,0,0,0,0
2020-03-02,2020-03-02,14,0.13760000000000003,0,0,1,0,0,0,0,0,0,0
2020-03-01,2020-03-01,6,0.4562,0,0,1,0,0,0,0,0,0,0
2020-02-29,2020-02-29,10,0.04044,0,0,0,0,0,0,0,0,0,0
2020-02-28,2020-02-28,14,0.08805714285714286,0,0,0,0,0,0,0,0,0,0
2020-02-27,2020-02-27,22,0.10323636363636361,0,0,0,0,0,0,0,0,0,0
2020-02-26,2020-02-26,18,0.2727777777777778,0,0,1,0,1,0,0,0,0,0
2020-02-25,2020-02-25,42,0.3324952380952381,0,0,0,0,1,0,0,0,0,0
2020-02-24,2020-02-24,16,0.22136249999999996,0,0,0,0,1,0,0,0,0,0
2020-02-23,2020-02-23,18,0.07314444444444444,0,0,1,0,1,0,0,0,0,0
2020-02-22,2020-02-22,20,0.25428999999999996,0,0,0,0,0,0,0,0,0,0
2020-02-21,2020-02-21,18,0.32972222222222214,0,0,1,0,1,0,0,0,0,0
2020-02-20,2020-02-20,10,0.027359999999999995,0,0,0,0,0,0,0,0,0,0
2020-02-19,2020-02-19,48,0.1492625,0,0,1,0,1,0,0,1,0,0
2020-02-18,2020-02-18,20,0.24801,0,0,0,0,0,0,0,1,0,0
2020-02-17,2020-02-17,22,0.3229909090909091,0,0,0,0,0,0,0,0,0,0
2020-02-16,2020-02-16,8,0.31079999999999997,0,0,0,0,1,0,0,0,0,0
2020-02-15,2020-02-15,16,0.3248875,0,0,0,0,1,0,0,0,0,0
2020-02-14,2020-02-14,18,0.23006666666666664,0,0,0,0,0,0,0,0,0,0
2020-02-13,2020-02-13,64,0.16457812500000002,0,0,0,0,0,0,0,0,0,0
2020-02-12,2020-02-12,18,-0.04351111111111111,0,0,0,0,0,0,0,0,0,0
2020-02-11,2020-02-11,32,0.06124374999999999,0,0,0,0,1,0,0,0,0,0
2020-02-10,2020-02-10,14,0.3194714285714285,0,0,0,0,0,0,0,0,0,0
2020-02-09,2020-02-09,8,0.09545,0,0,0,0,0,0,0,0,0,0
2020-02-08,2020-02-08,10,0.29918000000000006,0,0,1,0,1,0,0,0,0,0
2020-02-07,2020-02-07,16,-0.0532,0,0,0,0,1,0,0,0,0,0
2020-02-06,2020-02-06,6,-0.3373,0,0,0,0,1,0,0,0,0,0
2020-02-05,2020-02-05,12,0.28775,0,0,1,0,0,0,0,0,0,0
2020-02-04,2020-02-04,14,0.4841428571428571,0,0,0,0,0,0,0,0,0,0
2020-02-03,2020-02-03,14,0.1440714285714286,0,0,0,0,0,0,0,1,0,0
2020-02-02,2020-02-02,8,0.3975,0,0,0,0,0,0,0,0,0,0
2020-02-01,2020-02-01,18,0.5021666666666667,0,0,1,0,1,0,0,0,0,0
2020-01-31,2020-01-31,8,0.13865,0,0,0,0,1,0,0,0,0,0
2020-01-30,2020-01-30,32,0.48900625,0,0,0,0,1,0,0,0,0,0
2020-01-29,2020-01-29,32,0.22321249999999998,0,0,0,0,0,0,0,0,0,0
2020-01-28,2020-01-28,14,0.13664285714285712,0,0,0,0,0,0,0,0,0,0
2020-01-27,2020-01-27,20,0.30012,0,0,0,0,0,0,0,0,0,0
2020-01-26,2020-01-26,2,-0.4003,0,0,1,0,0,0,0,0,0,0
2020-01-25,2020-01-25,4,0.0,0,0,0,0,0,0,0,0,0,0
2020-01-24,2020-01-24,6,0.10096666666666666,0,0,0,0,0,0,0,0,0,0
2020-01-23,2020-01-23,18,0.16714444444444443,0,0,0,0,0,0,0,0,0,0
2020-01-22,2020-01-22,12,0.13465000000000002,0,0,1,0,0,0,0,0,0,0
2020-01-21,2020-01-21,22,0.11970000000000001,0,0,1,0,0,0,0,0,0,0
2020-01-20,2020-01-20,6,0.2522666666666667,0,0,0,0,0,0,0,0,0,0
2020-01-19,2020-01-19,6,0.21989999999999998,0,0,0,0,0,0,0,0,0,0
2020-01-18,2020-01-18,18,0.3627333333333334,0,0,1,0,0,0,0,0,0,0
2020-01-17,2020-01-17,30,0.24758000000000002,0,0,1,0,0,0,0,0,0,0
2020-01-16,2020-01-16,18,0.324,0,0,0,0,0,0,0,0,0,0
2020-01-15,2020-01-15,10,0.32548,0,0,0,0,0,0,0,0,0,0
2020-01-14,2020-01-14,14,0.35738571428571436,0,0,0,0,0,0,0,0,0,0
2020-01-13,2020-01-13,16,0.0753875,0,0,0,0,0,0,0,1,0,0
2020-01-12,2020-01-12,20,0.025250000000000005,0,0,1,0,0,0,0,0,0,0
2020-01-11,2020-01-11,10,0.35340000000000005,0,0,0,0,0,0,0,0,0,0
2020-01-10,2020-01-10,20,0.20884999999999998,0,0,0,0,1,0,0,1,0,0
2020-01-09,2020-01-09,34,0.18552941176470594,0,0,1,0,1,0,0,0,0,0
2020-01-08,2020-01-08,20,0.27270999999999995,0,0,0,0,0,0,0,1,0,0
2020-01-07,2020-01-07,46,0.029578260869565238,0,0,0,0,0,0,0,1,0,0
2020-01-06,2020-01-06,8,0.429275,0,0,0,0,0,0,0,0,0,0
2020-01-05,2020-01-05,6,-0.12040000000000001,0,0,0,0,0,0,0,0,0,0
2020-01-04,2020-01-04,12,0.17623333333333333,0,0,0,0,0,0,0,0,0,0
2020-01-03,2020-01-03,12,0.2391833333333333,0,0,1,0,0,0,0,0,0,0
2020-01-02,2020-01-02,16,0.142025,0,0,0,0,0,0,0,0,0,0
2020-01-01,2020-01-01,8,0.512175,0,0,1,0,0,0,0,0,0,0
2019-12-31,2019-12-31,8,0.785875,0,0,0,0,0,0,0,0,0,0
2019-12-30,2019-12-30,8,0.17022500000000002,0,0,1,0,0,0,0,0,0,0
2019-12-29,2019-12-29,10,0.32238,0,0,0,0,1,0,0,0,0,0
2019-12-28,2019-12-28,16,0.36405,0,0,0,0,1,0,0,0,0,0
2019-12-27,2019-12-27,20,0.32253000000000004,0,0,0,0,0,0,0,0,0,0
2019-12-26,2019-12-26,8,0.2714,0,0,1,0,0,0,0,0,0,0
2019-12-25,2019-12-25,6,0.554,0,0,0,0,1,0,0,0,0,0
2019-12-23,2019-12-23,16,0.375125,0,0,0,0,0,0,0,0,0,0
2019-12-22,2019-12-22,8,0.0703,0,0,0,0,0,0,0,0,0,0
2019-12-21,2019-12-21,10,0.23601999999999998,0,0,0,0,0,0,0,0,0,0
2019-12-20,2019-12-20,4,-0.0129,0,0,0,0,0,0,0,0,0,0
2019-12-19,2019-12-19,6,0.13876666666666668,0,0,0,0,0,0,0,0,0,0
2019-12-18,2019-12-18,16,0.21512499999999996,0,0,1,0,1,0,0,0,0,0
2019-12-17,2019-12-17,12,0.07815000000000001,0,0,1,0,0,0,0,0,0,0
2019-12-16,2019-12-16,30,0.24690666666666666,0,0,0,0,1,0,0,0,0,0
2019-12-15,2019-12-15,14,0.31849999999999995,0,0,0,0,1,0,0,0,0,0
2019-12-14,2019-12-14,6,0.5703,0,0,0,0,0,0,0,0,0,0
2019-12-13,2019-12-13,14,0.15375714285714284,0,0,0,0,0,0,0,0,0,0
2019-12-12,2019-12-12,12,0.12138333333333333,0,0,0,0,0,0,0,0,0,0
2019-12-11,2019-12-11,12,0.08691666666666666,0,0,0,0,1,0,0,0,0,0
2019-12-10,2019-12-10,26,0.10852307692307693,0,0,1,0,0,0,0,0,0,0
2019-12-09,2019-12-09,16,0.2572875,0,0,0,0,0,0,0,0,0,0
2019-12-08,2019-12-08,8,0.100075,0,0,0,0,0,0,0,0,0,0
2019-12-07,2019-12-07,6,0.6066666666666667,0,0,0,0,0,0,0,0,0,0
2019-12-06,2019-12-06,18,0.2337,0,0,0,0,0,0,0,0,0,0
2019-12-05,2019-12-05,16,0.2915875,0,0,0,0,0,0,0,0,0,0
2019-12-04,2019-12-04,16,-0.098,0,0,0,0,0,0,0,0,0,0
2019-12-03,2019-12-03,20,0.33009000000000005,0,0,0,0,0,0,0,0,0,0
2019-12-02,2019-12-02,14,0.5204571428571428,0,0,1,0,0,0,0,0,0,0
2019-12-01,2019-12-01,10,0.46406000000000003,0,0,0,0,0,0,0,0,0,0
2019-11-30,2019-11-30,12,0.11353333333333333,0,0,0,0,0,0,0,0,0,0
2019-11-29,2019-11-29,8,-0.074,0,0,0,0,0,0,0,0,0,0
2019-11-28,2019-11-28,26,0.10699230769230766,0,0,1,0,0,0,0,0,0,0
2019-11-27,2019-11-27,10,0.17250000000000001,0,0,0,0,0,0,0,0,0,0
2019-11-26,2019-11-26,10,0.46684000000000003,0,0,0,0,0,0,0,0,0,0
2019-11-25,2019-11-25,6,-0.16373333333333334,0,0,0,0,0,0,0,0,0,0
2019-11-24,2019-11-24,6,-0.2918,0,0,0,0,0,0,0,0,0,0
2019-11-23,2019-11-23,12,0.012949999999999998,0,0,1,0,0,0,0,0,0,0
2019-11-22,2019-11-22,14,0.36301428571428573,0,0,0,0,0,0,0,0,0,0
2019-11-21,2019-11-21,10,0.28804,0,0,0,0,0,0,0,0,0,0
2019-11-20,2019-11-20,6,0.21989999999999998,0,0,0,0,0,0,0,0,0,0
2019-11-19,2019-11-19,12,0.258,0,0,0,0,1,0,0,0,0,0
2019-11-18,2019-11-18,22,0.15653636363636367,0,0,1,0,0,0,0,0,0,0
2019-11-17,2019-11-17,6,0.19283333333333333,0,0,0,0,1,0,0,0,0,0
2019-11-16,2019-11-16,12,-0.32181666666666664,0,0,0,0,0,0,0,0,0,0
2019-11-15,2019-11-15,18,0.26844444444444443,0,0,0,0,1,0,0,0,0,0
2019-11-14,2019-11-14,6,-0.2839,0,0,0,0,0,0,0,0,0,0
2019-11-13,2019-11-13,6,0.45880000000000004,0,0,0,0,0,0,0,0,0,0
2019-11-12,2019-11-12,10,0.2257,0,0,0,0,0,0,0,0,0,0
2019-11-11,2019-11-11,14,-0.03187142857142857,0,0,0,0,0,0,0,0,0,0
2019-11-10,2019-11-10,10,0.26890000000000003,0,0,1,0,0,0,0,0,0,0
2019-11-09,2019-11-09,8,-0.16215,0,0,0,0,0,0,0,0,0,0
2019-11-08,2019-11-08,16,0.18738749999999998,0,0,1,0,0,0,0,0,0,0
2019-11-07,2019-11-07,8,0.267875,0,0,0,0,0,0,0,1,0,0
2019-11-06,2019-11-06,20,0.42134,0,0,0,0,0,0,0,0,0,0
2019-11-05,2019-11-05,8,-0.22602499999999998,0,0,0,0,0,0,0,0,0,0
2019-11-04,2019-11-04,12,0.1552,0,0,0,0,0,0,0,0,0,0
2019-11-03,2019-11-03,6,0.38293333333333335,0,0,0,0,0,0,0,0,0,0
2019-11-02,2019-11-02,12,0.6029333333333334,0,0,0,0,0,0,0,0,0,0
2019-11-01,2019-11-01,8,0.42300000000000004,0,0,0,0,0,0,0,0,0,0
2019-10-31,2019-10-31,10,0.2424,0,0,0,0,0,0,0,0,0,0
2019-10-30,2019-10-30,18,0.3828666666666667,0,0,1,0,0,0,0,0,0,0
2019-10-29,2019-10-29,6,0.0,0,0,0,0,0,0,0,0,0,0
2019-10-28,2019-10-28,8,0.18607500000000002,0,0,0,0,0,0,0,0,0,0
2019-10-27,2019-10-27,6,0.0,0,0,0,0,0,0,0,0,0,0
2019-10-26,2019-10-26,2,-0.296,0,0,0,0,0,0,0,0,0,0
2019-10-25,2019-10-25,8,0.283775,0,0,0,0,0,0,0,0,0,0
2019-10-24,2019-10-24,50,0.24454399999999996,0,0,1,0,1,0,0,0,0,0
2019-10-23,2019-10-23,10,0.15298000000000003,0,0,0,0,0,0,0,0,0,0
2019-10-22,2019-10-22,16,0.609825,0,0,1,0,0,0,0,0,0,0
2019-10-21,2019-10-21,6,0.5546333333333333,0,0,0,0,0,0,0,0,0,0
2019-10-20,2019-10-20,4,-0.30205,0,0,0,0,0,0,0,0,0,0
2019-10-19,2019-10-19,4,-0.08274999999999996,0,0,0,0,0,0,0,0,0,0
2019-10-18,2019-10-18,16,0.38265,0,0,0,0,0,0,0,0,0,0
2019-10-17,2019-10-17,20,0.34113999999999994,0,0,0,0,0,0,0,0,0,0
2019-10-16,2019-10-16,8,0.28364999999999996,0,0,1,0,0,0,0,0,0,0
2019-10-15,2019-10-15,14,0.20822857142857146,0,0,0,0,0,0,0,0,0,0
2019-10-14,2019-10-14,10,0.3099,0,0,0,0,0,0,0,0,0,0
2019-10-13,2019-10-13,6,0.028866666666666662,0,0,0,0,0,0,0,0,0,0
2019-10-12,2019-10-12,12,-0.04464999999999999,0,0,0,0,0,0,0,0,0,0
2019-10-11,2019-10-11,18,0.06509999999999999,0,0,0,0,0,0,0,0,0,0
2019-10-10,2019-10-10,14,0.21807142857142853,0,0,0,0,0,0,0,0,0,0
2019-10-09,2019-10-09,14,0.2209142857142857,0,0,0,0,0,0,0,0,0,0
2019-10-08,2019-10-08,20,-0.10533000000000001,0,0,0,0,0,0,0,0,0,0
2019-10-07,2019-10-07,20,0.49705000000000005,0,0,0,0,0,0,0,1,0,0
2019-10-06,2019-10-06,10,-0.17476,0,0,0,0,0,0,0,0,0,0
2019-10-04,2019-10-04,12,-0.027333333333333338,0,0,0,0,1,0,0,0,0,0
2019-10-03,2019-10-03,6,0.7977,0,0,1,0,0,0,0,0,0,0
2019-10-02,2019-10-02,10,0.29745999999999995,0,0,0,0,0,0,0,0,0,0
2019-10-01,2019-10-01,56,-0.016425000000000006,0,0,0,0,0,0,0,0,0,0
2019-09-30,2019-09-30,12,0.1923166666666667,0,0,0,0,0,0,0,0,0,0
2019-09-29,2019-09-29,8,0.210975,0,0,1,0,0,0,0,0,0,0
2019-09-28,2019-09-28,2,0.2732,0,0,0,0,0,0,0,0,0,0
2019-09-27,2019-09-27,12,0.059733333333333326,0,0,1,0,1,0,0,0,0,0
2019-09-26,2019-09-26,20,0.31976000000000004,0,0,0,0,1,0,0,0,0,0
2019-09-25,2019-09-25,24,0.25045,0,0,0,0,1,0,0,0,0,0
2019-09-24,2019-09-24,16,0.16017499999999998,0,0,1,0,1,0,0,0,0,0
2019-09-23,2019-09-23,16,0.26095,0,0,1,0,1,0,0,1,0,0
2019-09-22,2019-09-22,14,0.3592,0,0,0,0,0,0,0,0,0,0
2019-09-21,2019-09-21,42,0.1826904761904762,0,0,0,0,1,0,0,0,0,0
2019-09-20,2019-09-20,18,0.0719111111111111,0,0,0,0,1,0,0,0,0,0
2019-09-19,2019-09-19,28,0.20099999999999998,0,0,0,0,1,0,0,0,0,0
2019-09-18,2019-09-18,8,0.4198,0,0,0,0,0,0,0,0,0,0
2019-09-17,2019-09-17,10,0.21755999999999998,0,0,0,0,1,0,0,0,0,0
2019-09-16,2019-09-16,14,-0.05279999999999999,0,0,0,0,1,0,0,0,0,0
2019-09-15,2019-09-15,26,0.40023846153846154,0,0,0,0,1,0,0,0,0,0
2019-09-14,2019-09-14,16,0.3654625,0,0,1,0,0,0,0,0,0,0
2019-09-13,2019-09-13,6,0.26516666666666666,0,0,1,0,0,0,0,0,0,0
2019-09-12,2019-09-12,10,0.30818,0,0,0,0,0,0,0,0,0,0
2019-09-11,2019-09-11,4,0.02629999999999999,0,0,0,0,0,0,0,0,0,0
2019-09-10,2019-09-10,8,0.358875,0,0,0,0,0,0,0,0,0,0
2019-09-09,2019-09-09,16,0.28365,0,0,0,0,0,0,0,0,0,0
2019-09-08,2019-09-08,6,0.23013333333333333,0,0,0,0,0,0,0,0,0,0
2019-09-07,2019-09-07,11,0.0949454545454545,0,0,0,0,0,0,0,0,0,0
2019-09-06,2019-09-06,10,-0.10728000000000001,0,0,0,0,0,0,0,0,0,0
2019-09-05,2019-09-05,14,0.3209714285714286,0,0,0,0,0,0,0,0,0,0
2019-09-04,2019-09-04,16,0.3388125,0,0,1,0,0,0,0,0,0,0
2019-09-03,2019-09-03,14,0.3287428571428571,0,0,0,0,0,0,0,0,0,0
2019-09-02,2019-09-02,14,0.29542857142857143,0,0,0,0,0,0,0,0,0,0
2019-09-01,2019-09-01,8,0.19872499999999998,0,0,0,0,0,0,0,0,0,0
2019-08-31,2019-08-31,12,0.23205,0,0,0,0,0,0,0,0,0,0
2019-08-30,2019-08-30,10,0.47187999999999997,0,0,0,0,0,0,0,0,0,0
2019-08-29,2019-08-29,18,0.06567777777777778,0,0,0,0,0,0,0,0,0,0
2019-08-28,2019-08-28,74,0.21785945945945948,0,0,0,0,0,0,0,0,0,0
2019-08-27,2019-08-27,16,0.1410375,0,0,0,0,0,0,0,0,0,0
2019-08-26,2019-08-26,10,0.5137599999999999,0,0,1,0,0,0,0,0,0,0
2019-08-25,2019-08-25,4,0.3243,0,0,0,0,0,0,0,0,0,0
2019-08-24,2019-08-24,6,0.24483333333333335,0,0,0,0,1,0,0,0,0,0
2019-08-23,2019-08-23,22,0.21894545454545458,0,0,0,0,1,0,0,0,0,0
2019-08-22,2019-08-22,10,-0.18028,0,0,0,0,0,0,0,0,0,0
2019-08-21,2019-08-21,8,0.199,0,0,1,0,0,0,0,0,0,0
2019-08-20,2019-08-20,22,0.22274545454545455,0,0,0,0,0,0,0,0,0,0
2019-08-19,2019-08-19,12,0.04630000000000001,0,0,0,0,0,0,0,0,0,0
2019-08-18,2019-08-18,8,0.135575,0,0,0,0,0,0,0,0,0,0
2019-08-17,2019-08-17,8,-0.003574999999999995,0,0,0,0,0,0,0,0,0,0
2019-08-16,2019-08-16,16,0.46145,0,0,1,0,0,0,0,0,0,0
2019-08-15,2019-08-15,12,0.03401666666666666,0,0,0,0,0,0,0,0,0,0
2019-08-14,2019-08-14,24,0.15398333333333336,0,0,0,0,0,0,0,0,0,0
2019-08-13,2019-08-13,18,0.37649999999999995,0,0,0,0,0,0,0,0,0,0
2019-08-12,2019-08-12,22,0.1618,0,0,1,0,0,0,0,0,0,0
2019-08-11,2019-08-11,8,0.319475,0,0,0,0,1,0,0,0,0,0
2019-08-10,2019-08-10,8,0.1965,0,0,0,0,0,0,0,0,0,0
2019-08-09,2019-08-09,14,-0.05745714285714285,0,0,0,0,0,0,0,0,0,0
2019-08-08,2019-08-08,8,0.245175,0,0,0,0,0,0,0,0,0,0
2019-08-07,2019-08-07,12,0.20113333333333336,0,0,0,0,1,0,0,0,0,0
2019-08-06,2019-08-06,14,0.3413142857142858,0,0,0,0,0,0,0,0,0,0
2019-08-05,2019-08-05,4,0.43110000000000004,0,0,0,0,0,0,0,0,0,0
2019-08-04,2019-08-04,4,0.0129,0,0,0,0,0,0,0,0,0,0
2019-08-03,2019-08-03,8,-0.19872499999999998,0,0,0,0,0,0,0,0,0,0
2019-08-02,2019-08-02,6,0.2672,0,0,0,0,0,0,0,0,0,0
2019-08-01,2019-08-01,24,0.2778416666666667,0,0,1,0,0,0,0,0,0,0
2019-07-31,2019-07-31,20,0.30166999999999994,0,0,0,0,0,0,0,0,0,0
2019-07-30,2019-07-30,30,0.20713333333333328,0,0,1,0,0,0,0,0,0,0
2019-07-29,2019-07-29,18,0.23364444444444443,0,0,0,0,0,0,0,0,0,0
2019-07-28,2019-07-28,4,0.07655,0,0,0,0,0,0,0,0,0,0
2019-07-27,2019-07-27,6,0.26436666666666664,0,0,0,0,0,0,0,0,0,0
2019-07-26,2019-07-26,8,-0.35530000000000006,0,0,0,0,0,0,0,0,0,0
2019-07-25,2019-07-25,20,0.20827999999999997,0,0,0,0,0,0,0,0,0,0
2019-07-24,2019-07-24,18,0.28600000000000003,0,0,1,0,0,0,0,0,0,0
2019-07-23,2019-07-23,12,-0.1745,0,0,1,0,0,0,0,0,0,0
2019-07-22,2019-07-22,10,0.27058,0,0,0,0,0,0,0,1,0,0
2019-07-21,2019-07-21,2,-0.5588,0,0,0,0,0,0,0,0,0,0
2019-07-20,2019-07-20,10,0.13832,0,0,0,0,0,0,0,0,0,0
2019-07-19,2019-07-19,6,0.11176666666666668,0,0,0,0,0,0,0,0,0,0
2019-07-18,2019-07-18,10,0.08004000000000001,0,0,0,0,0,0,0,0,0,0
2019-07-17,2019-07-17,10,0.42225999999999997,0,0,0,0,0,0,0,0,0,0
2019-07-16,2019-07-16,20,0.49381,0,0,1,0,0,0,0,0,0,0
2019-07-15,2019-07-15,18,0.15877777777777777,0,0,1,0,0,0,0,0,0,0
2019-07-14,2019-07-14,16,-0.01621249999999999,0,0,0,0,0,0,0,0,0,0
2019-07-13,2019-07-13,8,0.4613,0,0,0,0,0,0,0,0,0,0
2019-07-12,2019-07-12,6,0.10940000000000004,0,0,0,0,0,0,0,0,0,0
2019-07-11,2019-07-11,8,0.3432,0,0,0,0,0,0,0,0,0,0
2019-07-10,2019-07-10,6,0.17746666666666666,0,0,0,0,0,0,0,0,0,0
2019-07-09,2019-07-09,24,0.21729166666666666,0,0,0,0,0,0,0,0,0,0
2019-07-08,2019-07-08,2,0.0,0,0,0,0,0,0,0,0,0,0
2019-07-07,2019-07-07,4,0.0,0,0,0,0,0,0,0,0,0,0
2019-07-06,2019-07-06,10,0.31849999999999995,0,0,0,0,0,0,0,0,0,0
2019-07-05,2019-07-05,12,0.19713333333333335,0,0,0,0,0,0,0,0,0,0
2019-07-04,2019-07-04,10,0.34886000000000006,0,0,0,0,0,0,0,0,0,0
2019-07-03,2019-07-03,8,0.06975,0,0,0,0,0,0,0,0,0,0
2019-07-02,2019-07-02,6,0.15843333333333334,0,0,0,0,0,0,0,0,0,0
2019-07-01,2019-07-01,2,0.92,0,0,1,0,0,0,0,0,0,0
2019-06-30,2019-06-30,8,0.48105,0,0,0,0,0,0,0,0,0,0
2019-06-29,2019-06-29,22,0.13740909090909093,0,0,0,0,0,0,0,0,0,0
2019-06-28,2019-06-28,14,0.11218571428571426,0,0,0,0,0,0,0,0,0,0
2019-06-27,2019-06-27,6,0.0086,0,0,1,0,0,0,0,0,0,0
2019-06-26,2019-06-26,28,0.2674571428571429,0,0,1,0,0,0,0,0,0,0
2019-06-25,2019-06-25,18,0.30796666666666667,0,0,1,0,0,0,0,0,0,0
2019-06-24,2019-06-24,8,0.15865,0,0,0,0,0,0,0,0,0,0
2019-06-23,2019-06-23,14,0.3124142857142857,0,0,0,0,0,0,0,0,0,0
2019-06-22,2019-06-22,6,0.16990000000000002,0,0,0,0,0,0,0,0,0,0
2019-06-21,2019-06-21,14,0.4584857142857143,0,0,0,0,1,0,0,0,0,0
2019-06-20,2019-06-20,14,0.27467142857142857,0,0,0,0,0,0,0,0,0,0
2019-06-19,2019-06-19,12,0.5147666666666667,0,0,0,0,0,0,0,0,0,0
2019-06-18,2019-06-18,2,0.4574,0,0,0,0,0,0,0,0,0,0
2019-06-17,2019-06-17,8,0.11407500000000001,0,0,1,0,0,0,0,0,0,0
2019-06-16,2019-06-16,8,0.344625,0,0,0,0,0,0,0,0,0,0
2019-06-15,2019-06-15,10,0.34231999999999996,0,0,0,0,0,0,0,0,0,0
2019-06-14,2019-06-14,10,0.15126,0,0,0,0,0,0,0,0,0,0
2019-06-13,2019-06-13,16,0.1054875,0,0,0,0,0,0,0,0,0,0
2019-06-12,2019-06-12,8,-0.181725,0,0,0,0,0,0,0,0,0,0
2019-06-11,2019-06-11,16,0.1812125,0,0,0,0,0,0,0,0,0,0
2019-06-10,2019-06-10,8,0.051925000000000006,0,0,0,0,0,0,0,0,0,0
2019-06-09,2019-06-09,20,-0.07905999999999999,0,0,0,0,0,0,0,0,0,0
2019-06-08,2019-06-08,8,0.30135,0,0,0,0,1,0,0,0,0,0
2019-06-07,2019-06-07,8,0.307925,0,0,0,0,0,0,0,0,0,0
2019-06-06,2019-06-06,8,0.107375,0,0,0,0,0,0,0,0,0,0
2019-06-05,2019-06-05,14,0.26115714285714287,0,0,1,0,0,0,0,0,0,0
2019-06-04,2019-06-04,20,0.3527700000000001,0,0,1,0,0,0,0,0,0,0
2019-06-03,2019-06-03,14,0.3922285714285714,0,0,0,0,1,0,0,0,0,0
2019-06-02,2019-06-02,14,0.3444428571428571,0,0,1,0,1,0,0,0,0,0
2019-06-01,2019-06-01,14,0.21208571428571427,0,0,0,0,1,0,0,0,0,0
2019-05-31,2019-05-31,22,0.36992727272727277,0,0,0,0,0,0,0,0,0,0
2019-05-30,2019-05-30,20,0.20318,0,0,0,0,1,0,0,0,0,0
2019-05-29,2019-05-29,12,0.3753166666666667,0,0,1,0,0,0,0,0,0,0
2019-05-28,2019-05-28,22,0.35709090909090907,0,0,1,0,0,0,0,0,0,0
2019-05-27,2019-05-27,46,0.2267391304347826,0,0,1,0,0,0,0,0,0,0
2019-05-26,2019-05-26,8,0.34425,0,0,0,0,0,0,0,0,0,0
2019-05-24,2019-05-24,14,0.14977142857142858,0,0,0,0,0,0,0,0,0,0
2019-05-23,2019-05-23,16,0.5199750000000001,0,0,0,0,0,0,0,0,0,0
2019-05-22,2019-05-22,20,0.09933999999999998,0,0,0,0,1,0,0,0,0,0
2019-05-21,2019-05-21,6,0.32616666666666666,0,0,0,0,0,0,0,0,0,0
2019-05-20,2019-05-20,10,-0.06258,0,0,0,0,0,0,0,0,0,0
2019-05-19,2019-05-19,4,0.585,0,0,0,0,0,0,0,0,0,0
2019-05-18,2019-05-18,8,-0.1147,0,0,0,0,0,0,0,0,0,0
2019-05-17,2019-05-17,24,0.09816666666666668,0,0,0,0,1,0,0,0,0,0
2019-05-16,2019-05-16,14,0.049628571428571425,0,0,0,0,1,0,0,0,0,0
2019-05-15,2019-05-15,14,0.14111428571428572,0,0,1,0,0,0,0,0,0,0
2019-05-14,2019-05-14,38,0.40628947368421053,0,0,1,0,0,0,0,0,0,0
2019-05-13,2019-05-13,20,0.16791000000000003,0,0,0,0,1,0,0,0,0,0
2019-05-12,2019-05-12,6,0.33113333333333334,0,0,0,0,0,0,0,0,0,0
2019-05-11,2019-05-11,10,0.27152000000000004,0,0,0,0,1,0,0,0,0,0
2019-05-10,2019-05-10,12,0.1744,0,0,0,0,0,0,0,0,0,0
2019-05-09,2019-05-09,16,0.13593750000000002,0,0,1,0,0,0,0,0,0,0
2019-05-08,2019-05-08,16,0.25429999999999997,0,0,1,0,0,0,0,0,0,0
2019-05-07,2019-05-07,14,0.2567428571428571,0,0,0,0,0,0,0,0,0,0
2019-05-06,2019-05-06,20,0.18483,0,0,0,0,0,0,0,0,0,0
2019-05-05,2019-05-05,6,0.34896666666666665,0,0,0,0,0,0,0,0,0,0
2019-05-04,2019-05-04,10,0.26471999999999996,0,0,0,0,1,0,0,0,0,0
2019-05-03,2019-05-03,16,0.0728125,0,0,0,0,0,0,0,0,0,0
2019-05-02,2019-05-02,26,0.18064615384615385,0,0,1,0,0,0,0,0,0,0
2019-05-01,2019-05-01,12,0.12613333333333335,0,0,0,0,0,0,0,0,0,0
2019-04-30,2019-04-30,14,0.12595714285714285,0,0,0,0,1,0,0,0,0,0
2019-04-29,2019-04-29,14,0.19992857142857143,0,0,0,0,0,0,0,0,0,0
2019-04-28,2019-04-28,8,0.34275,0,0,0,0,0,0,0,0,0,0
2019-04-27,2019-04-27,4,-0.1598,0,0,0,0,0,0,0,0,0,0
2019-04-26,2019-04-26,6,0.3921666666666667,0,0,1,0,0,0,0,0,0,0
2019-04-25,2019-04-25,8,0.489675,0,0,0,0,0,0,0,0,0,0
2019-04-24,2019-04-24,20,0.20023,0,0,0,0,0,0,0,0,0,0
2019-04-23,2019-04-23,10,0.09641999999999999,0,0,0,0,0,0,0,0,0,0
2019-04-22,2019-04-22,18,0.34299999999999997,0,0,1,0,1,0,0,0,0,0
2019-04-21,2019-04-21,16,0.39437500000000003,0,0,0,0,0,0,0,0,0,0
2019-04-20,2019-04-20,4,0.20025,0,0,0,0,0,0,0,0,0,0
2019-04-19,2019-04-19,8,0.027800000000000005,0,0,0,0,0,0,0,0,0,0
2019-04-18,2019-04-18,8,0.12765,0,0,0,0,0,0,0,0,0,0
2019-04-17,2019-04-17,8,-0.14625,0,0,0,0,0,0,0,0,0,0
2019-04-16,2019-04-16,10,-0.07654000000000001,0,0,0,0,0,0,0,0,0,0
2019-04-15,2019-04-15,14,0.22911428571428574,0,0,1,0,0,0,0,0,0,0
2019-04-14,2019-04-14,16,0.32316249999999996,0,0,0,0,1,0,0,0,0,0
2019-04-13,2019-04-13,20,0.27361,0,0,0,0,1,0,0,0,0,0
2019-04-12,2019-04-12,26,0.16412307692307693,0,0,0,0,1,0,0,0,0,0
2019-04-11,2019-04-11,16,0.13961250000000003,0,0,0,0,0,0,0,0,0,0
2019-04-10,2019-04-10,62,0.34177096774193544,0,0,1,0,0,0,0,0,0,0
2019-04-09,2019-04-09,38,-0.05642105263157894,0,0,0,0,0,0,0,0,0,0
2019-04-08,2019-04-08,32,0.08713749999999999,0,0,0,0,0,0,0,0,0,0
2019-04-07,2019-04-07,12,0.4640666666666667,0,0,0,0,1,0,0,0,0,0
2019-04-06,2019-04-06,14,0.19721428571428576,0,0,0,0,1,0,0,0,0,0
2019-04-05,2019-04-05,12,0.23195,0,0,0,0,0,0,0,0,0,0
2019-04-04,2019-04-04,4,0.44755,0,0,0,0,0,0,0,0,0,0
2019-04-03,2019-04-03,44,0.2682863636363637,0,0,1,0,0,0,0,0,0,0
2019-04-02,2019-04-02,6,0.14049999999999999,0,0,0,0,0,0,0,0,0,0
2019-04-01,2019-04-01,22,0.42758181818181823,0,0,0,0,0,0,0,0,0,0
2019-03-31,2019-03-31,8,0.09092499999999999,0,0,0,0,0,0,0,0,0,0
2019-03-30,2019-03-30,12,0.14391666666666664,0,0,0,0,0,0,0,1,0,0
2019-03-29,2019-03-29,16,0.36241249999999997,0,0,0,0,1,0,0,0,0,0
2019-03-28,2019-03-28,20,0.44534,0,0,0,0,0,0,0,0,0,0
2019-03-27,2019-03-27,18,0.11352222222222223,0,0,0,0,1,0,0,0,0,0
2019-03-26,2019-03-26,26,0.2799076923076923,0,0,0,0,1,0,0,0,0,0
2019-03-25,2019-03-25,14,0.0858,0,0,0,0,0,0,0,0,0,0
2019-03-24,2019-03-24,8,0.15285,0,0,0,0,0,0,0,0,0,0
2019-03-23,2019-03-23,6,0.07153333333333335,0,0,0,0,0,0,0,0,0,0
2019-03-22,2019-03-22,14,0.37755714285714287,0,0,0,0,0,0,0,0,0,0
2019-03-21,2019-03-21,30,0.16072666666666666,0,0,1,0,0,0,0,0,0,0
2019-03-20,2019-03-20,28,0.29382142857142857,0,0,1,0,1,0,0,0,0,0
2019-03-19,2019-03-19,28,0.24821428571428572,0,0,1,0,0,0,0,0,0,0
2019-03-18,2019-03-18,14,0.363957142857143,0,0,0,0,0,0,0,0,0,0
2019-03-17,2019-03-17,14,0.19694285714285711,0,0,0,0,0,0,0,0,0,0
2019-03-16,2019-03-16,18,0.0065333333333333354,0,0,1,0,1,0,0,0,0,0
2019-03-15,2019-03-15,22,0.23670000000000002,0,0,1,0,0,0,0,0,0,0
2019-03-14,2019-03-14,12,0.47761666666666663,0,0,0,0,1,0,0,0,0,0
2019-03-13,2019-03-13,14,0.4352714285714286,0,0,0,0,0,0,0,0,0,0
2019-03-12,2019-03-12,28,0.4006857142857143,0,0,0,0,0,0,0,0,0,0
2019-03-11,2019-03-11,26,0.2592461538461539,0,0,1,0,0,0,0,0,0,0
2019-03-10,2019-03-10,10,0.53938,0,0,0,0,0,0,0,0,0,0
2019-03-09,2019-03-09,6,0.05103333333333334,0,0,0,0,0,0,0,0,0,0
2019-03-08,2019-03-08,16,0.161575,0,0,0,0,1,0,0,0,0,0
2019-03-07,2019-03-07,22,0.5368181818181819,0,0,0,0,1,0,0,0,0,0
2019-03-06,2019-03-06,18,0.1074888888888889,0,0,1,0,0,0,0,0,0,0
2019-03-05,2019-03-05,18,0.154,0,0,1,0,0,0,0,0,0,0
2019-03-04,2019-03-04,16,0.075675,0,0,1,0,0,0,0,0,0,0
2019-03-03,2019-03-03,20,-0.13865,0,0,0,0,0,0,0,0,0,0
2019-03-02,2019-03-02,6,0.08290000000000002,0,0,0,0,0,0,0,0,0,0
2019-03-01,2019-03-01,28,0.18586428571428568,0,0,0,0,1,0,0,0,0,0
2019-02-28,2019-02-28,32,0.49853749999999997,0,0,1,0,1,0,0,0,0,0
2019-02-27,2019-02-27,20,0.05627,0,0,0,0,1,0,0,0,0,0
2019-02-26,2019-02-26,8,0.03587499999999999,0,0,0,0,0,0,0,0,0,0
2019-02-25,2019-02-25,14,0.12878571428571428,0,0,0,0,0,0,0,0,0,0
2019-02-24,2019-02-24,18,0.4896444444444445,0,0,0,0,0,0,0,0,0,0
2019-02-23,2019-02-23,6,0.0,0,0,0,0,0,0,0,0,0,0
2019-02-22,2019-02-22,24,0.18099999999999997,0,0,0,0,0,0,0,0,0,0
2019-02-21,2019-02-21,32,0.2378375,0,0,0,0,1,0,0,0,0,0
2019-02-20,2019-02-20,26,0.0784,0,0,0,0,1,0,0,0,0,0
2019-02-19,2019-02-19,10,0.05989999999999999,0,0,0,0,0,0,0,0,0,0
2019-02-18,2019-02-18,28,0.2809714285714286,0,0,1,0,1,0,0,0,0,0
2019-02-17,2019-02-17,22,0.3360727272727273,0,0,0,0,0,0,0,0,0,0
2019-02-16,2019-02-16,8,0.3073,0,0,0,0,0,0,0,0,0,0
2019-02-15,2019-02-15,44,0.3436590909090909,0,0,1,0,0,0,0,0,0,0
2019-02-14,2019-02-14,96,0.13316458333333336,0,0,0,0,0,0,0,0,0,0
2019-02-13,2019-02-13,10,0.38630000000000003,0,0,0,0,0,0,0,0,0,0
2019-02-12,2019-02-12,10,0.39254,0,0,0,0,0,0,0,0,0,0
2019-02-11,2019-02-11,4,0.2787,0,0,0,0,0,0,0,0,0,0
2019-02-10,2019-02-10,10,0.32018,0,0,0,0,1,0,0,0,0,0
2019-02-09,2019-02-09,14,0.3597000000000001,0,0,0,0,0,0,0,0,0,0
2019-02-08,2019-02-08,14,0.10375714285714285,0,0,0,0,0,0,0,0,0,0
2019-02-07,2019-02-07,34,0.1931411764705883,0,0,0,0,0,0,0,0,0,0
2019-02-06,2019-02-06,30,0.12039333333333332,0,0,1,0,0,0,0,0,0,0
2019-02-05,2019-02-05,20,0.09251000000000001,0,0,0,0,0,0,0,0,0,0
2019-02-04,2019-02-04,10,0.18294000000000005,0,0,0,0,1,0,0,0,0,0
2019-02-03,2019-02-03,8,-0.0021499999999999853,0,0,0,0,0,0,0,0,0,0
2019-02-02,2019-02-02,6,0.1971333333333333,0,0,0,0,0,0,0,0,0,0
2019-02-01,2019-02-01,14,0.35130000000000006,0,0,1,0,0,0,0,0,0,0
2019-01-31,2019-01-31,8,0.42765,0,0,0,0,0,0,0,0,0,0
2019-01-30,2019-01-30,6,0.363,0,0,0,0,0,0,0,0,0,0
2019-01-29,2019-01-29,26,0.23222307692307692,0,0,1,0,0,0,0,0,0,0
2019-01-28,2019-01-28,28,0.21304285714285712,0,0,1,0,0,0,0,0,0,0
2019-01-27,2019-01-27,8,0.15224999999999997,0,0,0,0,0,0,0,0,0,0
2019-01-26,2019-01-26,8,0.276775,0,0,0,0,1,0,0,0,0,0
2019-01-25,2019-01-25,20,0.24746,0,0,1,0,0,0,0,0,0,0
2019-01-24,2019-01-24,14,0.1552,0,0,1,0,0,0,0,0,0,0
2019-01-23,2019-01-23,14,0.33308571428571426,0,0,0,0,0,0,0,0,0,0
2019-01-22,2019-01-22,20,0.16199999999999998,0,0,1,0,1,0,0,0,0,0
2019-01-21,2019-01-21,10,0.5253,0,0,0,0,1,0,0,0,0,0
2019-01-20,2019-01-20,6,-0.010300000000000012,0,0,0,0,0,0,0,0,0,0
2019-01-19,2019-01-19,16,0.20706250000000004,0,0,0,0,1,0,0,0,0,0
2019-01-18,2019-01-18,8,0.26415,0,0,0,0,0,0,0,0,0,0
2019-01-17,2019-01-17,32,0.11065625,0,0,1,0,0,0,0,0,0,0
2019-01-16,2019-01-16,20,0.2051,0,0,0,0,1,0,0,0,0,0
2019-01-15,2019-01-15,12,0.3780666666666666,0,0,0,0,0,0,0,0,0,0
2019-01-14,2019-01-14,4,0.4816,0,0,0,0,0,0,0,0,0,0
2019-01-13,2019-01-13,6,0.30463333333333337,0,0,0,0,0,0,0,0,0,0
2019-01-12,2019-01-12,6,0.30960000000000004,0,0,0,0,0,0,0,0,0,0
2019-01-11,2019-01-11,10,0.46402,0,0,1,0,0,0,0,0,0,0
2019-01-10,2019-01-10,26,0.2987692307692308,0,0,1,0,0,0,0,0,0,0
2019-01-09,2019-01-09,22,0.30509090909090913,0,0,0,0,0,0,0,0,0,0
2019-01-08,2019-01-08,16,0.236925,0,0,0,0,0,0,0,0,0,0
2019-01-07,2019-01-07,16,0.15585,0,0,0,0,0,0,0,0,0,0
2019-01-06,2019-01-06,6,0.20796666666666666,0,0,0,0,0,0,0,0,0,0
2019-01-05,2019-01-05,8,0.183775,0,0,0,0,0,0,0,0,0,0
2019-01-04,2019-01-04,16,0.03148750000000001,0,0,0,0,0,0,0,0,0,0
2019-01-03,2019-01-03,18,0.33082222222222224,0,0,1,0,0,0,0,0,0,0
2019-01-02,2019-01-02,6,0.24503333333333333,0,0,0,0,0,0,0,0,0,0
2019-01-01,2019-01-01,18,0.3110555555555556,0,0,1,0,0,0,0,0,0,0
2018-12-31,2018-12-31,26,0.48336153846153845,0,0,1,0,0,0,0,0,0,0
2018-12-30,2018-12-30,8,0.423825,0,0,0,0,0,0,0,0,0,0
2018-12-29,2018-12-29,10,0.31456,0,0,0,0,0,0,0,0,0,0
2018-12-28,2018-12-28,20,0.16196000000000002,0,0,0,0,0,0,0,0,0,0
2018-12-27,2018-12-27,10,0.48672000000000004,0,0,0,0,0,0,0,0,0,0
2018-12-26,2018-12-26,10,0.21054,0,0,0,0,0,0,0,0,0,0
2018-12-25,2018-12-25,6,0.4314,0,0,1,0,0,0,0,0,0,0
2018-12-24,2018-12-24,6,0.0,0,0,0,0,0,0,0,0,0,0
2018-12-23,2018-12-23,6,0.05143333333333335,0,0,1,0,0,0,0,0,0,0
2018-12-22,2018-12-22,6,0.4740333333333333,0,0,0,0,0,0,0,0,0,0
2018-12-21,2018-12-21,14,0.22890000000000002,0,0,0,0,0,0,0,0,0,0
2018-12-20,2018-12-20,20,0.38728999999999997,0,0,1,0,0,0,0,0,0,0
2018-12-19,2018-12-19,24,0.33649166666666663,0,0,0,0,0,0,0,0,0,0
2018-12-18,2018-12-18,34,0.3913176470588235,0,0,1,0,0,0,0,0,0,0
2018-12-17,2018-12-17,16,0.13716250000000002,0,0,0,0,0,0,0,0,0,0
2018-12-16,2018-12-16,12,0.4143666666666666,0,0,0,0,0,0,0,0,0,0
2018-12-15,2018-12-15,6,0.2038,0,0,1,0,0,0,0,0,0,0
2018-12-14,2018-12-14,16,0.44227500000000003,0,0,0,0,0,0,0,0,0,0
2018-12-13,2018-12-13,16,0.2733125,0,0,0,0,0,0,0,0,0,0
2018-12-12,2018-12-12,26,0.1986230769230769,0,0,1,0,0,0,0,0,0,0
2018-12-11,2018-12-11,22,0.1549,0,0,0,0,0,0,0,0,0,0
2018-12-10,2018-12-10,10,0.44414,0,0,0,0,0,0,0,0,0,0
2018-12-09,2018-12-09,12,0.04741666666666667,0,0,0,0,0,0,0,0,0,0
2018-12-08,2018-12-08,8,0.1496,0,0,0,0,0,0,0,0,0,0
2018-12-07,2018-12-07,32,0.21290000000000003,0,0,0,0,0,0,0,0,0,0
2018-12-06,2018-12-06,16,0.3305,0,0,0,0,0,0,0,0,0,0
2018-12-05,2018-12-05,20,0.11401999999999998,0,0,0,0,0,0,0,0,0,0
2018-12-04,2018-12-04,22,0.41650000000000004,0,0,1,0,0,0,0,0,0,0
2018-12-03,2018-12-03,4,0.3796,0,0,0,0,0,0,0,0,0,0
2018-12-02,2018-12-02,4,0.6417499999999999,0,0,0,0,0,0,0,0,0,0
2018-12-01,2018-12-01,8,0.105375,0,0,0,0,0,0,0,0,0,0
2018-11-30,2018-11-30,36,0.31263888888888886,0,0,1,0,0,0,0,0,0,0
2018-11-29,2018-11-29,12,0.14470000000000002,0,0,0,0,0,0,0,0,0,0
2018-11-28,2018-11-28,10,0.20962,0,0,0,0,0,0,0,0,0,0
2018-11-27,2018-11-27,18,0.08379999999999999,0,0,1,0,0,0,0,0,0,0
2018-11-26,2018-11-26,18,0.1742888888888889,0,0,0,0,0,0,0,0,0,0
2018-11-25,2018-11-25,12,0.017799999999999993,0,0,0,0,0,0,0,0,0,0
2018-11-24,2018-11-24,16,0.101425,0,0,0,0,0,0,0,0,0,0
2018-11-23,2018-11-23,16,0.050550000000000005,0,0,0,0,0,0,0,0,0,0
2018-11-22,2018-11-22,12,0.18671666666666664,0,0,0,0,0,0,0,0,0,0
2018-11-21,2018-11-21,12,0.3128,0,0,0,0,0,0,0,0,0,0
2018-11-20,2018-11-20,16,0.04958750000000001,0,0,0,0,0,0,0,0,0,0
2018-11-19,2018-11-19,10,0.32195999999999997,0,0,1,0,0,0,0,0,0,0
2018-11-18,2018-11-18,4,-0.16354999999999997,0,0,0,0,0,0,0,0,0,0
2018-11-17,2018-11-17,18,0.10258888888888888,0,0,0,0,0,0,0,0,0,0
2018-11-16,2018-11-16,14,0.12558571428571433,0,0,1,0,0,0,0,0,0,0
2018-11-15,2018-11-15,10,0.4337,0,0,0,0,0,0,0,0,0,0
2018-11-14,2018-11-14,16,0.10573750000000001,0,0,0,0,0,0,0,0,0,0
2018-11-13,2018-11-13,20,0.13659000000000002,0,0,1,0,0,0,0,0,0,0
2018-11-12,2018-11-12,14,0.061642857142857145,0,0,0,0,0,0,0,0,0,0
2018-11-11,2018-11-11,12,0.1483666666666667,0,0,0,0,0,0,0,0,0,0
2018-11-10,2018-11-10,8,-0.05907499999999999,0,0,0,0,0,0,0,0,0,0
2018-11-09,2018-11-09,24,0.15025,0,0,1,0,0,0,0,0,0,0
2018-11-08,2018-11-08,6,0.03536666666666669,0,0,1,0,0,0,0,0,0,0
2018-11-07,2018-11-07,12,0.26358333333333334,0,0,1,0,0,0,0,0,0,0
2018-11-06,2018-11-06,14,0.3195,0,0,1,0,0,0,0,0,0,0
2018-11-05,2018-11-05,9,0.14753333333333335,0,0,0,0,0,0,0,0,0,0
2018-11-04,2018-11-04,8,0.508425,0,0,0,0,0,0,0,0,0,0
2018-11-03,2018-11-03,12,0.25001666666666666,0,0,0,0,0,0,0,0,0,0
2018-11-02,2018-11-02,14,0.3696428571428571,0,0,0,0,0,0,0,0,0,0
2018-11-01,2018-11-01,16,0.125975,0,0,0,0,0,0,0,0,0,0
2018-10-31,2018-10-31,30,0.3697466666666666,0,0,1,0,0,0,0,0,0,0
2018-10-30,2018-10-30,18,0.07698888888888891,0,0,0,0,0,0,0,0,0,0
2018-10-29,2018-10-29,10,0.029379999999999996,0,0,0,0,0,0,0,0,0,0
2018-10-28,2018-10-28,14,0.29108571428571434,0,0,0,0,0,0,0,0,0,0
2018-10-27,2018-10-27,10,0.53698,0,0,1,0,0,0,0,0,0,0
2018-10-26,2018-10-26,8,0.04705000000000001,0,0,0,0,0,0,0,0,0,0
2018-10-25,2018-10-25,14,0.1421142857142857,0,0,0,0,0,0,0,0,0,0
2018-10-24,2018-10-24,12,0.5023666666666666,0,0,0,0,0,0,0,0,0,0
2018-10-23,2018-10-23,14,0.1486857142857143,0,0,1,0,0,0,0,0,0,0
2018-10-22,2018-10-22,2,0.7297,0,0,0,0,0,0,0,0,0,0
2018-10-21,2018-10-21,8,0.11454999999999999,0,0,0,0,0,0,0,0,0,0
2018-10-20,2018-10-20,14,0.06892857142857144,0,0,0,0,0,0,0,0,0,0
2018-10-19,2018-10-19,16,0.2287375,0,0,1,0,0,0,0,0,0,0
2018-10-18,2018-10-18,10,0.09028,0,0,0,0,0,0,0,0,0,0
2018-10-17,2018-10-17,38,0.3103473684210527,0,0,1,0,0,0,0,0,0,0
2018-10-16,2018-10-16,20,0.19237,0,0,0,0,0,0,0,0,0,0
2018-10-15,2018-10-15,20,0.028210000000000002,0,0,1,0,0,0,0,0,0,0
2018-10-14,2018-10-14,22,0.29702727272727275,0,0,1,0,0,0,0,0,0,0
2018-10-13,2018-10-13,4,0.1909,0,0,0,0,0,0,0,0,0,0
2018-10-12,2018-10-12,14,0.2167142857142857,0,0,0,0,0,0,0,0,0,0
2018-10-11,2018-10-11,14,0.15157142857142855,0,0,0,0,0,0,0,0,0,0
2018-10-10,2018-10-10,18,0.281811111111111,0,0,0,0,0,0,0,0,0,0
2018-10-09,2018-10-09,18,0.23791111111111116,0,0,1,0,0,0,0,0,0,0
2018-10-08,2018-10-08,22,0.2402,0,0,1,0,0,0,0,0,0,0
2018-10-07,2018-10-07,10,0.27142,0,0,0,0,0,0,0,0,0,0
2018-10-06,2018-10-06,10,0.41769999999999996,0,0,0,0,0,0,0,0,0,0
2018-10-05,2018-10-05,10,0.22982,0,0,0,0,0,0,0,0,0,0
2018-10-04,2018-10-04,24,0.4237166666666667,0,0,1,0,0,0,0,0,0,0
2018-10-03,2018-10-03,14,0.1555571428571429,0,0,0,0,0,0,0,0,0,0
2018-10-02,2018-10-02,14,0.01284285714285714,0,0,0,0,0,0,0,0,0,0
2018-10-01,2018-10-01,22,0.1374272727272727,0,0,0,0,0,0,0,0,0,0
2018-09-30,2018-09-30,12,0.008666666666666675,0,0,0,0,0,0,0,0,0,0
2018-09-29,2018-09-29,30,0.20617333333333326,0,0,0,0,0,0,0,0,0,0
2018-09-28,2018-09-28,16,0.4745375,0,0,0,0,0,0,0,0,0,0
2018-09-27,2018-09-27,16,0.3384375,0,0,0,0,0,0,0,0,0,0
2018-09-26,2018-09-26,18,0.16831111111111105,0,0,0,0,0,0,0,0,0,0
2018-09-25,2018-09-25,28,0.20036428571428572,0,0,0,0,0,0,0,0,0,0
2018-09-24,2018-09-24,16,0.225925,0,0,0,0,0,0,0,0,0,0
2018-09-23,2018-09-23,4,0.2583,0,0,0,0,0,0,0,0,0,0
2018-09-22,2018-09-22,16,0.2929625,0,0,0,0,0,0,0,0,0,0
2018-09-21,2018-09-21,26,0.40725384615384613,0,0,0,0,0,0,0,0,0,0
2018-09-20,2018-09-20,28,0.11517857142857142,0,0,0,0,0,0,0,0,0,0
2018-09-19,2018-09-19,28,0.0677357142857143,0,0,0,0,0,0,0,0,0,0
2018-09-18,2018-09-18,10,0.47712000000000004,0,0,0,0,0,0,0,0,0,0
2018-09-17,2018-09-17,36,0.15891666666666668,0,0,0,0,0,0,0,0,0,0
2018-09-16,2018-09-16,6,-0.18076666666666666,0,0,0,0,0,0,0,0,0,0
2018-09-15,2018-09-15,6,0.09053333333333334,0,0,0,0,0,0,0,0,0,0
2018-09-14,2018-09-14,18,0.12985555555555553,0,0,0,0,0,0,0,0,0,0
2018-09-13,2018-09-13,18,0.3239444444444445,0,0,0,0,0,0,0,0,0,0
2018-09-12,2018-09-12,18,0.20554444444444447,0,0,0,0,0,0,0,0,0,0
2018-09-11,2018-09-11,24,0.4228833333333333,0,0,1,0,0,0,0,0,0,0
2018-09-10,2018-09-10,24,0.20719166666666664,0,0,0,0,0,0,0,0,0,0
2018-09-09,2018-09-09,10,0.16594000000000003,0,0,0,0,0,0,0,0,0,0
2018-09-08,2018-09-08,10,0.09218000000000001,0,0,0,0,0,0,0,0,0,0
2018-09-07,2018-09-07,28,0.08218571428571428,0,0,0,0,0,0,0,0,0,0
2018-09-06,2018-09-06,54,0.22764444444444448,0,0,0,0,0,0,0,0,0,0
2018-09-05,2018-09-05,200,0.18266999999999997,0,0,0,0,0,0,0,0,0,0
2018-09-04,2018-09-04,40,0.12981,0,0,0,0,0,0,0,0,0,0
2018-09-03,2018-09-03,16,0.019912500000000007,0,0,0,0,0,0,0,0,0,0
2018-09-02,2018-09-02,14,0.06411428571428571,0,0,0,0,0,0,0,0,0,0
2018-09-01,2018-09-01,12,0.09904999999999999,0,0,1,0,0,0,0,0,0,0
2018-08-31,2018-08-31,26,0.20990769230769232,0,0,0,0,0,0,0,0,0,0
2018-08-30,2018-08-30,10,0.36468,0,0,0,0,0,0,0,0,0,0
2018-08-29,2018-08-29,10,0.16878,0,0,0,0,0,0,0,0,0,0
2018-08-28,2018-08-28,10,0.21558000000000002,0,0,0,0,0,0,0,0,0,0
2018-08-27,2018-08-27,46,0.17562608695652177,0,0,1,0,0,0,0,0,0,0
2018-08-26,2018-08-26,10,0.41167999999999993,0,0,0,0,0,0,0,0,0,0
2018-08-25,2018-08-25,12,0.20656666666666665,0,0,0,0,0,0,0,0,0,0
2018-08-24,2018-08-24,10,0.29088,0,0,0,0,0,0,0,0,0,0
2018-08-23,2018-08-23,26,0.0345,0,0,1,0,0,0,0,0,0,0
2018-08-22,2018-08-22,14,-0.03499999999999999,0,0,0,0,0,0,0,0,0,0
2018-08-21,2018-08-21,14,0.2274142857142857,0,0,0,0,0,0,0,0,0,0
2018-08-20,2018-08-20,8,0.385675,0,0,1,0,0,0,0,0,0,0
2018-08-19,2018-08-19,6,-0.2785666666666667,0,0,0,0,0,0,0,0,0,0
2018-08-18,2018-08-18,10,0.45816000000000007,0,0,0,0,0,0,0,0,0,0
2018-08-17,2018-08-17,10,0.26186,0,0,1,0,0,0,0,0,0,0
2018-08-16,2018-08-16,14,0.6261857142857143,0,0,1,0,0,0,0,0,0,0
2018-08-15,2018-08-15,20,0.16366,0,0,1,0,0,0,0,0,0,0
2018-08-14,2018-08-14,20,0.04784000000000001,0,0,0,0,0,0,0,0,0,0
2018-08-13,2018-08-13,16,0.059687500000000004,0,0,0,0,0,0,0,0,0,0
2018-08-12,2018-08-12,12,0.02991666666666666,0,0,0,0,0,0,0,0,0,0
2018-08-11,2018-08-11,16,0.385775,0,0,1,0,0,0,0,1,0,0
2018-08-10,2018-08-10,18,0.44650000000000006,0,0,0,0,0,0,0,0,0,0
2018-08-09,2018-08-09,18,0.18223333333333333,0,0,1,0,0,0,0,0,0,0
2018-08-08,2018-08-08,28,0.0046,0,0,1,0,0,0,0,0,0,0
2018-08-07,2018-08-07,20,0.34442000000000006,0,0,1,0,0,0,0,0,0,0
2018-08-06,2018-08-06,18,0.21756666666666666,0,0,0,0,0,0,0,0,0,0
2018-08-05,2018-08-05,6,0.2859666666666667,0,0,0,0,0,0,0,0,0,0
2018-08-04,2018-08-04,4,0.1806,0,0,0,0,0,0,0,0,0,0
2018-08-03,2018-08-03,14,0.43075714285714284,0,0,1,0,0,0,0,0,0,0
2018-08-02,2018-08-02,6,0.26530000000000004,0,0,0,0,0,0,0,0,0,0
2018-08-01,2018-08-01,16,0.229925,0,0,0,0,0,0,0,0,0,0
2018-07-31,2018-07-31,16,0.17686249999999998,0,0,1,0,0,0,0,0,0,0
2018-07-30,2018-07-30,8,0.681775,0,0,0,0,0,0,0,0,0,0
2018-07-29,2018-07-29,12,0.06385,0,0,0,0,0,0,0,0,0,0
2018-07-28,2018-07-28,6,0.40746666666666664,0,0,0,0,0,0,0,0,0,0
2018-07-27,2018-07-27,16,0.0828,0,0,0,0,0,0,0,0,0,0
2018-07-26,2018-07-26,10,0.5036599999999999,0,0,0,0,0,0,0,0,0,0
2018-07-25,2018-07-25,22,0.05981818181818182,0,0,0,0,0,0,0,0,0,0
2018-07-24,2018-07-24,14,-0.03659999999999998,0,0,0,0,0,0,0,0,0,0
2018-07-23,2018-07-23,14,-0.00838571428571427,0,0,0,0,0,0,0,0,0,0
2018-07-22,2018-07-22,4,0.24015,0,0,0,0,0,0,0,0,0,0
2018-07-21,2018-07-21,12,0.19646666666666665,0,0,0,0,0,0,0,0,0,0
2018-07-20,2018-07-20,12,0.16716666666666669,0,0,0,0,0,0,0,0,0,0
2018-07-19,2018-07-19,10,0.37736000000000003,0,0,0,0,0,0,0,0,0,0
2018-07-18,2018-07-18,10,0.12646,0,0,0,0,0,0,0,0,0,0
2018-07-17,2018-07-17,26,0.23155384615384617,0,0,0,0,0,0,0,0,0,0
2018-07-16,2018-07-16,20,0.10947,0,0,0,0,0,0,0,0,0,0
2018-07-15,2018-07-15,4,0.62075,0,0,0,0,0,0,0,0,0,0
2018-07-14,2018-07-14,4,0.37125,0,0,0,0,0,0,0,0,0,0
2018-07-13,2018-07-13,22,0.04441818181818181,0,0,0,0,0,0,0,0,0,0
2018-07-12,2018-07-12,10,0.24562,0,0,0,0,0,0,0,0,0,0
2018-07-11,2018-07-11,14,-0.11257142857142857,0,0,0,0,0,0,0,0,0,0
2018-07-10,2018-07-10,12,0.5295333333333333,0,0,0,0,0,0,0,0,0,0
2018-07-09,2018-07-09,8,0.3366,0,0,0,0,0,0,0,0,0,0
2018-07-08,2018-07-08,4,0.0952,0,0,0,0,0,0,0,0,0,0
2018-07-07,2018-07-07,10,0.05955999999999999,0,0,0,0,0,0,0,0,0,0
2018-07-06,2018-07-06,22,0.12027272727272727,0,0,0,0,0,0,0,0,0,0
2018-07-05,2018-07-05,18,0.29763333333333336,0,0,0,0,0,0,0,0,0,0
2018-07-04,2018-07-04,24,0.09184999999999999,0,0,1,0,0,0,0,0,0,0
2018-07-03,2018-07-03,28,0.2059571428571428,0,0,0,0,0,0,0,1,0,0
2018-07-02,2018-07-02,8,0.191375,0,0,0,0,0,0,0,0,0,0
2018-07-01,2018-07-01,8,0.45377500000000004,0,0,0,0,0,0,0,0,0,0
2018-06-30,2018-06-30,23,0.12416521739130436,0,0,1,0,0,0,0,0,0,0
2018-06-29,2018-06-29,23,-0.09571739130434782,0,0,0,0,0,0,0,0,0,0
2018-06-28,2018-06-28,20,0.14295,0,0,0,0,0,0,0,0,0,0
2018-06-27,2018-06-27,16,-0.03405,0,0,1,0,0,0,0,0,0,0
2018-06-26,2018-06-26,22,0.11235454545454546,0,0,0,0,0,0,0,0,0,0
2018-06-25,2018-06-25,34,0.14135294117647063,0,0,1,0,0,0,0,0,0,0
2018-06-24,2018-06-24,6,-0.1544666666666667,0,0,0,0,0,0,0,0,0,0
2018-06-23,2018-06-23,22,0.12589090909090908,0,0,0,0,0,0,0,0,0,0
2018-06-22,2018-06-22,18,0.19617777777777778,0,0,0,0,0,0,0,0,0,0
2018-06-21,2018-06-21,18,0.3447555555555556,0,0,0,0,0,0,0,0,0,0
2018-06-20,2018-06-20,36,0.20228888888888885,0,0,0,0,0,0,0,0,0,0
2018-06-19,2018-06-19,16,0.025037500000000018,0,0,0,0,0,0,0,0,0,0
2018-06-18,2018-06-18,40,-0.010722499999999996,0,0,1,0,0,0,0,0,0,0
2018-06-17,2018-06-17,15,-0.008686666666666665,0,0,0,0,0,0,0,0,0,0
2018-06-16,2018-06-16,41,0.09862926829268295,0,0,0,0,0,0,0,0,0,0
2018-06-15,2018-06-15,18,0.13336666666666666,0,0,0,0,0,0,0,0,0,0
2018-06-14,2018-06-14,38,0.15344210526315788,0,0,1,0,0,0,0,0,0,0
2018-06-13,2018-06-13,25,0.08116,0,0,0,0,0,0,0,1,0,0
2018-06-12,2018-06-12,27,0.12758888888888884,0,0,0,0,0,0,0,0,0,0
2018-06-11,2018-06-11,23,0.2560826086956522,0,0,0,0,0,0,0,0,0,0
2018-06-10,2018-06-10,40,0.08521999999999999,0,0,0,0,0,0,0,0,0,0
2018-06-09,2018-06-09,30,0.34686000000000006,0,0,0,0,0,0,0,0,0,0
2018-06-08,2018-06-08,30,0.2684066666666666,0,0,0,0,0,0,0,0,0,0
2018-06-07,2018-06-07,16,0.13072499999999998,0,0,0,0,0,0,0,0,0,0
2018-06-06,2018-06-06,32,0.2211375,0,0,0,0,0,0,0,0,0,0
2018-06-05,2018-06-05,16,0.39636250000000006,0,0,0,0,0,0,0,0,0,0
2018-06-04,2018-06-04,40,0.4470249999999999,0,0,1,0,0,0,0,0,0,0
2018-06-03,2018-06-03,12,0.07428333333333333,0,0,0,0,0,0,0,0,0,0
2018-06-02,2018-06-02,32,0.15375624999999998,0,0,0,0,0,0,0,0,0,0
2018-06-01,2018-06-01,50,0.154112,0,0,0,0,0,0,0,1,0,0
2018-05-31,2018-05-31,62,0.10037741935483871,0,0,0,0,0,0,0,0,0,0
2018-05-30,2018-05-30,44,0.20776363636363637,0,0,1,0,0,0,0,0,0,0
2018-05-29,2018-05-29,62,0.2135967741935483,0,0,0,0,0,0,0,0,0,0
2018-05-28,2018-05-28,18,0.2120666666666667,0,0,0,0,0,0,0,1,0,0
2018-05-27,2018-05-27,10,0.09584,0,0,0,0,0,0,0,0,0,0
2018-05-26,2018-05-26,10,0.09506,0,0,0,0,0,0,0,0,0,0
2018-05-25,2018-05-25,14,0.4222857142857142,0,0,0,0,0,0,0,0,0,0
2018-05-24,2018-05-24,8,0.09690000000000001,0,0,0,0,0,0,0,0,0,0
2018-05-23,2018-05-23,18,0.4198888888888889,0,0,1,0,0,0,0,0,0,0
2018-05-22,2018-05-22,20,0.42207,0,0,1,0,0,0,0,0,0,0
2018-05-21,2018-05-21,20,0.34729,0,0,1,0,0,0,0,0,0,0
2018-05-20,2018-05-20,6,0.16256666666666666,0,0,0,0,0,0,0,0,0,0
2018-05-19,2018-05-19,6,0.24683333333333335,0,0,0,0,0,0,0,0,0,0
2018-05-18,2018-05-18,12,-0.18545,0,0,1,0,0,0,0,0,0,0
2018-05-17,2018-05-17,30,0.25204666666666664,0,0,1,0,0,0,0,0,0,0
2018-05-16,2018-05-16,18,0.11381111111111109,0,0,0,0,0,0,0,0,0,0
2018-05-15,2018-05-15,18,0.48381111111111114,0,0,0,0,0,0,0,0,0,0
2018-05-14,2018-05-14,26,0.32799230769230764,0,0,0,0,0,0,0,0,0,0
2018-05-13,2018-05-13,6,0.1087,0,0,0,0,0,0,0,0,0,0
2018-05-12,2018-05-12,16,0.41100000000000003,0,0,0,0,0,0,0,0,0,0
2018-05-11,2018-05-11,14,0.1373,0,0,0,0,0,0,0,0,0,0
2018-05-10,2018-05-10,38,0.4805263157894735,0,0,1,0,0,0,0,0,0,0
2018-05-09,2018-05-09,34,0.24,0,0,0,0,0,0,0,0,0,0
2018-05-08,2018-05-08,8,0.38375,0,0,0,0,0,0,0,0,0,0
2018-05-07,2018-05-07,24,0.29730833333333334,0,0,1,0,0,0,0,0,0,0
2018-05-06,2018-05-06,6,0.5009333333333333,0,0,0,0,0,0,0,0,0,0
2018-05-05,2018-05-05,12,0.14204999999999998,0,0,1,0,0,0,0,0,0,0
2018-05-04,2018-05-04,16,0.5112125000000001,0,0,0,0,0,0,0,0,0,0
2018-05-03,2018-05-03,22,0.2650636363636364,0,0,1,0,0,0,0,0,0,0
2018-05-02,2018-05-02,34,0.1145705882352941,0,0,1,0,0,0,0,0,0,0
2018-05-01,2018-05-01,28,0.03847142857142858,0,0,1,0,0,0,0,0,0,0
2018-04-30,2018-04-30,24,0.3025333333333334,0,0,1,0,0,0,0,0,0,0
2018-04-29,2018-04-29,32,0.10584375000000001,0,0,1,0,0,0,0,0,0,0
2018-04-28,2018-04-28,16,0.2012375,0,0,0,0,0,0,0,0,0,0
2018-04-27,2018-04-27,20,0.15977,0,0,1,0,0,0,0,0,0,0
2018-04-26,2018-04-26,34,0.2983411764705882,0,0,1,0,0,0,0,0,0,0
2018-04-25,2018-04-25,32,0.15878750000000003,0,0,1,0,0,0,0,0,0,0
2018-04-24,2018-04-24,8,0.12285,0,0,0,0,0,0,0,0,0,0
2018-04-23,2018-04-23,22,0.20794545454545454,0,0,1,0,0,0,0,0,0,0
2018-04-22,2018-04-22,8,0.2461,0,0,0,0,0,0,0,0,0,0
2018-04-21,2018-04-21,8,0.1725,0,0,1,0,0,0,0,0,0,0
2018-04-20,2018-04-20,30,0.40057999999999994,0,0,1,0,0,0,0,0,0,0
2018-04-19,2018-04-19,20,0.40237,0,0,1,0,0,0,0,0,0,0
2018-04-18,2018-04-18,44,0.3897272727272727,0,0,1,0,0,0,0,0,0,0
2018-04-17,2018-04-17,22,0.3764181818181818,0,0,0,0,0,0,0,0,0,0
2018-04-16,2018-04-16,22,0.5056363636363636,0,0,1,0,0,0,0,0,0,0
2018-04-15,2018-04-15,8,-0.02342499999999999,0,0,0,0,0,0,0,0,0,0
2018-04-14,2018-04-14,10,0.20586000000000002,0,0,0,0,0,0,0,0,0,0
2018-04-13,2018-04-13,18,0.26559999999999995,0,0,1,0,0,0,0,0,0,0
2018-04-12,2018-04-12,42,0.06300952380952382,0,0,0,0,0,0,0,0,0,0
2018-04-11,2018-04-11,10,0.36940000000000006,0,0,0,0,0,0,0,0,0,0
2018-04-10,2018-04-10,16,0.4291625,0,0,1,0,0,0,0,0,0,0
2018-04-09,2018-04-09,26,0.5151153846153846,0,0,0,0,0,0,0,0,0,0
2018-04-08,2018-04-08,6,0.21989999999999998,0,0,1,0,0,0,0,0,0,0
2018-04-07,2018-04-07,18,0.45493333333333336,0,0,0,0,0,0,0,0,0,0
2018-04-06,2018-04-06,22,0.1858545454545455,0,0,1,0,0,0,0,0,0,0
2018-04-05,2018-04-05,22,0.06613636363636365,0,0,1,0,0,0,0,0,0,0
2018-04-04,2018-04-04,18,0.19484444444444446,0,0,1,0,0,0,0,0,0,0
2018-04-03,2018-04-03,38,0.14427894736842103,0,0,1,0,0,0,0,0,0,0
2018-04-02,2018-04-02,12,0.10840000000000001,0,0,0,0,0,0,0,0,0,0
2018-04-01,2018-04-01,8,0.32445,0,0,0,0,0,0,0,0,0,0
2018-03-31,2018-03-31,8,0.512975,0,0,0,0,0,0,0,0,0,0
2018-03-30,2018-03-30,28,0.2669785714285714,0,0,1,0,0,0,0,0,0,0
2018-03-29,2018-03-29,30,0.34281333333333336,0,0,0,0,0,0,0,0,0,0
2018-03-28,2018-03-28,26,0.39690769230769235,0,0,1,0,0,0,0,0,0,0
2018-03-27,2018-03-27,20,0.10103,0,0,1,0,0,0,0,0,0,0
2018-03-26,2018-03-26,6,-0.11686666666666667,0,0,1,0,0,0,0,0,0,0
2018-03-25,2018-03-25,20,0.30451,0,0,0,0,0,0,0,0,0,0
2018-03-24,2018-03-24,14,0.12254285714285716,0,0,0,0,0,0,0,0,0,0
2018-03-23,2018-03-23,34,0.29615294117647056,0,0,1,0,0,0,0,0,0,0
2018-03-22,2018-03-22,20,0.20110999999999998,0,0,1,0,0,0,0,0,0,0
2018-03-21,2018-03-21,28,0.4574857142857143,0,0,0,0,0,0,0,0,0,0
2018-03-20,2018-03-20,22,0.36587272727272724,0,0,1,0,0,0,0,0,0,0
2018-03-19,2018-03-19,24,0.33177500000000004,0,0,1,0,0,0,0,0,0,0
2018-03-18,2018-03-18,8,0.11135,0,0,0,0,0,0,0,0,0,0
2018-03-17,2018-03-17,12,0.3577333333333333,0,0,1,0,0,0,0,0,0,0
2018-03-16,2018-03-16,14,0.34167142857142857,0,0,1,0,0,0,0,0,0,0
2018-03-15,2018-03-15,22,0.2536363636363636,0,0,0,0,0,0,0,0,0,0
2018-03-14,2018-03-14,8,0.018775,0,0,0,0,0,0,0,0,0,0
2018-03-13,2018-03-13,20,0.37115000000000004,0,0,1,0,0,0,0,0,0,0
2018-03-12,2018-03-12,18,0.3622,0,0,1,0,0,0,0,1,0,0
2018-03-11,2018-03-11,8,0.30227499999999996,0,0,0,0,0,0,0,0,0,0
2018-03-10,2018-03-10,16,0.21105000000000002,0,0,0,0,0,0,0,0,0,0
2018-03-09,2018-03-09,16,0.14111249999999997,0,0,1,0,0,0,0,0,0,0
2018-03-08,2018-03-08,26,0.28474615384615387,0,0,1,0,0,0,0,0,0,0
2018-03-07,2018-03-07,14,-0.052771428571428615,0,0,0,0,0,0,0,0,0,0
2018-03-06,2018-03-06,20,0.34719999999999995,0,0,0,0,0,0,0,0,0,0
2018-03-05,2018-03-05,20,0.07185,0,0,1,0,0,0,0,0,0,0
2018-03-04,2018-03-04,2,-0.3818,0,0,0,0,0,0,0,0,0,0
2018-03-03,2018-03-03,20,0.42289999999999994,0,0,0,0,0,0,0,0,0,0
2018-03-02,2018-03-02,20,0.29429,0,0,1,0,0,0,0,0,0,0
2018-03-01,2018-03-01,8,0.7563500000000001,0,0,0,0,0,0,0,0,0,0
2018-02-28,2018-02-28,22,0.3489363636363636,0,0,0,0,0,0,0,0,0,0
2018-02-27,2018-02-27,26,0.23623076923076924,0,0,1,0,0,0,0,0,0,0
2018-02-26,2018-02-26,60,0.16276999999999997,0,0,0,0,0,0,0,0,0,0
2018-02-25,2018-02-25,10,0.14987999999999999,0,0,0,0,0,0,0,0,0,0
2018-02-24,2018-02-24,14,0.04571428571428572,0,0,0,0,0,0,0,0,0,0
2018-02-23,2018-02-23,30,0.21763333333333337,0,0,1,0,0,0,0,0,0,0
2018-02-22,2018-02-22,12,0.05676666666666668,0,0,1,0,0,0,0,0,0,0
2018-02-21,2018-02-21,28,0.09709285714285713,0,0,1,0,0,0,0,0,0,0
2018-02-20,2018-02-20,12,0.20856666666666665,0,0,0,0,0,0,0,0,0,0
2018-02-19,2018-02-19,14,0.04322857142857143,0,0,0,0,0,0,0,0,0,0
2018-02-18,2018-02-18,2,0.0,0,0,0,0,0,0,0,0,0,0
2018-02-17,2018-02-17,6,0.3005,0,0,0,0,0,0,0,0,0,0
2018-02-16,2018-02-16,8,-0.582875,0,0,0,0,0,0,0,0,0,0
2018-02-15,2018-02-15,8,0.37007499999999993,0,0,1,0,0,0,0,0,0,0
2018-02-14,2018-02-14,6,-0.05103333333333334,0,0,0,0,0,0,0,0,0,0
2018-02-13,2018-02-13,16,0.35076250000000003,0,0,1,0,0,0,0,0,0,0
2018-02-12,2018-02-12,14,0.5677142857142857,0,0,0,0,0,0,0,0,0,0
2018-02-11,2018-02-11,4,0.11315,0,0,0,0,0,0,0,0,0,0
2018-02-09,2018-02-09,4,0.55145,0,0,0,0,0,0,0,0,0,0
2018-02-08,2018-02-08,4,0.3902,0,0,0,0,0,0,0,0,0,0
2018-02-07,2018-02-07,8,0.2328,0,0,1,0,0,0,0,0,0,0
2018-02-06,2018-02-06,20,0.37459999999999993,0,0,1,0,0,0,0,0,0,0
2018-02-05,2018-02-05,26,0.0408923076923077,0,0,1,0,0,0,0,0,0,0
2018-02-04,2018-02-04,4,0.1909,0,0,0,0,0,0,0,0,0,0
2018-02-03,2018-02-03,4,0.26335,0,0,0,0,0,0,0,0,0,0
2018-02-02,2018-02-02,16,0.12127500000000001,0,0,1,0,0,0,0,0,0,0
2018-02-01,2018-02-01,10,0.25392000000000003,0,0,0,0,0,0,0,0,0,0
2018-01-31,2018-01-31,8,0.21557500000000002,0,0,0,0,0,0,0,0,0,0
2018-01-30,2018-01-30,14,0.3503714285714286,0,0,1,0,0,0,0,0,0,0
2018-01-29,2018-01-29,18,0.06257777777777777,0,0,1,0,0,0,0,0,0,0
2018-01-28,2018-01-28,6,-0.09866666666666667,0,0,0,0,0,0,0,0,0,0
2018-01-27,2018-01-27,10,0.31966,0,0,0,0,0,0,0,0,0,0
2018-01-26,2018-01-26,10,0.18686000000000003,0,0,0,0,0,0,0,0,0,0
2018-01-25,2018-01-25,20,0.27891999999999995,0,0,1,0,0,0,0,0,0,0
2018-01-24,2018-01-24,34,0.24800588235294113,0,0,1,0,0,0,0,0,0,0
2018-01-23,2018-01-23,28,0.12535,0,0,1,0,0,0,0,0,0,0
2018-01-22,2018-01-22,12,0.22785,0,0,0,0,0,0,0,0,0,0
2018-01-21,2018-01-21,4,0.36755,0,0,1,0,0,0,0,0,0,0
2018-01-20,2018-01-20,8,0.641875,0,0,1,0,0,0,0,0,0,0
2018-01-19,2018-01-19,14,0.12882857142857143,0,0,1,0,0,0,0,0,0,0
2018-01-18,2018-01-18,16,0.1640875,0,0,1,0,0,0,0,0,0,0
2018-01-17,2018-01-17,12,0.4351,0,0,1,0,0,0,0,0,0,0
2018-01-16,2018-01-16,12,-0.11114999999999998,0,0,0,0,0,0,0,0,0,0
2018-01-15,2018-01-15,28,0.3974214285714286,0,0,1,0,0,0,0,0,0,0
2018-01-14,2018-01-14,8,0.12765,0,0,0,0,0,0,0,0,0,0
2018-01-13,2018-01-13,18,0.14575555555555558,0,0,1,0,0,0,0,0,0,0
2018-01-12,2018-01-12,18,-0.024122222222222225,0,0,1,0,0,0,0,0,0,0
2018-01-11,2018-01-11,2,0.3769,0,0,0,0,0,0,0,0,0,0
2018-01-10,2018-01-10,10,0.11364,0,0,1,0,0,0,0,0,0,0
2018-01-09,2018-01-09,16,0.187725,0,0,1,0,0,0,0,0,0,0
2018-01-08,2018-01-08,26,0.17302307692307695,0,0,1,0,0,0,0,0,0,0
2018-01-07,2018-01-07,12,0.3621666666666667,0,0,1,0,0,0,0,0,0,0
2018-01-06,2018-01-06,12,0.16701666666666667,0,0,1,0,0,0,0,0,0,0
2018-01-05,2018-01-05,26,0.38243846153846156,0,0,1,0,0,0,0,0,0,0
2018-01-04,2018-01-04,18,0.17706666666666665,0,0,1,0,0,0,0,0,0,0
2018-01-03,2018-01-03,12,0.15568333333333334,0,0,1,0,0,0,0,0,0,0
2018-01-02,2018-01-02,14,0.3002142857142857,0,0,1,0,0,0,0,0,0,0
2018-01-01,2018-01-01,8,0.3874,0,0,0,0,0,0,0,0,0,0
2017-12-31,2017-12-31,4,0.6711,0,0,1,0,0,0,0,0,0,0
2017-12-30,2017-12-30,12,0.09938333333333332,0,0,1,0,0,0,0,0,0,0
2017-12-29,2017-12-29,16,0.3271,0,0,0,0,0,0,0,0,0,0
2017-12-28,2017-12-28,26,0.12739999999999999,0,0,1,0,0,0,0,0,0,0
2017-12-27,2017-12-27,24,0.29921666666666663,0,0,1,0,0,0,0,0,0,0
2017-12-26,2017-12-26,10,-0.07416,0,0,0,0,0,0,0,0,0,0
2017-12-25,2017-12-25,12,-0.03948333333333334,0,0,1,0,0,0,0,0,0,0
2017-12-24,2017-12-24,4,0.50905,0,0,1,0,0,0,0,0,0,0
2017-12-23,2017-12-23,8,0.372625,0,0,0,0,0,0,0,0,0,0
2017-12-22,2017-12-22,22,0.45321818181818185,0,0,1,0,0,0,0,0,0,0
2017-12-21,2017-12-21,20,0.34795000000000004,0,0,1,0,0,0,0,0,0,0
2017-12-20,2017-12-20,30,0.16282666666666668,0,0,1,0,0,0,0,0,0,0
2017-12-19,2017-12-19,20,0.17524,0,0,1,0,0,0,0,0,0,0
2017-12-18,2017-12-18,18,0.2890111111111111,0,0,1,0,0,0,0,0,0,0
2017-12-17,2017-12-17,12,0.05485,0,0,1,0,0,0,0,0,0,0
2017-12-16,2017-12-16,14,0.2561714285714286,0,0,1,0,0,0,0,0,0,0
2017-12-15,2017-12-15,12,0.20023333333333335,0,0,1,0,0,0,0,0,0,0
2017-12-14,2017-12-14,22,0.07801818181818182,0,0,1,0,0,0,0,0,0,0
2017-12-13,2017-12-13,30,0.20095999999999997,0,0,1,0,0,0,0,0,0,0
2017-12-12,2017-12-12,22,0.33302727272727267,0,0,0,0,0,0,0,0,0,0
2017-12-11,2017-12-11,12,0.1844,0,0,1,0,0,0,0,0,0,0
2017-12-10,2017-12-10,8,0.04989999999999999,0,0,0,0,0,0,0,0,0,0
2017-12-09,2017-12-09,14,0.11684285714285714,0,0,0,0,0,0,0,0,0,0
2017-12-08,2017-12-08,18,0.13084444444444443,0,0,1,0,0,0,0,0,0,0
2017-12-07,2017-12-07,14,0.3475142857142857,0,0,1,0,0,0,0,0,0,0
2017-12-06,2017-12-06,12,0.3129833333333334,0,0,1,0,0,0,0,0,0,0
2017-12-05,2017-12-05,12,0.23026666666666673,0,0,0,0,0,0,0,0,0,0
2017-12-04,2017-12-04,8,0.49877499999999997,0,0,0,0,0,0,0,0,0,0
2017-12-03,2017-12-03,10,-0.032420000000000004,0,0,0,0,0,0,0,0,0,0
2017-12-02,2017-12-02,18,0.5153666666666666,0,0,0,0,0,0,0,0,0,0
2017-12-01,2017-12-01,12,0.05495,0,0,1,0,0,0,0,0,0,0
2017-11-30,2017-11-30,10,0.08348,0,0,0,0,0,0,0,0,0,0
2017-11-29,2017-11-29,16,0.36395,0,0,1,0,0,0,0,0,0,0
2017-11-28,2017-11-28,20,0.11425,0,0,1,0,0,0,0,0,0,0
2017-11-27,2017-11-27,16,0.3532625,0,0,1,0,0,0,0,0,0,0
2017-11-26,2017-11-26,16,0.5750125,0,0,1,0,0,0,0,0,0,0
2017-11-25,2017-11-25,20,-0.023149999999999997,0,0,0,0,0,0,0,0,0,0
2017-11-24,2017-11-24,20,0.34255,0,0,0,0,0,0,0,0,0,0
2017-11-23,2017-11-23,4,0.71555,0,0,0,0,0,0,0,0,0,0
2017-11-22,2017-11-22,16,0.47530000000000006,0,0,1,0,0,0,0,0,0,0
2017-11-21,2017-11-21,18,0.3768444444444444,0,0,1,0,0,0,0,0,0,0
2017-11-20,2017-11-20,12,0.10371666666666668,0,0,1,0,0,0,0,0,0,0
2017-11-19,2017-11-19,8,-0.1147,0,0,0,0,0,0,0,0,0,0
2017-11-17,2017-11-17,12,0.2588,0,0,1,0,0,0,0,0,0,0
2017-11-16,2017-11-16,6,0.6015333333333333,0,0,1,0,0,0,0,0,0,0
2017-11-15,2017-11-15,24,0.41475,0,0,1,0,0,0,0,0,0,0
2017-11-14,2017-11-14,12,0.23570000000000002,0,0,1,0,0,0,0,0,0,0
2017-11-13,2017-11-13,6,-0.31953333333333334,0,0,1,0,0,0,0,0,0,0
2017-11-12,2017-11-12,2,0.8402,0,0,0,0,0,0,0,0,0,0
2017-11-11,2017-11-11,6,-0.15293333333333334,0,0,0,0,0,0,0,0,0,0
2017-11-10,2017-11-10,12,0.07260000000000001,0,0,1,0,0,0,0,0,0,0
2017-11-09,2017-11-09,6,0.4458666666666667,0,0,1,0,0,0,0,0,0,0
2017-11-08,2017-11-08,18,0.26454444444444447,0,0,1,0,0,0,0,0,0,0
2017-11-07,2017-11-07,14,0.2755142857142857,0,0,1,0,0,0,0,0,0,0
2017-11-06,2017-11-06,22,0.13745454545454547,0,0,1,0,0,0,0,0,0,0
2017-11-05,2017-11-05,10,0.2327,0,0,1,0,0,0,0,0,0,0
2017-11-04,2017-11-04,6,-0.06743333333333333,0,0,0,0,0,0,0,0,0,0
2017-11-03,2017-11-03,10,0.29768,0,0,1,0,0,0,0,0,0,0
2017-11-02,2017-11-02,8,0.39215,0,0,0,0,0,0,0,0,0,0
2017-11-01,2017-11-01,8,0.7261,0,0,1,0,0,0,0,0,0,0
2017-10-31,2017-10-31,6,0.7194666666666666,0,0,1,0,0,0,0,0,0,0
2017-10-30,2017-10-30,12,0.32793333333333335,0,0,1,0,0,0,0,0,0,0
2017-10-29,2017-10-29,4,0.0,0,0,0,0,0,0,0,0,0,0
2017-10-28,2017-10-28,4,0.2202,0,0,0,0,0,0,0,0,0,0
2017-10-27,2017-10-27,10,0.23681999999999997,0,0,1,0,0,0,0,0,0,0
2017-10-26,2017-10-26,10,0.14282,0,0,0,0,0,0,0,0,0,0
2017-10-25,2017-10-25,22,0.2963090909090909,0,0,1,0,0,0,0,0,0,0
2017-10-24,2017-10-24,18,0.14315555555555556,0,0,1,0,0,0,0,0,0,0
2017-10-23,2017-10-23,12,0.26963333333333334,0,0,1,0,0,0,0,0,0,0
2017-10-22,2017-10-22,8,-0.038824999999999985,0,0,0,0,0,0,0,0,0,0
2017-10-21,2017-10-21,4,0.0,0,0,0,0,0,0,0,0,0,0
2017-10-20,2017-10-20,12,0.4804833333333334,0,0,1,0,0,0,0,0,0,0
2017-10-19,2017-10-19,14,0.33825714285714287,0,0,1,0,0,0,0,0,0,0
2017-10-18,2017-10-18,16,0.2034,0,0,1,0,0,0,0,0,0,0
2017-10-17,2017-10-17,20,0.41911000000000004,0,0,1,0,0,0,0,0,0,0
2017-10-16,2017-10-16,14,0.07849999999999999,0,0,1,0,0,0,0,0,0,0
2017-10-15,2017-10-15,2,0.0,0,0,0,0,0,0,0,0,0,0
2017-10-14,2017-10-14,18,0.2630111111111111,0,0,1,0,0,0,0,0,0,0
2017-10-13,2017-10-13,30,0.11423333333333333,0,0,1,0,0,0,0,0,0,0
2017-10-12,2017-10-12,26,0.1704230769230769,0,0,1,0,0,0,0,0,0,0
2017-10-11,2017-10-11,12,0.09886666666666666,0,0,1,0,0,0,0,1,0,0
2017-10-10,2017-10-10,20,0.12237,0,0,0,0,0,0,0,0,0,0
2017-10-09,2017-10-09,18,0.21896666666666664,0,0,1,0,0,0,0,0,0,0
2017-10-08,2017-10-08,6,0.47153333333333336,0,0,0,0,0,0,0,0,0,0
2017-10-07,2017-10-07,12,0.29596666666666666,0,0,0,0,0,0,0,0,0,0
2017-10-06,2017-10-06,8,0.567225,0,0,1,0,0,0,0,0,0,0
2017-10-05,2017-10-05,6,0.4127,0,0,1,0,0,0,0,0,0,0
2017-10-04,2017-10-04,22,0.05351818181818182,0,0,1,0,0,0,0,0,0,0
2017-10-03,2017-10-03,18,0.22857777777777777,0,0,1,0,0,0,0,0,0,0
2017-10-02,2017-10-02,18,0.1811111111111111,0,0,1,0,0,0,0,0,0,0
2017-10-01,2017-10-01,8,0.136,0,0,1,0,0,0,0,0,0,0
2017-09-30,2017-09-30,10,0.2676,0,0,0,0,0,0,0,0,0,0
2017-09-29,2017-09-29,14,0.13847142857142855,0,0,1,0,0,0,0,0,0,0
2017-09-28,2017-09-28,12,0.3125,0,0,1,0,0,0,0,0,0,0
2017-09-27,2017-09-27,12,0.1523,0,0,1,0,0,0,0,0,0,0
2017-09-26,2017-09-26,20,0.38299000000000005,0,0,1,0,0,0,0,0,0,0
2017-09-25,2017-09-25,8,-0.02152500000000001,0,0,1,0,0,0,0,0,0,0
2017-09-24,2017-09-24,8,0.25529999999999997,0,0,0,0,0,0,0,0,0,0
2017-09-23,2017-09-23,16,0.1469625,0,0,0,0,0,0,0,0,0,0
2017-09-22,2017-09-22,6,0.40736666666666665,0,0,0,0,0,0,0,0,0,0
2017-09-21,2017-09-21,12,0.050949999999999995,0,0,0,0,0,0,0,0,0,0
2017-09-20,2017-09-20,14,0.13905714285714285,0,0,0,0,0,0,0,0,0,0
2017-09-19,2017-09-19,4,0.45755,0,0,1,0,0,0,0,0,0,0
2017-09-18,2017-09-18,16,0.26806250000000004,0,0,1,0,0,0,0,0,0,0
2017-09-17,2017-09-17,2,0.6696,0,0,0,0,0,0,0,0,0,0
2017-09-16,2017-09-16,10,0.62388,0,0,0,0,0,0,0,0,0,0
2017-09-15,2017-09-15,12,0.16066666666666665,0,0,1,0,0,0,0,0,0,0
2017-09-14,2017-09-14,12,0.24295,0,0,1,0,0,0,0,0,0,0
2017-09-13,2017-09-13,12,0.09653333333333336,0,0,1,0,0,0,0,0,0,0
2017-09-12,2017-09-12,2,0.0,0,0,0,0,0,0,0,0,0,0
2017-09-11,2017-09-11,18,0.3224555555555555,0,0,1,0,0,0,0,0,0,0
2017-09-10,2017-09-10,6,0.09106666666666667,0,0,0,0,0,0,0,0,0,0
2017-09-09,2017-09-09,6,-0.11333333333333334,0,0,1,0,0,0,0,0,0,0
2017-09-08,2017-09-08,10,0.15052000000000001,0,0,0,0,0,0,0,0,0,0
2017-09-07,2017-09-07,12,0.2890166666666667,0,0,1,0,0,0,0,0,0,0
2017-09-06,2017-09-06,12,0.14165,0,0,1,0,0,0,0,0,0,0
2017-09-05,2017-09-05,36,0.2928222222222222,0,0,1,0,0,0,0,0,0,0
2017-09-04,2017-09-04,4,0.0169,0,0,0,0,0,0,0,0,0,0
2017-09-03,2017-09-03,12,0.11571666666666665,0,0,0,0,0,0,0,0,0,0
2017-09-02,2017-09-02,10,0.068,0,0,0,0,0,0,0,0,0,0
2017-09-01,2017-09-01,20,0.17916,0,0,0,0,0,0,0,0,0,0
2017-08-31,2017-08-31,22,0.13107272727272726,0,0,0,0,0,0,0,0,0,0
2017-08-30,2017-08-30,18,0.26420000000000005,0,0,1,0,0,0,0,0,0,0
2017-08-29,2017-08-29,26,0.20650769230769225,0,0,1,0,0,0,0,0,0,0
2017-08-28,2017-08-28,14,0.38441428571428576,0,0,1,0,0,0,0,0,0,0
2017-08-27,2017-08-27,12,0.19011666666666668,0,0,0,0,0,0,0,0,0,0
2017-08-26,2017-08-26,8,0.18275000000000002,0,0,0,0,0,0,0,0,0,0
2017-08-25,2017-08-25,14,0.20184285714285713,0,0,1,0,0,0,0,0,0,0
2017-08-24,2017-08-24,12,0.10811666666666665,0,0,1,0,0,0,0,0,0,0
2017-08-23,2017-08-23,8,0.2158,0,0,1,0,0,0,0,0,0,0
2017-08-22,2017-08-22,14,0.02815714285714286,0,0,0,0,0,0,0,0,0,0
2017-08-21,2017-08-21,8,0.38827500000000004,0,0,1,0,0,0,0,0,0,0
2017-08-20,2017-08-20,14,0.3081285714285714,0,0,0,0,0,0,0,0,0,0
2017-08-19,2017-08-19,6,0.0,0,0,0,0,0,0,0,0,0,0
2017-08-18,2017-08-18,16,0.29992499999999994,0,0,1,0,0,0,0,0,0,0
2017-08-17,2017-08-17,14,0.1326857142857143,0,0,1,0,0,0,0,0,0,0
