date,tweet_count,daily_sent,justinsuntron,charliebilello,binance,coinmarketcap,investingcom,huobiglobal,vitalikbuterin,grayscale,scottmelker,bosslogic
2021-05-20,61,0.06118032786885245,0,1,0,1,1,0,0,0,0,0
2021-05-19,217,0.08827741935483875,1,1,1,0,1,0,0,0,0,0
2021-05-18,49,0.37564285714285717,0,0,0,0,1,0,0,0,0,0
2021-05-17,98,0.027235714285714287,0,0,0,0,0,0,0,0,0,0
2021-05-16,42,0.09663333333333333,0,0,0,0,0,0,0,0,0,0
2021-05-15,28,0.22645000000000004,0,0,0,0,1,0,0,0,0,0
2021-05-14,70,0.22583000000000006,0,0,0,0,0,0,0,0,1,0
2021-05-13,78,0.17001410256410257,0,0,1,1,0,0,0,0,0,0
2021-05-12,106,0.19806037735849052,0,0,0,0,1,0,0,0,0,0
2021-05-11,98,0.34309285714285714,0,0,0,0,0,0,0,0,0,0
2021-05-10,154,0.22444545454545436,0,0,0,1,1,0,0,0,0,0
2021-05-09,91,0.046846153846153836,0,0,0,0,1,0,0,0,0,1
2021-05-08,105,0.2317133333333334,0,0,1,1,1,0,0,0,0,0
2021-05-07,91,0.2098923076923078,0,0,0,1,0,0,0,0,0,0
2021-05-06,70,0.3394199999999999,0,1,0,1,1,0,0,0,0,0
2021-05-05,98,0.19662142857142859,0,0,0,1,1,1,0,0,0,0
2021-05-04,161,0.2806478260869565,0,0,1,1,1,0,0,0,0,1
2021-05-03,322,0.19734782608695642,0,0,0,1,1,0,0,0,0,1
2021-05-02,84,0.14492499999999997,0,0,0,0,1,0,0,0,0,0
2021-05-01,49,0.09162857142857145,1,0,0,0,1,0,0,0,0,0
2021-04-30,21,-0.44836666666666664,0,0,0,1,0,0,0,0,0,0
2021-04-29,70,0.14276000000000005,0,0,0,1,0,0,0,0,0,0
2021-04-28,70,0.27292,0,0,0,1,1,0,0,0,0,0
2021-04-27,77,0.17573636363636363,0,0,0,1,1,0,0,0,0,0
2021-04-26,49,0.46179999999999993,0,0,0,1,0,0,0,0,0,0
2021-04-25,7,0.38180000000000003,0,0,0,0,0,0,0,0,0,0
2021-04-24,21,0.13879999999999998,0,0,0,1,0,0,0,0,0,0
2021-04-23,28,0.19450000000000003,0,0,0,1,1,0,0,0,0,0
2021-04-22,84,0.15529166666666663,0,0,0,1,0,0,0,0,0,0
2021-04-21,63,0.1083444444444445,0,1,0,1,0,0,0,0,0,0
2021-04-20,21,-0.31976666666666675,0,0,0,1,0,0,0,0,0,0
2021-04-19,35,0.16894000000000003,0,0,0,0,0,1,0,0,0,0
2021-04-18,21,0.17020000000000005,0,1,0,1,0,0,0,0,0,0
2021-04-17,42,0.06003333333333334,0,0,0,1,1,0,0,0,0,0
2021-04-16,105,0.5222133333333331,0,1,0,0,0,1,0,0,0,0
2021-04-15,119,0.19725882352941176,0,0,0,1,0,0,0,0,0,0
2021-04-14,133,0.06208947368421056,0,0,0,0,1,0,0,0,1,1
2021-04-13,119,0.2172882352941177,0,0,1,1,1,1,0,0,0,0
2021-04-12,49,0.45141428571428577,0,0,0,1,0,1,0,0,0,1
2021-04-11,14,0.1591,0,0,0,0,0,0,0,0,0,0
2021-04-10,56,0.07718749999999999,0,1,0,1,1,0,0,0,0,0
2021-04-09,35,0.40146000000000004,0,0,0,0,0,0,0,0,0,0
2021-04-08,7,0.0,0,0,0,1,0,0,0,0,0,0
2021-04-07,42,0.0,0,0,0,1,0,0,0,0,0,0
2021-04-06,35,0.36452000000000007,0,0,0,0,1,0,0,0,0,0
2021-04-05,70,0.28502999999999995,0,0,0,1,0,1,0,0,0,0
2021-04-04,21,0.021500000000000002,0,0,0,0,0,0,0,0,0,0
2021-04-03,84,0.14086666666666664,0,0,0,1,1,0,0,0,0,0
2021-04-02,126,0.1321055555555556,0,0,0,1,1,0,0,0,0,0
2021-04-01,49,0.4064857142857143,1,0,0,1,0,0,0,0,0,0
2021-03-31,21,0.25620000000000004,0,1,0,0,0,0,0,0,0,0
2021-03-30,21,0.3468,0,0,0,0,0,0,0,0,1,0
2021-03-29,63,0.3689888888888888,0,0,0,0,0,1,0,0,0,0
2021-03-28,7,-0.1935,0,0,0,0,0,0,0,0,0,0
2021-03-27,21,0.12773333333333334,0,0,0,0,0,0,0,0,0,0
2021-03-26,42,0.4197,0,0,0,0,0,0,0,1,0,0
2021-03-25,70,0.36357000000000006,0,0,0,1,0,0,0,0,0,0
2021-03-24,14,0.5389,0,0,0,0,0,0,0,0,0,0
2021-03-23,21,0.26803333333333335,0,0,0,0,1,0,0,0,0,0
2021-03-22,35,0.47284000000000004,0,0,0,0,0,1,0,0,0,0
2021-03-20,14,0.36755,0,0,0,1,0,0,0,0,0,0
2021-03-19,28,0.3953750000000001,0,0,0,0,0,0,0,0,0,0
2021-03-18,28,0.2744,0,0,0,0,0,0,0,0,0,0
2021-03-17,28,0.08524999999999998,0,0,0,0,0,0,0,0,0,0
2021-03-16,14,0.13660000000000003,0,0,0,0,0,0,0,0,0,0
2021-03-15,49,0.2012714285714286,0,0,0,1,1,1,0,0,0,0
2021-03-13,35,0.46054,0,0,0,0,0,0,0,0,1,0
2021-03-12,63,0.24615555555555563,0,0,0,0,0,0,0,1,0,0
2021-03-11,7,0.0,0,0,0,0,0,0,0,0,0,0
2021-03-10,21,-0.12613333333333335,0,0,0,1,0,0,0,1,0,0
2021-03-09,63,0.19676666666666665,0,0,0,0,0,0,0,0,0,0
2021-03-08,35,0.3685199999999999,0,0,0,0,0,1,0,0,0,0
2021-03-06,35,0.09784000000000002,0,0,0,1,0,0,0,0,0,0
2021-03-05,28,0.050574999999999995,0,0,1,0,0,0,0,0,0,0
2021-03-04,28,0.029850000000000036,0,0,0,0,0,0,0,0,0,0
2021-03-03,21,0.43399999999999994,0,0,0,0,0,0,0,0,0,0
2021-03-02,42,0.3868333333333334,0,0,0,0,0,0,0,1,0,0
2021-03-01,14,-0.04780000000000001,0,0,0,0,0,0,0,0,1,0
2021-02-28,49,-0.025499999999999988,0,0,1,0,1,0,0,0,0,0
2021-02-27,28,0.5625999999999999,0,0,0,1,0,0,0,0,0,0
2021-02-26,49,0.45631428571428573,0,1,0,1,0,0,0,1,0,0
2021-02-25,42,0.1922,0,0,0,0,0,0,0,1,0,0
2021-02-24,35,0.37823999999999985,0,0,0,0,0,0,0,0,0,0
2021-02-23,77,-0.02536363636363636,0,0,1,0,0,1,0,0,0,0
2021-02-22,63,0.20075555555555552,0,0,1,1,0,0,0,0,0,0
2021-02-21,35,0.37305999999999995,0,0,0,0,1,0,0,0,0,0
2021-02-20,98,0.1830642857142857,0,0,0,1,1,0,0,0,0,0
2021-02-19,70,0.25554000000000004,0,0,1,0,1,0,0,1,0,0
2021-02-18,91,0.19423846153846153,0,0,0,0,1,0,0,1,0,0
2021-02-17,21,0.23026666666666668,0,0,0,0,0,0,0,0,0,0
2021-02-16,21,0.5098333333333334,0,0,0,0,0,0,0,1,0,0
2021-02-15,14,0.41440000000000005,0,0,0,0,0,0,0,1,0,0
2021-02-14,14,0.13474999999999995,0,0,0,0,0,0,0,0,0,0
2021-02-13,21,0.39253333333333335,0,0,0,0,0,0,0,0,0,0
2021-02-12,49,0.3445571428571429,0,0,0,0,0,0,0,1,0,0
2021-02-11,21,0.04883333333333336,0,0,0,0,0,0,0,0,0,0
2021-02-10,77,0.35000000000000003,0,0,0,1,0,0,0,0,0,0
2021-02-09,70,0.3168599999999999,0,0,0,1,1,0,0,0,0,0
2021-02-08,28,0.13592500000000002,0,0,0,0,0,0,0,0,0,0
2021-02-07,28,0.27245,0,0,0,1,0,0,0,0,0,0
2021-02-06,8,0.6181250000000001,0,0,0,0,0,0,0,0,0,0
2021-02-05,119,0.14527058823529412,0,1,0,1,1,0,0,0,0,0
2021-02-04,21,0.2762666666666667,0,0,0,1,0,0,0,0,0,0
2021-02-03,133,0.052257894736842114,0,1,0,1,0,0,0,0,0,0
2021-02-02,84,0.10146666666666664,0,1,0,1,0,1,0,0,0,0
2021-02-01,21,0.5269666666666667,0,0,0,0,0,0,0,0,0,0
2021-01-31,14,-0.09065,0,0,0,1,0,0,0,0,1,0
2021-01-30,14,0.68905,0,0,0,0,0,0,0,0,0,0
2021-01-29,77,0.4202636363636364,0,1,0,0,0,0,0,1,0,0
2021-01-28,35,0.1594,0,0,0,1,0,0,0,0,0,0
2021-01-27,35,0.31136,0,0,0,1,0,0,0,0,0,0
2021-01-26,35,0.21905999999999998,0,0,0,1,0,0,0,0,0,0
2021-01-25,70,0.38432000000000005,0,0,0,1,0,0,0,0,0,0
2021-01-24,21,0.27406666666666674,0,0,0,1,0,0,0,0,0,0
2021-01-23,14,0.8308,0,0,0,0,0,0,0,0,0,0
2021-01-22,14,0.27815000000000006,0,0,0,1,0,0,0,0,0,0
2021-01-21,28,0.103275,0,0,0,0,0,1,0,0,0,0
2021-01-20,49,0.30317142857142854,1,0,0,1,0,0,0,0,0,0
2021-01-19,147,0.2821190476190477,0,1,0,1,1,0,0,0,1,0
2021-01-18,21,-0.09100000000000003,0,0,0,0,0,0,0,1,0,0
2021-01-17,21,0.6847,0,0,0,1,0,0,0,0,0,0
2021-01-16,22,0.05919090909090911,0,0,0,1,0,0,0,0,0,0
2021-01-15,28,0.4946000000000001,0,0,0,1,0,0,0,1,0,0
2021-01-14,14,0.3872,0,0,0,1,0,0,0,0,0,0
2021-01-13,14,0.35824999999999996,0,0,0,0,0,0,0,0,0,0
2021-01-12,14,0.5593500000000001,0,0,0,0,0,0,0,0,0,0
2021-01-11,35,0.16210000000000002,0,0,1,1,1,0,0,0,0,0
2021-01-10,28,0.42965,0,0,0,1,0,0,0,0,0,0
2021-01-09,14,0.66045,0,0,0,1,0,0,0,0,0,0
2021-01-08,35,-0.0787,0,1,0,0,0,0,0,0,0,0
2021-01-07,42,0.12806666666666663,0,0,0,1,0,0,0,0,0,0
2021-01-06,28,0.22920000000000001,0,0,0,0,0,0,0,0,0,0
2021-01-05,42,0.4437500000000001,0,0,0,1,0,0,0,0,0,0
2021-01-04,91,0.020600000000000004,1,1,1,0,0,1,0,0,0,0
2021-01-03,28,0.026074999999999987,0,0,0,1,1,0,0,0,0,0
2021-01-02,42,0.1702666666666667,0,0,0,1,0,0,0,0,0,0
2021-01-01,21,0.4868333333333334,0,0,0,0,0,0,0,0,0,0
2020-12-30,16,0.3970875,0,0,0,1,0,0,0,0,0,0
2020-12-29,7,0.4215,0,0,0,0,0,0,0,0,0,0
2020-12-28,21,-0.06583333333333337,0,0,0,0,0,0,0,0,0,0
2020-12-27,14,0.16999999999999998,0,0,0,0,0,0,0,0,0,0
2020-12-26,7,0.8518999999999999,0,0,0,0,0,0,0,0,0,0
2020-12-24,14,0.32985,0,0,0,1,0,0,0,0,0,0
2020-12-23,35,0.26486000000000004,1,0,0,0,0,0,0,0,0,0
2020-12-22,42,0.19566666666666663,0,0,0,0,0,1,0,1,0,0
2020-12-21,42,0.16463333333333333,0,0,0,0,0,0,0,0,0,0
2020-12-20,16,0.6472312499999999,0,0,0,1,0,0,0,0,0,0
2020-12-19,28,0.34432499999999994,0,0,0,1,0,0,0,1,0,0
2020-12-18,42,0.4660000000000001,0,0,0,1,0,0,0,1,0,0
2020-12-17,35,0.17060000000000006,0,0,0,1,1,0,0,0,0,0
2020-12-16,35,0.23732,0,0,0,0,0,0,0,1,0,0
2020-12-15,35,0.25188,0,0,0,0,0,0,0,1,0,0
2020-12-14,28,0.363675,0,0,0,0,0,0,1,0,0,0
2020-12-13,7,0.8148999999999998,0,0,0,1,0,0,0,0,0,0
2020-12-12,14,0.5044500000000002,0,0,0,0,0,0,0,0,0,0
2020-12-11,7,-0.5267,0,0,0,0,0,0,0,0,0,0
2020-12-10,28,0.7068000000000001,0,0,0,0,0,0,0,0,0,0
2020-12-09,14,0.13569999999999996,0,0,1,0,0,0,0,0,0,0
2020-12-08,14,0.45489999999999997,0,0,0,0,0,0,0,0,0,0
2020-12-07,14,0.5583999999999999,0,0,0,0,0,0,0,0,0,0
2020-12-06,7,0.25,0,0,0,1,0,0,0,0,0,0
2020-12-05,21,0.18399999999999994,0,0,0,0,0,0,0,0,0,0
2020-12-04,28,0.164625,0,0,0,1,0,1,0,0,0,0
2020-12-03,44,0.4852318181818182,0,0,0,1,0,0,0,0,0,0
2020-12-02,28,0.43897499999999995,0,0,0,1,0,0,0,1,0,0
2020-12-01,56,0.5975375000000002,0,0,1,0,0,0,0,0,0,0
2020-11-30,49,0.35590000000000005,0,0,1,0,0,1,0,0,0,0
2020-11-29,7,-0.4019,0,0,0,0,0,1,0,0,0,0
2020-11-28,7,0.33999999999999997,0,0,0,0,0,0,0,0,0,0
2020-11-27,7,-0.24859999999999996,0,0,0,0,0,0,0,0,0,0
2020-11-26,14,0.5086500000000002,0,0,0,0,0,0,0,0,1,0
2020-11-25,49,0.2752142857142855,0,0,0,0,0,0,1,1,0,0
2020-11-24,119,0.42807647058823517,0,0,1,1,0,0,0,0,0,0
2020-11-23,63,0.17702222222222222,1,0,0,1,0,1,0,0,0,0
2020-11-22,35,0.47250000000000003,1,0,0,1,0,0,0,0,0,0
2020-11-21,21,0.4548000000000001,0,0,0,1,0,0,0,0,0,0
2020-11-20,28,-0.00045000000000000595,0,0,0,1,0,1,0,0,0,0
2020-11-19,28,0.224675,0,0,1,0,0,1,0,1,0,0
2020-11-18,21,0.0758,0,0,0,0,0,0,0,0,1,0
2020-11-17,42,0.4015999999999999,0,0,0,0,0,0,1,1,0,0
2020-11-16,14,0.012899999999999998,0,0,1,0,0,0,0,0,0,0
2020-11-15,7,0.8175999999999999,0,0,0,0,0,0,0,0,0,0
2020-11-13,21,0.0905333333333333,0,0,0,0,0,0,0,0,0,0
2020-11-12,14,0.04204999999999998,0,0,0,1,0,0,0,0,0,0
2020-11-11,42,0.10985000000000002,0,0,0,0,0,0,0,1,0,0
2020-11-10,35,0.01544,0,0,0,0,0,0,0,1,0,0
2020-11-09,14,0.1591,0,0,0,0,0,0,0,0,0,0
2020-11-07,28,0.48200000000000015,0,0,0,1,0,0,0,0,0,0
2020-11-06,21,0.24580000000000002,0,0,0,1,0,0,0,0,0,0
2020-11-05,14,0.49875000000000014,0,0,0,0,0,0,0,1,0,0
2020-11-04,28,0.12315,0,0,0,0,0,0,0,0,0,0
2020-11-03,7,-0.6288999999999999,0,0,0,0,0,0,0,0,0,0
2020-11-02,7,0.0,0,0,0,0,0,0,0,0,0,0
2020-11-01,14,-0.2258,0,0,0,0,0,0,0,0,0,0
2020-10-30,7,-0.1027,0,0,0,0,0,0,0,0,0,0
2020-10-29,28,0.22530000000000003,0,0,1,0,0,0,0,1,0,0
2020-10-27,21,0.5626,0,0,0,0,0,1,0,0,0,0
2020-10-26,14,0.053949999999999956,0,0,0,0,0,0,0,1,0,0
2020-10-24,14,0.44784999999999997,0,0,0,0,0,0,0,0,0,0
2020-10-23,35,0.5727599999999999,0,0,1,0,0,0,0,0,1,0
2020-10-22,21,0.10493333333333332,0,0,0,0,0,0,0,0,0,0
2020-10-21,28,-0.38904999999999995,0,0,0,0,0,0,1,0,0,0
2020-10-19,28,0.13922500000000002,0,0,0,0,0,0,0,0,0,0
2020-10-17,7,0.3612000000000001,0,0,0,0,0,0,0,0,0,0
2020-10-16,7,0.4019,0,0,0,0,0,0,0,0,0,0
2020-10-15,7,0.7096,0,0,0,0,0,0,0,0,0,0
2020-10-14,21,0.31143333333333334,0,0,0,0,0,0,0,0,0,0
2020-10-13,7,0.636,0,0,0,0,0,0,0,1,0,0
2020-10-12,21,0.6848999999999998,0,0,0,0,0,0,0,1,0,0
2020-10-11,7,0.0,0,0,0,0,0,0,0,0,0,0
2020-10-09,28,0.35035,0,0,0,0,0,0,0,0,0,0
2020-10-08,21,0.2812,0,0,0,0,0,0,0,0,0,0
2020-10-07,21,0.019066666666666662,0,0,0,0,0,0,0,0,0,0
2020-10-06,21,0.39523333333333327,0,0,0,0,0,0,0,0,0,0
2020-10-05,28,0.4512,0,0,0,0,0,1,0,0,0,0
2020-10-01,28,0.52065,0,0,0,0,0,0,1,0,0,0
2020-09-30,14,0.24695,0,0,0,0,0,0,0,0,0,0
2020-09-29,21,0.07313333333333334,0,0,0,0,0,0,0,0,0,0
2020-09-28,14,-0.19265,0,0,0,0,0,0,0,0,0,0
2020-09-27,7,-0.22629999999999997,0,0,0,0,0,0,0,0,0,0
2020-09-25,7,0.6368999999999999,0,0,0,0,0,0,0,0,0,0
2020-09-24,14,0.6546000000000002,0,0,0,0,0,1,0,0,0,0
2020-09-23,14,0.65315,0,0,0,0,0,0,0,0,0,0
2020-09-22,14,0.2023,0,0,0,0,0,0,0,0,0,0
2020-09-21,21,0.21889999999999998,0,0,0,0,0,0,0,0,0,0
2020-09-18,28,0.394425,0,0,0,0,0,0,0,0,0,0
2020-09-17,7,-0.45880000000000004,0,0,0,0,0,0,0,0,0,0
2020-09-16,7,-0.8475,0,0,0,0,0,1,0,0,0,0
2020-09-15,7,0.0,0,0,0,0,0,0,0,0,0,0
2020-09-14,7,0.0,0,0,0,0,0,0,0,0,0,0
2020-09-13,8,0.0,1,0,0,0,0,0,0,0,0,0
2020-09-11,8,0.8090875000000001,0,0,0,0,0,0,0,0,0,0
2020-09-10,21,-0.0007999999999999859,0,0,0,0,0,0,0,0,0,0
2020-09-09,7,-0.5574,0,0,0,0,0,0,0,0,0,0
2020-09-08,7,0.7176,0,0,0,0,0,0,0,0,0,0
2020-09-07,7,0.0,0,0,0,0,0,0,0,0,0,0
2020-09-06,7,0.44039999999999996,0,0,0,0,0,0,0,0,0,0
2020-09-05,14,-0.5861999999999999,0,0,0,0,0,0,0,0,0,0
2020-09-04,14,0.509,0,0,0,0,0,0,0,0,0,0
2020-09-02,56,0.3082999999999999,0,0,0,0,0,0,0,0,0,0
2020-09-01,35,-0.42256000000000016,0,0,0,0,0,0,0,0,1,0
2020-08-31,21,0.3444666666666667,0,0,0,0,0,0,0,0,1,0
2020-08-25,21,0.24173333333333336,0,0,0,0,0,0,0,0,0,0
2020-08-24,29,0.1760034482758621,0,0,0,0,0,0,0,0,0,0
2020-08-23,7,-0.5719,0,0,0,0,0,0,0,0,0,0
2020-08-22,28,0.41637499999999994,0,0,0,0,0,0,0,0,0,0
2020-08-21,21,0.17956666666666665,0,0,0,0,0,0,0,0,0,0
2020-08-20,21,0.12726666666666667,0,0,0,0,0,1,0,0,0,0
2020-08-19,7,-0.22629999999999997,0,0,0,0,0,0,0,0,0,0
2020-08-18,21,0.15969999999999998,0,0,0,0,0,0,1,0,0,0
2020-08-17,14,0.5438500000000001,0,0,0,0,0,0,1,0,0,0
2020-08-16,7,0.3801999999999999,0,0,0,0,0,0,0,0,0,0
2020-08-15,21,0.249,0,0,0,0,0,0,0,0,1,0
2020-08-14,70,0.35596000000000005,0,0,1,0,0,0,1,1,0,0
2020-08-13,28,0.169575,0,0,0,1,0,0,1,0,1,0
2020-08-12,35,-0.017880000000000007,0,0,0,0,0,0,0,0,0,0
2020-08-11,21,0.5096333333333334,0,0,0,0,0,0,0,0,0,0
2020-08-10,63,0.07207777777777781,0,0,0,0,0,0,0,0,0,0
2020-08-08,28,0.24925,0,0,0,0,0,0,0,0,0,0
2020-08-07,14,0.7248,0,0,0,0,0,0,0,1,0,0
2020-08-06,56,0.14324999999999996,0,0,0,0,0,0,0,1,0,0
2020-08-05,14,0.5383500000000002,0,0,0,0,0,0,0,0,0,0
2020-08-04,21,0.0,0,0,0,0,0,0,0,1,0,0
2020-08-03,28,0.3761749999999999,0,0,1,0,0,0,0,0,0,0
2020-08-01,35,-0.2936599999999999,0,0,0,0,0,0,0,0,0,0
2020-07-31,56,0.49745000000000006,0,0,0,0,0,0,0,0,0,0
2020-07-30,91,0.4328769230769231,0,0,0,1,0,0,0,0,0,0
2020-07-29,14,0.7279,0,0,0,0,0,0,0,0,0,0
2020-07-28,63,0.24039999999999995,0,0,0,0,0,0,0,0,0,0
2020-07-27,35,0.43830000000000013,0,0,0,0,0,0,0,0,0,0
2020-07-26,28,0.321375,0,0,0,0,0,0,0,0,0,0
2020-07-24,28,0.42687499999999995,0,0,0,0,0,0,0,0,0,0
2020-07-23,14,0.3815500000000001,0,0,1,0,0,0,0,0,0,0
2020-07-22,7,0.8015999999999999,0,0,0,0,0,0,0,0,0,0
2020-07-21,35,0.3494999999999999,0,0,0,0,0,0,0,0,0,0
2020-07-20,14,0.6207,0,0,0,0,0,0,0,0,0,0
2020-07-17,14,0.28770000000000007,0,0,0,0,0,0,0,0,0,0
2020-07-16,14,0.6570499999999999,0,0,0,0,0,0,0,0,0,0
2020-07-15,14,0.37245000000000006,0,0,0,0,0,0,1,0,0,0
2020-07-14,14,0.5174500000000001,0,0,0,1,0,0,0,0,0,0
2020-07-13,49,0.29574285714285714,0,0,0,0,0,1,0,0,0,0
2020-07-10,14,0.40019999999999994,0,0,0,0,0,0,0,0,0,0
2020-07-09,14,0.5911,0,0,0,0,0,0,0,0,0,0
2020-07-08,14,0.17975000000000002,0,0,1,0,0,1,0,0,0,0
2020-07-06,14,0.3884500000000001,0,0,0,0,0,1,0,0,1,0
2020-07-04,7,0.6874000000000001,0,0,0,0,0,0,0,0,0,0
2020-07-03,7,0.8956999999999999,0,0,1,0,0,0,0,0,0,0
2020-07-01,14,0.15820000000000004,0,0,0,0,0,1,0,0,0,0
2020-06-30,7,0.0,0,0,0,0,0,0,0,0,0,0
2020-06-29,7,0.2713999999999999,0,0,0,0,0,1,0,0,0,0
2020-06-28,14,0.37000000000000005,0,0,0,0,0,0,0,0,0,0
2020-06-27,7,0.6908000000000001,0,0,0,0,0,0,0,0,0,0
2020-06-26,15,0.5489066666666668,0,0,0,0,0,0,1,0,0,0
2020-06-25,21,0.15843333333333331,0,0,0,0,0,0,0,0,0,0
2020-06-24,7,0.4939,0,0,0,0,0,0,0,0,0,0
2020-06-23,14,0.1333,0,0,0,0,0,0,0,0,0,0
2020-06-22,21,0.18330000000000002,0,0,0,0,0,0,0,0,0,0
2020-06-21,7,0.6322,0,0,0,0,0,0,0,0,0,0
2020-06-19,21,0.5763,0,0,0,0,0,0,0,0,0,0
2020-06-18,21,0.14503333333333335,0,0,0,0,0,0,0,0,0,0
2020-06-17,7,0.45719999999999994,0,0,0,0,0,0,1,0,0,0
2020-06-16,14,0.5488,0,0,0,0,0,0,0,0,0,0
2020-06-15,14,0.57165,0,0,0,0,0,0,0,0,0,0
2020-06-14,7,0.45880000000000004,0,0,0,0,0,0,0,0,0,0
2020-06-10,7,0.0,0,0,1,0,0,0,0,0,0,0
2020-06-09,14,0.09450000000000003,0,0,0,0,0,0,0,0,0,0
2020-06-08,7,0.44039999999999996,0,0,0,0,0,0,0,0,0,0
2020-06-06,7,0.47279999999999994,0,0,0,0,0,0,0,0,0,0
2020-06-05,14,0.6625500000000001,0,0,0,0,0,0,0,0,0,0
2020-06-04,7,0.6597,0,0,0,0,0,0,0,0,0,0
2020-06-03,21,0.35979999999999995,0,0,0,0,0,1,0,0,0,0
2020-06-01,21,-0.12423333333333335,0,0,0,0,0,0,1,0,1,0
2020-05-31,7,0.20229999999999998,0,0,0,0,0,0,0,0,0,0
2020-05-30,7,0.5563000000000001,0,0,0,0,0,0,0,0,0,0
2020-05-29,21,-0.14679999999999999,0,0,0,0,0,0,0,0,0,0
2020-05-28,21,0.5309333333333334,0,0,0,0,0,0,0,0,0,0
2020-05-27,28,0.3238750000000001,1,0,0,0,0,0,0,0,0,0
2020-05-25,14,-0.16999999999999998,0,0,1,0,0,0,0,0,0,0
2020-05-22,42,0.32711666666666667,0,0,0,0,0,0,0,0,0,0
2020-05-20,7,0.5574,0,0,0,0,0,0,0,0,0,0
2020-05-15,7,0.0,0,0,0,0,0,0,1,0,0,0
2020-05-14,14,-0.01865,0,0,0,0,0,0,0,0,0,0
2020-05-13,14,0.22019999999999998,0,0,0,0,0,0,0,0,0,0
2020-05-11,7,0.0,0,0,0,0,0,1,0,0,0,0
2020-05-09,7,0.0,0,0,0,0,0,0,0,0,0,0
2020-05-08,7,0.47670000000000007,0,0,0,0,0,0,0,0,0,0
2020-05-07,7,0.3612000000000001,0,0,0,0,0,0,0,0,0,0
2020-05-06,7,0.33999999999999997,0,0,0,0,0,0,0,0,0,0
2020-05-04,21,0.3970666666666667,0,0,1,0,0,0,0,0,0,0
2020-05-03,7,0.0,0,0,0,0,0,0,0,0,0,0
2020-04-30,7,0.20229999999999998,0,0,0,0,0,0,0,0,0,0
2020-04-28,7,0.296,0,0,0,0,0,0,0,0,0,0
2020-04-27,7,0.8074000000000001,0,0,0,0,0,0,0,0,0,0
2020-04-26,7,0.7065,0,0,0,0,0,0,0,0,0,0
2020-04-22,7,0.0,0,0,0,0,0,0,0,0,1,0
2020-04-20,14,-0.07950000000000002,0,0,0,0,0,0,0,0,0,0
2020-04-17,7,0.0,0,0,0,0,0,0,0,0,0,0
2020-04-16,7,0.5511,0,0,0,0,0,0,0,0,0,0
2020-04-15,14,0.125,0,0,0,0,0,0,0,0,0,0
2020-04-14,21,-0.005166666666666682,0,0,0,1,0,0,0,0,0,0
2020-04-13,7,0.5719,0,0,0,0,0,0,0,0,1,0
2020-04-12,7,0.0,0,0,0,0,0,0,0,0,0,0
2020-04-09,7,0.6704999999999999,0,0,0,0,0,0,0,0,0,0
2020-04-07,14,0.0,0,0,0,0,0,0,0,0,0,0
2020-04-01,14,0.6089499999999999,0,0,0,0,0,0,1,0,0,0
2020-03-31,14,0.16999999999999998,0,0,0,0,0,0,1,0,0,0
2020-03-30,21,0.08460000000000001,0,0,1,0,0,0,0,0,0,0
2020-03-25,7,0.0,0,0,1,0,0,0,0,0,0,0
2020-03-24,14,0.4221,0,0,0,0,0,0,1,0,0,0
2020-03-23,7,0.0,0,0,1,0,0,0,0,0,0,0
2020-03-21,7,0.0,0,0,0,0,0,0,1,0,0,0
2020-03-20,7,0.33999999999999997,0,0,0,0,0,0,0,0,0,0
2020-03-19,21,0.47866666666666663,1,0,1,0,0,0,0,0,0,0
2020-03-18,7,0.0,0,0,1,0,0,0,0,0,0,0
2020-03-17,7,0.0,0,0,0,0,0,0,0,0,0,0
2020-03-12,14,-0.4225500000000001,0,0,0,0,0,0,0,0,0,0
2020-03-10,7,-0.7430000000000001,0,0,0,0,0,0,0,0,0,0
2020-03-09,7,0.8513000000000001,0,0,0,0,0,0,0,0,0,0
2020-03-06,7,0.0,0,0,0,0,0,0,0,0,0,0
2020-03-05,7,0.22629999999999997,0,0,0,0,0,0,0,0,0,0
2020-03-04,7,0.5574,0,0,0,0,0,0,0,0,0,0
2020-03-03,28,0.01865,0,0,0,0,0,0,0,0,0,0
2020-03-02,42,0.3056,0,0,0,0,0,0,0,0,0,0
2020-02-29,49,0.06994285714285717,0,0,0,0,0,0,0,0,0,0
2020-02-28,7,0.4573999999999999,0,0,0,0,0,0,0,0,0,0
2020-02-27,14,0.5065,0,0,0,0,0,0,0,0,0,0
2020-02-25,7,0.47670000000000007,0,0,0,0,0,0,0,0,0,0
2020-02-24,14,0.05020000000000001,0,0,0,0,0,0,0,1,0,0
2020-02-21,7,0.3382,0,0,0,0,0,0,0,0,0,0
2020-02-20,7,0.7717,0,0,0,0,0,0,0,0,0,0
2020-02-19,7,-0.35950000000000004,0,0,0,0,0,0,0,0,0,0
2020-02-18,14,-0.4302,0,0,0,0,0,0,0,0,0,0
2020-02-17,14,0.29634999999999995,0,0,1,0,0,0,0,0,1,0
2020-02-15,14,0.03395,0,0,1,0,0,0,0,0,0,0
2020-02-14,7,0.20229999999999998,0,0,0,0,0,0,0,1,0,0
2020-02-13,21,0.09143333333333332,0,0,0,0,0,0,0,1,0,0
2020-02-12,7,0.0,0,0,0,0,0,0,0,0,0,0
2020-02-11,21,0.12106666666666668,0,0,0,0,0,0,0,0,0,0
2020-02-09,7,0.4939,0,0,0,0,0,0,0,0,0,0
2020-02-08,14,0.64775,0,0,0,0,0,0,0,0,0,0
2020-02-07,7,0.5106,0,0,0,0,0,0,0,0,0,0
2020-02-06,28,0.2017,0,0,1,0,0,0,0,0,0,0
2020-02-05,28,0.4015750000000001,0,0,0,0,0,0,0,0,1,0
2020-02-04,7,0.0,0,0,0,0,0,0,1,0,0,0
2020-01-31,14,0.0,0,0,1,0,0,0,0,0,0,0
2020-01-29,7,0.0,0,0,0,0,0,0,0,0,0,0
2020-01-28,21,-0.2145333333333333,0,0,0,0,0,0,0,0,0,0
2020-01-27,14,0.5210500000000001,0,0,0,0,0,0,0,0,0,0
2020-01-26,7,0.4019,0,0,0,0,0,0,0,0,0,0
2020-01-23,7,0.0,0,0,1,0,0,0,0,0,0,0
2020-01-17,7,0.1027,0,0,0,0,0,0,0,0,0,0
2020-01-16,14,0.0,0,0,0,0,0,0,0,0,0,0
2020-01-15,7,0.19009999999999996,0,0,0,0,0,0,0,0,0,0
2020-01-14,7,0.0,0,0,0,0,0,0,0,0,0,0
2020-01-13,7,0.3182,0,0,0,0,0,0,1,0,0,0
2020-01-10,7,-0.296,0,0,0,0,0,0,0,0,0,0
2020-01-09,7,-0.296,0,0,0,0,0,0,0,0,0,0
2020-01-07,7,0.3321,0,0,0,0,0,0,0,0,0,0
2020-01-06,14,-0.36885,0,0,0,0,0,0,0,0,0,0
2020-01-05,7,0.0,0,0,0,0,0,0,0,0,0,0
2020-01-03,7,0.0,0,0,0,0,0,0,0,0,0,0
2020-01-02,28,0.7405999999999999,0,0,0,0,0,0,0,0,0,0
2020-01-01,14,0.17435,0,0,0,0,0,0,0,0,0,0
2019-12-31,14,0.21199999999999997,0,0,0,0,0,0,0,0,0,0
2019-12-30,7,0.4019,0,0,1,0,0,0,0,0,0,0
2019-12-29,7,0.0,0,0,0,0,0,0,0,0,0,0
2019-12-27,7,0.8624999999999999,0,0,0,0,0,0,0,0,0,0
2019-12-26,14,-0.22235000000000002,0,0,0,0,0,0,0,0,0,0
2019-12-25,7,0.4019,0,0,0,0,0,0,0,0,0,0
2019-12-23,7,0.8969000000000003,0,0,0,0,0,0,0,0,0,0
2019-12-19,7,-0.296,0,0,0,0,0,0,0,0,0,0
2019-12-17,14,0.0,0,0,0,0,0,0,0,0,0,0
2019-12-13,28,0.4806000000000001,0,0,0,0,0,0,0,1,0,0
2019-12-11,14,0.14660000000000004,0,0,0,0,0,0,0,0,0,0
2019-12-10,14,-0.29519999999999996,0,0,0,0,0,0,0,0,0,0
2019-12-09,21,-0.0014666666666666532,0,0,0,0,0,0,0,0,0,0
2019-12-08,35,0.64528,0,0,0,0,0,0,0,0,0,0
2019-12-07,7,0.4019,0,0,1,0,0,0,0,0,0,0
2019-12-06,7,0.5574,0,0,0,0,0,0,0,0,0,0
2019-12-05,21,0.5793333333333334,0,0,1,0,0,0,0,0,0,0
2019-12-04,7,-0.9169,0,0,0,0,0,0,0,0,0,0
2019-12-02,14,0.05295,0,0,0,0,0,0,0,0,0,0
2019-11-27,14,0.20095,0,0,0,0,0,0,1,0,0,0
2019-11-26,7,0.0,0,0,0,0,0,0,0,0,0,0
2019-11-21,7,0.0,0,0,0,0,0,0,0,0,0,0
2019-11-20,7,0.8019999999999998,0,0,0,0,0,0,0,0,0,0
2019-11-18,14,-0.148,0,0,0,0,0,0,0,0,0,0
2019-11-17,7,0.44039999999999996,0,0,0,0,0,0,0,0,0,0
2019-11-16,7,0.33999999999999997,0,0,0,0,0,0,0,0,0,0
2019-11-15,7,0.0,0,0,0,0,0,0,0,0,0,0
2019-11-13,7,-0.05159999999999999,0,0,0,0,0,0,0,0,0,0
2019-11-10,7,0.8956999999999999,0,0,0,0,0,0,0,0,0,0
2019-11-08,21,0.24163333333333334,0,0,0,0,0,0,0,0,0,0
2019-11-05,7,0.0,0,0,0,0,0,0,0,0,0,0
2019-11-04,14,0.25465,0,0,0,0,0,0,0,0,0,0
2019-11-03,7,-0.27320000000000005,0,0,0,0,0,0,0,0,0,0
2019-11-02,7,-0.1027,0,0,0,0,0,0,0,0,0,0
2019-11-01,7,0.7003000000000001,0,0,0,0,0,0,0,0,0,0
2019-10-31,7,0.6249000000000001,0,0,0,0,0,0,0,0,0,0
2019-10-29,7,0.0,0,0,0,0,0,0,0,0,0,0
2019-10-27,7,0.5267,0,0,0,0,0,0,0,0,0,0
2019-10-26,14,0.8038,0,0,0,0,0,0,1,0,0,0
2019-10-23,7,0.128,0,0,0,0,0,0,0,0,0,0
2019-10-22,7,0.7959000000000002,0,0,0,0,0,0,0,0,0,0
2019-10-21,7,0.0,0,0,0,0,0,0,0,0,0,0
2019-10-18,7,0.0,0,0,0,0,0,0,0,0,0,0
2019-10-17,7,0.5719,0,0,0,0,0,0,0,0,0,0
2019-10-16,7,-0.20229999999999998,0,0,0,0,0,0,0,0,0,0
2019-10-15,7,0.0772,0,0,0,0,0,0,0,0,0,0
2019-10-14,7,0.8402000000000001,0,0,0,0,0,0,0,0,0,0
2019-10-10,7,0.5434,0,0,0,0,0,0,0,0,0,0
2019-10-09,14,0.38885000000000003,0,0,0,0,0,0,1,0,0,0
2019-10-03,7,0.3182,0,0,0,0,0,0,0,0,0,0
2019-10-01,7,-0.6368999999999999,0,0,0,0,0,0,0,0,0,0
2019-09-27,14,-0.10294999999999994,0,0,0,0,0,0,0,0,0,0
2019-09-26,7,0.2716,0,0,0,0,0,0,0,0,0,0
2019-09-25,14,0.57675,0,0,0,0,0,0,0,0,0,0
2019-09-24,7,-0.296,0,0,0,0,0,0,0,0,0,0
2019-09-23,21,0.0332,0,0,0,0,0,0,0,0,1,0
2019-09-19,28,0.474525,0,0,0,0,0,0,0,0,0,0
2019-09-18,7,-0.296,0,0,0,0,0,0,0,0,0,0
2019-09-17,14,0.18380000000000002,0,0,0,0,0,0,0,0,0,0
2019-09-16,14,0.042899999999999994,0,0,0,0,0,0,0,0,0,0
2019-09-12,7,0.0,0,0,0,0,0,0,0,0,0,0
2019-09-11,7,0.3612000000000001,0,0,0,0,0,0,0,0,0,0
2019-09-10,7,0.8478000000000001,0,0,0,0,0,0,0,0,0,0
2019-09-06,14,0.0,0,0,0,0,0,0,0,0,0,0
2019-09-04,7,0.0772,0,0,0,0,0,0,0,0,0,0
2019-09-03,7,0.5589,0,0,0,0,0,0,0,0,0,0
2019-09-01,7,-0.296,0,0,0,0,0,0,0,0,0,0
2019-08-26,7,0.0,0,0,0,0,0,0,0,0,0,0
2019-08-24,7,-0.3182,0,0,0,0,0,0,0,0,0,0
2019-08-22,28,0.30805000000000005,0,0,0,0,0,0,0,0,0,0
2019-08-20,7,0.6124,0,0,0,0,0,0,0,0,0,0
2019-08-19,7,0.0,0,0,0,0,0,0,0,0,0,0
2019-08-18,7,-0.264,0,0,0,0,0,0,0,0,0,0
2019-08-17,7,0.8288000000000001,0,0,0,0,0,0,0,0,0,0
2019-08-16,7,-0.37360000000000004,0,0,0,0,0,0,0,0,0,0
2019-08-15,7,0.7396000000000001,0,0,0,0,0,0,0,0,0,0
2019-08-10,14,0.5559000000000002,0,0,0,0,0,0,0,0,0,0
2019-08-09,14,-0.07655,0,0,0,0,0,0,0,0,0,0
2019-08-08,7,0.7096,0,0,0,0,0,0,0,0,0,0
2019-08-04,7,0.0,0,0,0,0,0,0,0,0,0,0
2019-08-02,14,0.0,0,0,0,0,0,0,0,0,0,0
2019-07-31,7,0.128,0,0,0,0,0,0,0,0,0,0
2019-07-30,56,0.36,0,0,1,0,0,0,0,0,0,0
2019-07-29,7,0.0,0,0,0,0,0,0,0,0,0,0
2019-07-28,7,0.3182,0,0,0,0,0,0,0,0,0,0
2019-07-25,14,0.60365,0,0,0,0,0,0,0,0,0,0
2019-07-24,7,0.7960000000000002,0,0,0,0,0,0,0,0,0,0
2019-07-22,14,0.012899999999999998,0,0,0,0,0,0,0,0,0,0
2019-07-21,7,0.45259999999999995,0,0,0,0,0,0,0,0,0,0
2019-07-19,21,0.3551000000000001,0,0,0,0,0,0,0,0,0,0
2019-07-18,7,0.7003000000000001,0,0,0,0,0,0,0,0,0,0
2019-07-17,7,0.2716,0,0,0,0,0,0,0,0,0,0
2019-07-16,7,-0.5751,0,0,0,0,0,0,0,0,0,0
2019-07-15,14,0.4253999999999999,0,0,0,0,0,0,0,0,0,0
2019-07-03,7,-0.44039999999999996,0,0,0,0,0,0,0,0,0,0
2019-07-02,7,0.45880000000000004,0,0,0,0,0,0,0,0,0,0
2019-06-30,14,0.0465,0,0,0,0,0,0,0,0,0,0
2019-06-29,7,0.5686,0,0,0,0,0,0,0,0,0,0
2019-06-27,7,-0.1531,0,0,0,0,0,0,0,0,0,0
2019-06-26,14,0.0,0,0,0,0,0,0,0,0,0,0
2019-06-25,7,0.7096,0,0,0,0,0,0,0,0,0,0
2019-06-21,7,0.3612000000000001,0,0,0,0,0,0,0,0,0,0
2019-06-20,7,0.3612000000000001,0,0,0,0,0,0,0,0,0,0
2019-06-19,7,0.6368999999999999,0,1,0,0,0,0,0,0,0,0
2019-06-18,7,0.3182,0,0,0,0,0,0,0,0,0,0
2019-06-14,21,0.4858333333333333,0,0,0,0,0,0,0,0,0,0
2019-06-12,14,0.1334,0,0,0,0,0,0,0,0,0,0
2019-06-10,7,0.8745000000000002,0,0,0,0,0,0,0,0,0,0
2019-06-07,7,0.296,0,0,1,0,0,0,0,0,0,0
2019-06-06,7,0.636,0,0,0,0,0,0,0,0,0,0
2019-06-04,28,0.17562499999999995,0,0,1,0,0,0,0,0,0,0
2019-06-03,7,0.0,0,0,0,0,0,0,0,0,0,0
2019-06-02,7,0.4215,0,0,0,0,0,0,0,0,0,0
2019-05-31,35,0.05138000000000003,0,0,0,0,0,0,0,0,0,0
2019-05-30,7,0.7177999999999999,0,0,0,0,0,0,0,0,0,0
2019-05-29,14,0.21075,0,0,0,0,0,0,0,0,0,0
2019-05-28,7,0.8552999999999998,0,0,0,0,0,0,0,0,0,0
2019-05-27,21,0.11009999999999998,0,1,0,0,0,0,0,0,0,0
2019-05-26,7,0.38180000000000003,0,0,0,0,0,0,0,0,0,0
2019-05-24,14,0.436,0,0,0,0,0,0,0,1,0,0
2019-05-22,7,0.0,0,0,0,0,0,0,0,0,0,0
2019-05-21,14,0.11175,0,0,0,0,0,0,0,0,0,0
2019-05-20,7,0.0,0,0,0,0,0,0,0,0,0,0
2019-05-19,14,0.3980000000000001,0,0,0,0,0,0,0,0,0,0
2019-05-17,7,-0.5719,0,0,0,0,0,0,0,0,0,0
2019-05-16,7,0.1531,0,0,0,0,0,0,0,0,0,0
2019-05-15,7,0.0,0,0,0,0,0,0,0,0,0,0
2019-05-14,21,0.9101666666666669,1,0,0,0,0,0,0,0,0,0
2019-05-13,7,0.27320000000000005,0,0,0,0,0,0,0,0,0,0
2019-05-11,21,0.1780666666666667,0,0,0,0,0,0,0,0,0,0
2019-05-10,14,0.42594999999999994,0,0,0,0,0,0,0,0,0,0
2019-05-08,7,-0.6310000000000001,0,0,0,0,0,0,0,0,0,0
2019-05-07,21,0.0,0,0,0,0,0,0,0,0,0,0
2019-05-06,14,0.8329500000000001,0,0,0,0,0,0,0,0,1,0
2019-05-05,7,0.8224999999999999,0,0,0,0,0,0,0,0,0,0
2019-04-23,7,0.45880000000000004,0,0,0,0,0,0,0,0,0,0
2019-04-19,7,-0.05159999999999999,0,0,0,0,0,0,0,0,0,0
2019-04-18,7,0.0,0,0,0,0,0,0,0,0,0,0
2019-04-16,7,-0.4576000000000001,0,0,0,0,0,0,0,0,1,0
2019-04-14,7,0.41990000000000005,0,0,0,0,0,0,0,0,0,0
2019-04-11,28,0.100125,0,0,0,0,0,0,0,0,0,0
2019-04-10,21,0.35826666666666673,0,0,0,0,0,0,0,0,0,0
2019-04-09,7,0.5106,0,0,0,0,0,0,0,0,0,0
2019-04-08,14,0.6003499999999999,0,0,0,0,0,0,0,0,0,0
2019-04-03,14,0.0,0,0,0,0,0,0,0,0,1,0
2019-04-02,7,0.33999999999999997,0,0,0,0,0,0,0,0,0,0
2019-03-31,7,0.0,0,0,0,0,0,0,0,0,0,0
2019-03-29,7,0.4019,0,0,0,0,0,0,0,0,0,0
2019-03-26,7,0.22629999999999997,0,0,0,0,0,0,0,0,0,0
2019-03-23,7,0.25099999999999995,0,0,0,0,0,0,0,0,0,0
2019-03-22,7,0.5563000000000001,0,0,0,0,0,0,0,0,0,0
2019-03-20,7,0.17789999999999997,0,0,0,0,0,0,0,0,0,0
2019-03-17,7,0.8342999999999999,0,0,0,0,0,0,0,0,0,0
2019-03-14,7,0.6249000000000001,0,0,0,0,0,0,0,0,0,0
2019-03-12,7,0.3182,0,0,0,0,0,0,0,0,0,0
2019-03-11,28,0.4283,0,0,0,0,0,0,0,0,0,0
2019-03-09,7,0.0,0,0,0,0,0,0,0,0,0,0
2019-03-06,14,0.12979999999999997,0,0,0,0,0,0,0,0,0,0
2019-03-05,14,0.45210000000000006,0,0,0,0,0,0,0,0,0,0
2019-03-04,7,0.4215,0,0,0,0,0,0,0,0,0,0
2019-02-28,42,0.08844999999999997,0,0,0,0,0,0,0,0,0,0
2019-02-27,7,0.9200999999999999,0,0,0,0,0,0,0,0,0,0
2019-02-26,7,-0.7906000000000001,0,0,0,0,0,0,0,0,0,0
2019-02-25,14,0.16884999999999997,0,0,0,0,0,0,0,0,0,0
2019-02-21,14,-0.11929999999999999,0,0,0,0,0,0,0,0,0,0
2019-02-20,7,0.5106,0,0,0,0,0,0,0,0,0,0
2019-02-19,14,-0.05135,0,0,0,0,0,0,0,0,0,0
2019-02-18,21,0.2128666666666667,0,0,0,0,0,0,0,0,0,0
2019-02-16,7,0.0,0,0,0,0,0,0,0,0,0,0
2019-02-15,14,0.7810999999999998,0,0,0,0,0,0,0,0,0,0
2019-02-12,7,0.3612000000000001,0,0,0,0,0,0,0,0,0,0
2019-02-11,7,0.1655,0,0,0,0,0,0,0,0,0,0
2019-02-08,21,0.20046666666666668,0,0,0,0,0,0,0,0,0,0
2019-02-04,7,0.24059999999999998,0,0,0,0,0,0,0,0,0,0
2019-02-03,7,0.7649999999999999,0,0,0,0,0,0,0,0,0,0
2019-02-02,7,0.05159999999999999,0,0,0,0,0,0,0,0,0,0
2019-02-01,7,0.0,0,0,0,0,0,0,0,0,0,0
2019-01-31,14,0.044000000000000004,0,0,0,0,0,0,0,0,0,0
2019-01-30,14,0.6698000000000001,0,0,0,0,0,0,0,0,0,0
2019-01-29,14,-0.0991,0,0,0,0,0,0,0,0,0,0
2019-01-21,7,-0.22629999999999997,0,0,0,0,0,0,0,0,0,0
2019-01-20,7,-0.3182,0,0,0,0,0,0,0,0,0,0
2019-01-17,7,0.5859,0,0,0,0,0,0,1,0,0,0
2019-01-16,28,-0.14184999999999995,0,0,0,0,0,0,1,0,0,0
2019-01-15,7,0.7717,0,0,0,0,0,0,0,0,0,0
2019-01-14,21,0.4802333333333333,0,0,0,0,0,0,0,0,0,0
2019-01-13,14,0.3119,0,0,0,0,0,0,0,0,1,0
2019-01-12,7,-0.20229999999999998,0,0,0,0,0,0,0,0,0,0
2019-01-11,14,0.36755,0,0,0,0,0,0,0,0,1,0
2019-01-10,14,0.4059,0,0,0,0,0,0,0,0,0,0
2019-01-09,28,-0.10224999999999997,0,0,0,0,0,0,1,0,0,0
2019-01-08,14,-0.5264500000000001,0,0,0,0,0,0,0,0,0,0
2019-01-06,7,0.2382,0,0,0,0,0,0,0,0,0,0
2019-01-05,7,0.296,0,0,0,0,0,0,0,0,0,0
2019-01-04,7,-0.8224999999999999,0,0,0,0,0,0,0,0,0,0
2019-01-03,7,0.7184,0,0,0,0,0,0,0,0,0,0
2019-01-02,14,0.15835,0,0,0,0,0,0,0,0,0,0
2019-01-01,7,0.0,0,0,0,0,0,0,0,0,0,0
2018-12-31,7,0.0,0,0,0,0,0,0,0,0,0,0
2018-12-30,7,0.6486,0,0,0,0,0,0,1,0,0,0
2018-12-29,28,0.37210000000000004,0,0,0,0,0,0,0,0,0,0
2018-12-28,7,0.20229999999999998,0,0,0,0,0,0,0,0,0,0
2018-12-27,14,-0.05135,0,0,0,0,0,0,0,0,0,0
2018-12-24,7,0.0,0,0,0,0,0,0,0,0,1,0
2018-12-23,7,-0.5972,1,0,0,0,0,0,0,0,0,0
2018-12-22,21,0.6016333333333335,1,0,0,0,0,0,1,0,0,0
2018-12-21,7,0.8381,0,0,0,0,0,0,0,0,0,0
2018-12-20,7,0.6807999999999998,0,0,0,0,0,0,0,0,0,0
2018-12-19,21,0.43540000000000006,0,0,0,0,0,0,0,0,0,0
2018-12-17,14,0.0,0,0,0,0,0,0,0,0,0,0
2018-12-15,7,-0.5272,0,0,0,0,0,0,0,0,0,0
2018-12-14,7,0.8704999999999999,0,0,0,0,0,0,0,0,0,0
2018-12-12,7,0.4573999999999999,0,0,0,0,0,0,0,0,0,0
2018-12-11,7,0.8395,0,0,0,0,0,0,0,0,0,0
2018-12-08,14,0.11034999999999998,0,0,0,0,0,0,0,0,0,0
2018-12-07,14,-0.0981,0,0,0,0,0,0,0,0,0,0
2018-12-02,7,0.3612000000000001,0,0,0,0,0,0,0,0,0,0
2018-11-30,7,-0.5023,0,0,0,0,0,0,0,0,0,0
2018-11-27,35,0.32717999999999997,0,0,0,0,0,0,0,0,0,0
2018-11-26,14,0.2997,1,0,0,0,0,0,0,0,0,0
2018-11-24,14,0.5194000000000001,0,0,0,0,0,0,0,0,0,0
2018-11-23,7,0.6368999999999999,0,0,0,0,0,0,0,0,0,0
2018-11-22,7,0.9897999999999999,0,0,0,0,0,0,0,0,0,0
2018-11-17,7,0.4137,0,0,0,0,0,0,0,0,0,0
2018-11-16,7,0.0,0,0,0,0,0,0,0,0,0,0
2018-11-15,7,0.0,0,0,0,0,0,0,0,0,0,0
2018-11-14,7,0.555,0,0,0,0,0,0,0,0,0,0
2018-11-13,7,0.0,0,0,0,0,0,0,1,0,0,0
2018-11-12,14,-0.18405,0,0,0,0,0,0,0,0,0,0
2018-11-10,7,0.0,1,0,0,0,0,0,0,0,0,0
2018-11-08,21,-0.0262,0,0,0,0,0,0,0,0,0,0
2018-11-07,7,0.0,0,0,0,0,0,0,0,0,0,0
2018-11-05,7,0.6982999999999999,0,0,0,0,0,0,1,0,0,0
2018-11-03,7,0.0,0,0,0,0,0,0,0,0,0,0
2018-11-02,7,0.4660000000000001,0,0,0,0,0,0,0,0,0,0
2018-11-01,14,-0.04684999999999997,0,0,0,0,0,0,0,0,0,0
2018-10-30,7,0.0,0,0,0,0,0,0,0,0,0,0
2018-10-29,7,0.7969,0,0,0,0,0,0,0,0,0,0
2018-10-28,7,0.8051000000000001,0,0,0,0,0,0,0,0,0,0
2018-10-27,28,0.519425,0,0,0,0,0,0,0,0,0,0
2018-10-24,7,0.7579000000000001,0,0,0,0,0,0,0,0,0,0
2018-10-22,14,0.02955000000000002,0,0,0,0,0,0,0,0,0,0
2018-10-21,14,0.49305000000000015,0,0,0,0,0,0,0,0,0,0
2018-10-20,21,0.34930000000000005,1,0,0,0,0,0,0,0,0,0
2018-10-19,35,0.28152,1,0,0,0,0,0,0,0,0,0
2018-10-18,14,-0.3403999999999999,0,0,0,0,0,0,0,0,0,0
2018-10-17,14,0.27320000000000005,0,0,0,0,0,0,0,0,0,0
2018-10-14,7,0.0,0,0,0,0,0,0,0,0,0,0
2018-10-13,7,0.8316,0,0,0,0,0,0,0,0,0,0
2018-10-12,14,0.6685,0,0,0,0,0,0,0,0,0,0
2018-10-08,14,0.8215000000000001,0,0,0,0,0,0,0,0,0,0
2018-10-07,21,-0.13413333333333333,0,0,0,0,0,0,0,0,0,0
2018-10-05,14,-0.01300000000000001,0,0,0,0,0,0,0,0,0,0
2018-10-04,7,0.8884999999999998,0,0,0,0,0,0,0,0,0,0
2018-10-03,7,-0.20229999999999998,0,0,0,0,0,0,0,0,0,0
2018-10-01,7,0.6368999999999999,0,0,0,0,0,0,0,0,0,0
2018-09-30,7,0.6597,0,0,0,0,0,0,0,0,0,0
2018-09-28,7,-0.5242,0,0,0,0,0,0,0,0,0,0
2018-09-26,7,0.0,0,0,0,0,0,0,0,0,0,0
2018-09-24,7,0.3182,0,0,0,0,0,0,0,0,0,0
2018-09-21,7,0.38180000000000003,0,0,0,0,0,0,0,0,0,0
2018-09-20,7,0.1979,0,0,0,0,0,0,0,0,0,0
2018-09-19,14,0.2997,0,0,0,0,0,0,0,0,0,0
2018-09-18,14,0.22019999999999998,0,0,0,0,0,0,0,0,0,0
2018-09-17,7,0.1027,0,0,0,0,0,0,0,0,0,0
2018-09-14,21,0.5396,0,0,0,0,0,0,0,0,0,0
2018-09-13,7,0.0,0,0,0,0,0,0,0,0,0,0
2018-09-12,56,0.1782,0,0,0,0,0,0,0,0,0,0
2018-09-11,35,-0.045579999999999996,0,0,0,0,0,0,1,0,0,0
2018-09-10,42,0.08774999999999997,0,0,0,0,0,0,0,0,0,0
2018-09-09,21,0.014999999999999994,0,0,0,0,0,0,0,0,0,0
2018-09-07,28,0.5102999999999999,0,0,0,0,0,0,0,0,0,0
2018-09-05,14,0.18060000000000004,0,0,0,0,0,0,0,0,0,0
2018-09-02,14,0.22019999999999998,1,0,0,0,0,0,0,0,0,0
2018-09-01,7,0.0,0,0,0,0,0,0,0,0,0,0
2018-08-31,35,0.50908,0,0,0,0,0,0,0,0,0,0
2018-08-30,21,0.09823333333333328,0,0,0,0,0,0,0,0,0,0
2018-08-26,7,0.0,0,0,0,0,0,0,0,0,0,0
2018-08-25,21,0.13396666666666665,0,0,0,0,0,0,0,0,0,0
2018-08-24,14,0.15470000000000003,0,0,0,0,0,0,0,0,0,0
2018-08-23,14,0.28595,0,0,0,0,0,0,0,0,0,0
2018-08-20,14,-0.07655,0,0,0,0,0,0,0,0,0,0
2018-08-19,7,-0.24110000000000004,0,0,0,0,0,0,0,0,0,0
2018-08-18,7,0.9078,0,0,0,0,0,0,0,0,0,0
2018-08-15,21,0.31976666666666675,0,0,0,0,0,0,0,0,0,0
2018-08-14,35,0.50892,0,0,0,0,0,0,0,0,0,0
2018-08-13,21,0.3585666666666667,0,0,0,0,0,0,0,0,0,0
2018-08-11,21,0.4771000000000001,0,0,0,0,0,0,0,0,0,0
2018-08-10,7,0.5562,0,0,0,0,0,0,0,0,0,0
2018-08-08,14,0.28319999999999995,1,0,0,0,0,0,0,0,0,0
2018-08-07,7,0.4019,0,0,0,0,0,0,0,0,0,0
2018-08-03,7,-0.1027,0,0,0,0,0,0,0,0,0,0
2018-08-01,28,0.181525,0,0,0,0,0,0,0,0,0,0
2018-07-30,7,0.6467,0,0,0,0,0,0,0,0,0,0
2018-07-29,7,-0.7771999999999999,0,0,0,0,0,0,0,0,0,0
2018-07-27,7,0.33999999999999997,0,0,0,0,0,0,0,0,0,0
2018-07-26,14,0.4636,0,0,0,0,0,0,0,0,0,0
2018-07-25,28,0.2295,0,0,0,0,0,0,0,0,0,0
2018-07-22,7,0.5956,0,0,0,0,0,0,0,0,0,0
2018-07-19,21,-0.2516666666666667,0,0,0,0,0,0,1,0,0,0
2018-07-18,7,0.7218999999999999,0,0,0,0,0,0,0,0,0,0
2018-07-17,21,0.4624666666666666,0,0,0,0,0,0,0,0,0,0
2018-07-16,7,0.9633000000000002,0,0,0,0,0,0,0,0,0,0
2018-07-13,14,0.23764999999999997,0,0,0,0,0,0,0,0,0,0
2018-07-12,7,0.0,0,0,0,0,0,0,0,0,0,0
2018-07-11,7,0.8710000000000002,0,0,0,0,0,0,0,0,0,0
2018-07-10,7,0.0,0,0,0,0,0,0,0,0,0,0
2018-07-09,7,0.7881999999999999,0,0,0,0,0,0,1,0,0,0
2018-07-06,21,0.2873,0,0,0,0,0,0,0,0,0,0
2018-07-05,14,0.0,0,0,0,0,0,0,0,0,0,0
2018-07-04,28,0.5487750000000001,0,0,0,0,0,0,0,0,0,0
2018-07-02,21,0.10606666666666666,0,0,0,0,0,0,0,0,0,0
2018-06-30,7,0.0,0,0,0,0,0,0,0,0,0,0
2018-06-28,7,0.6465,0,0,0,0,0,0,0,0,0,0
2018-06-27,7,0.22629999999999997,0,0,0,0,0,0,0,0,0,0
2018-06-26,14,0.6543000000000001,0,0,0,0,0,0,0,0,0,0
2018-06-23,14,0.1591,0,0,0,0,0,0,0,0,0,0
2018-06-22,14,-0.3243,0,0,0,0,0,0,0,0,0,0
2018-06-21,7,0.3612000000000001,0,0,0,0,0,0,0,0,0,0
2018-06-20,7,0.0,0,0,0,0,0,0,0,0,0,0
2018-06-19,35,0.35356000000000004,0,0,0,0,0,0,0,0,0,0
2018-06-18,7,-0.3382,0,0,0,0,0,0,0,0,0,0
2018-06-15,21,0.00833333333333334,0,0,0,0,0,0,0,0,1,0
2018-06-14,21,0.12760000000000002,0,0,0,0,0,0,0,0,0,0
2018-06-13,7,0.44039999999999996,0,0,0,0,0,0,0,0,0,0
2018-06-12,35,0.11066000000000001,0,0,0,0,0,0,0,0,0,0
2018-06-11,14,-0.09575,0,0,0,0,0,0,1,0,0,0
2018-06-10,21,-0.05306666666666668,0,0,0,0,0,0,0,0,0,0
2018-06-09,7,0.0,0,0,0,0,0,0,0,0,0,0
2018-06-08,14,-0.33544999999999997,0,0,0,0,0,0,0,0,0,0
2018-06-05,21,0.31886666666666674,0,0,0,0,0,0,0,0,0,0
2018-06-04,7,0.0,0,0,0,0,0,0,0,0,0,0
2018-06-02,7,0.0772,0,0,0,0,0,0,0,0,0,0
2018-06-01,14,-0.254,0,0,0,0,0,0,0,0,0,0
2018-05-31,7,-0.4019,0,0,0,0,0,0,0,0,0,0
2018-05-30,7,0.9762000000000002,0,0,0,0,0,0,0,0,0,0
2018-05-24,7,0.6696,1,0,0,0,0,0,0,0,0,0
2018-05-23,7,0.0,0,0,0,0,0,0,0,0,0,0
2018-05-21,7,0.0,0,0,0,0,0,0,0,0,0,0
2018-05-20,14,0.38635,0,0,0,0,0,0,0,0,0,0
2018-05-19,7,0.8268000000000002,0,0,0,0,0,0,0,0,0,0
2018-05-18,14,0.22019999999999998,0,0,0,0,0,0,0,0,0,0
2018-05-17,14,0.21075,0,0,0,0,0,0,0,0,0,0
2018-05-14,14,0.40370000000000006,0,0,0,0,0,0,0,0,0,0
2018-05-13,7,0.8074000000000001,0,0,0,0,0,0,0,0,0,0
2018-05-11,14,0.29295,0,0,0,0,0,0,0,0,0,0
2018-05-10,28,0.0,0,0,0,0,0,0,0,0,0,0
2018-05-08,7,-0.2481,0,0,0,0,0,0,0,0,0,0
2018-05-07,21,0.007866666666666685,1,0,0,0,0,0,0,0,0,0
2018-05-05,7,0.9371,0,0,0,0,0,0,0,0,0,0
2018-05-04,14,0.22019999999999998,0,0,0,0,0,0,0,0,0,0
2018-05-03,28,0.19802499999999998,0,0,0,0,0,0,0,0,0,0
2018-05-02,21,0.3610666666666666,0,0,0,0,0,0,0,0,0,0
2018-05-01,28,0.5333,1,0,0,0,0,0,0,0,0,0
2018-04-28,7,0.20229999999999998,0,0,0,0,0,0,0,0,0,0
2018-04-27,28,0.29132500000000006,0,0,0,0,0,0,0,0,0,0
2018-04-26,28,0.19370000000000004,0,0,0,0,0,0,0,0,0,0
2018-04-25,28,0.27357499999999996,0,0,0,0,0,0,0,0,0,0
2018-04-24,21,0.0015666666666666607,0,0,0,0,0,0,0,0,0,0
2018-04-23,28,0.07985000000000002,0,0,0,0,0,0,0,0,0,0
2018-04-22,7,-0.5861999999999999,0,0,0,0,0,0,0,0,0,0
2018-04-21,7,0.6948,1,0,0,0,0,0,0,0,0,0
2018-04-20,35,0.20776000000000003,0,0,0,0,0,0,0,0,0,0
2018-04-19,7,0.0,0,0,0,0,0,0,0,0,0,0
2018-04-18,14,0.2848,0,0,0,0,0,0,0,0,0,0
2018-04-13,21,0.37596666666666656,0,0,0,0,0,0,0,0,0,0
2018-04-12,14,0.010550000000000004,0,0,0,0,0,0,0,0,0,0
2018-04-11,7,0.1513,0,0,0,0,0,0,0,0,0,0
2018-04-10,7,0.0534,0,0,0,0,0,0,0,0,0,0
2018-04-09,14,0.15019999999999997,1,0,0,0,0,0,0,0,0,0
2018-04-06,7,0.0,0,0,0,0,0,0,0,0,0,0
2018-04-05,14,0.20095,0,0,0,0,0,0,0,0,0,0
2018-04-04,21,0.3120666666666667,0,0,0,0,0,0,0,0,0,0
2018-04-03,14,0.2553,0,0,0,0,0,0,0,0,0,0
2018-04-02,42,0.03999999999999999,0,0,0,0,0,0,0,0,0,0
2018-04-01,7,0.5994,0,0,0,0,0,0,0,0,0,0
2018-03-30,7,0.8807,0,0,0,0,0,0,0,0,0,0
2018-03-29,28,0.2014,0,0,0,0,0,0,0,0,0,0
2018-03-28,21,0.1998,0,0,0,0,0,0,0,0,0,0
2018-03-26,7,0.0,0,0,0,0,0,0,0,0,0,0
2018-03-24,14,-0.01915,0,0,0,0,0,0,0,0,0,0
2018-03-23,7,0.3182,0,0,0,0,0,0,0,0,0,0
2018-03-22,14,0.0,0,0,0,0,0,0,0,0,0,0
2018-03-21,14,-0.025799999999999997,0,0,0,0,0,0,0,0,0,0
2018-03-20,21,0.28823333333333334,0,0,0,0,0,0,0,0,0,0
2018-03-19,14,-0.01005,0,0,0,0,0,0,0,0,0,0
2018-03-18,7,-0.3612000000000001,0,0,0,0,0,0,0,0,0,0
2018-03-15,7,0.0,0,0,0,0,0,0,0,0,0,0
2018-03-14,14,0.05764999999999998,0,0,0,0,0,0,0,0,0,0
2018-03-13,7,0.44039999999999996,0,0,0,0,0,0,0,0,0,0
2018-03-09,7,0.0,0,0,0,0,0,0,0,0,0,0
2018-03-08,35,0.24441999999999992,0,0,0,0,0,0,0,0,0,0
2018-03-07,7,0.0,0,0,0,0,0,0,0,0,0,0
2018-03-06,28,0.27692500000000014,0,0,0,0,0,0,0,1,0,0
2018-03-05,14,0.6935,0,0,0,0,0,0,0,0,0,0
2018-03-01,14,0.49280000000000007,0,0,0,0,0,0,0,0,0,0
2018-02-28,14,0.05135,0,0,0,0,0,0,0,0,0,0
2018-02-27,35,0.28312,0,0,0,0,0,0,0,0,0,0
2018-02-26,42,0.15886666666666666,0,0,0,0,0,0,0,0,0,0
2018-02-25,7,0.0,0,0,0,0,0,0,0,0,0,0
2018-02-24,28,0.541,0,0,0,0,0,0,0,0,0,0
2018-02-23,21,0.40650000000000003,0,0,0,0,0,0,0,0,0,0
2018-02-22,14,0.20095,0,0,0,0,0,0,0,0,0,0
2018-02-21,7,0.3971,0,0,0,0,0,0,0,0,0,0
2018-02-19,28,-0.04722500000000001,0,0,0,0,0,0,0,0,0,0
2018-02-18,7,0.27320000000000005,0,0,0,0,0,0,0,0,0,0
2018-02-17,7,0.0,0,0,0,0,0,0,0,0,0,0
2018-02-16,14,0.46340000000000003,0,0,0,0,0,0,0,0,0,0
2018-02-15,21,0.05996666666666666,0,0,0,0,0,0,0,0,0,0
2018-02-14,28,0.3606,0,0,0,0,0,0,0,0,0,0
2018-02-13,28,0.219475,0,0,0,0,0,0,0,0,0,0
2018-02-12,21,0.22993333333333332,0,0,0,0,0,0,0,0,0,0
2018-02-11,7,0.7579000000000001,0,0,0,0,0,0,0,0,0,0
2018-02-10,14,0.36164999999999997,0,0,0,0,0,0,0,0,0,0
2018-02-08,7,0.0,0,0,0,0,0,0,0,0,0,0
2018-02-07,21,0.03373333333333333,0,0,0,0,0,0,0,0,0,0
2018-02-06,7,0.7556000000000002,0,0,0,0,0,0,0,0,0,0
2018-02-05,21,-0.18296666666666667,0,0,0,0,0,0,0,0,0,0
2018-02-04,7,0.0,0,0,0,0,0,0,0,0,0,0
2018-02-02,14,-0.13569999999999996,0,0,0,0,0,0,0,0,0,0
2018-02-01,49,0.23154285714285713,0,0,0,0,0,0,0,0,0,0
2018-01-31,21,-0.02776666666666668,0,0,0,0,0,0,0,0,0,0
2018-01-30,42,0.12076666666666666,0,0,0,0,0,0,0,0,0,0
2018-01-29,14,0.148,0,0,0,0,0,0,0,0,0,0
2018-01-28,21,0.09660000000000002,0,0,0,0,0,0,1,0,0,0
2018-01-27,14,0.4661,0,0,0,0,0,0,0,0,0,0
2018-01-26,7,0.0,0,0,0,0,0,0,0,0,0,0
2018-01-25,49,-0.10851428571428569,0,0,0,0,0,0,0,0,0,0
2018-01-24,35,0.033900000000000007,0,0,0,0,0,0,0,0,0,0
2018-01-23,35,0.12096000000000005,0,0,0,0,0,0,0,0,0,0
2018-01-22,21,0.6660666666666667,0,0,0,0,0,0,0,0,0,0
2018-01-21,7,0.0,0,0,0,0,0,0,0,0,0,0
2018-01-20,28,0.0294,0,0,0,0,0,0,0,0,0,0
2018-01-19,7,-0.7861000000000001,0,0,0,0,0,0,0,0,0,0
2018-01-18,21,0.15226666666666663,0,0,0,0,0,0,0,0,0,0
2018-01-17,21,0.14493333333333328,0,0,0,0,0,0,0,0,0,0
2018-01-16,56,0.054849999999999975,0,0,0,0,0,0,0,0,0,0
2018-01-15,42,0.40848333333333336,0,0,0,0,0,0,0,0,0,0
2018-01-14,21,0.3599666666666667,0,0,0,0,0,0,0,0,0,0
2018-01-13,7,0.22249999999999998,0,0,0,0,0,0,0,0,0,0
2018-01-12,21,0.20830000000000004,0,0,0,0,0,0,0,0,0,0
2018-01-11,14,0.24695,0,0,0,0,0,0,0,0,0,0
2018-01-10,21,0.012499999999999992,0,0,0,0,0,0,0,0,0,0
2018-01-09,49,-0.12187142857142862,0,0,0,0,0,0,0,0,0,0
2018-01-08,49,-0.06169999999999998,0,0,0,0,0,0,0,0,0,0
2018-01-07,14,0.37345,0,0,0,0,0,0,0,0,0,0
2018-01-06,14,0.22019999999999998,0,0,0,0,0,0,0,0,0,0
2018-01-05,35,0.21324,0,0,0,0,0,0,0,0,0,0
2018-01-04,49,0.3547,0,0,0,0,0,0,0,0,0,0
2018-01-03,28,0.282075,0,0,0,0,0,0,0,0,0,0
2018-01-02,21,0.12726666666666667,0,0,0,0,0,0,0,0,0,0
2018-01-01,14,0.46745,0,0,0,0,0,0,0,0,0,0
2017-12-31,14,0.4841000000000001,0,0,0,0,0,0,0,0,0,0
2017-12-29,28,-0.021974999999999984,0,0,0,0,0,0,0,0,0,0
2017-12-28,7,0.0,0,0,0,0,0,0,0,0,0,0
2017-12-27,14,0.18119999999999997,0,0,0,0,0,0,0,0,0,0
2017-12-26,14,0.41265000000000013,0,0,0,0,0,0,0,0,0,0
2017-12-25,14,0.8061499999999999,0,0,0,0,0,0,0,0,0,0
2017-12-24,7,0.19009999999999996,0,0,0,0,0,0,0,0,0,0
2017-12-23,14,0.5155500000000001,0,0,0,0,0,0,0,0,0,0
2017-12-22,42,0.3370833333333332,0,0,0,0,0,0,0,0,0,0
2017-12-21,7,0.5106,0,0,0,0,0,0,0,0,0,0
2017-12-20,7,0.0,0,0,0,0,0,0,0,0,0,0
2017-12-19,14,-0.11314999999999999,0,0,0,0,0,0,0,0,0,0
2017-12-18,7,0.296,0,0,0,0,0,0,0,0,0,0
2017-12-17,35,0.04479999999999999,0,0,0,0,0,0,0,0,0,0
2017-12-16,7,0.0,0,0,0,0,0,0,0,0,0,0
2017-12-15,7,0.638,0,0,0,0,0,0,0,0,0,0
2017-12-14,7,0.4215,0,0,0,0,0,0,0,0,0,0
2017-12-13,21,0.1514,0,0,0,0,0,0,0,0,0,0
2017-12-12,35,0.41577999999999987,0,0,0,0,0,0,0,0,0,0
2017-12-11,14,0.42245,0,0,0,0,0,0,0,0,0,0
2017-12-09,14,0.7109499999999999,0,0,0,0,0,0,1,0,0,0
2017-12-08,14,0.26344999999999996,0,0,0,0,0,0,0,0,0,0
2017-12-07,28,0.217875,0,0,0,0,0,0,0,0,0,0
2017-12-05,14,0.3182,0,0,0,0,0,0,0,0,0,0
2017-12-04,35,-0.07896,0,0,0,0,0,0,0,0,0,0
2017-12-03,7,0.0,0,0,0,0,0,0,0,0,0,0
2017-12-01,14,0.5946999999999999,0,0,0,0,0,0,0,0,0,0
2017-11-30,35,0.2874,0,0,0,0,0,0,0,0,0,0
2017-11-29,7,0.3182,0,0,0,0,0,0,0,0,0,0
2017-11-28,14,0.19979999999999998,0,0,0,0,0,0,0,0,0,0
2017-11-27,14,0.019899999999999973,0,0,0,0,0,0,0,0,0,0
2017-11-25,21,0.4197,0,0,0,0,0,0,0,0,0,0
2017-11-24,7,0.0,0,0,0,0,0,0,0,0,0,0
2017-11-23,21,-0.15073333333333333,0,0,0,0,0,0,0,0,0,0
2017-11-22,14,0.13660000000000003,0,0,0,0,0,0,0,0,0,0
2017-11-21,14,-0.4240499999999999,0,0,0,0,0,0,0,0,0,0
2017-11-20,14,0.18060000000000004,0,0,0,0,0,0,0,0,0,0
2017-11-17,7,0.4019,0,0,0,0,0,0,0,0,0,0
2017-11-15,7,0.0,0,0,0,0,0,0,0,0,0,0
2017-11-14,21,0.7397333333333334,1,0,0,0,0,0,0,0,0,0
2017-11-09,21,-0.10636666666666669,0,0,0,0,0,0,0,0,0,0
2017-11-08,28,0.320375,0,0,0,0,0,0,0,0,0,0
2017-11-07,21,0.5072000000000001,0,0,0,0,0,0,0,0,0,0
2017-11-06,7,0.0,0,0,0,0,0,0,0,0,0,0
2017-11-02,21,0.21540000000000004,0,0,0,0,0,0,0,0,0,0
2017-10-28,14,-0.5363000000000001,0,0,0,0,0,0,0,0,0,0
2017-10-25,7,0.0,0,0,0,0,0,0,0,0,0,0
2017-10-16,7,0.296,0,0,0,0,0,0,0,0,0,0
2017-10-15,7,-0.33999999999999997,0,0,0,0,0,0,0,0,0,0
2017-10-14,7,0.0,0,0,0,0,0,0,0,0,0,0
2017-10-13,14,-0.5468000000000001,0,0,0,0,0,0,0,0,0,0
2017-10-12,14,0.3877999999999999,0,0,0,0,0,0,0,0,0,0
2017-10-11,7,0.05159999999999999,0,0,0,0,0,0,0,0,0,0
2017-10-08,14,0.35889999999999994,0,0,0,0,0,0,0,0,0,0
2017-10-07,7,0.686,0,0,0,0,0,0,0,0,0,0
2017-10-05,14,-0.1027,0,0,0,0,0,0,0,0,0,0
2017-10-03,7,0.0063,0,0,0,0,0,0,0,0,0,0
2017-10-02,7,-0.29240000000000005,0,0,0,0,0,0,0,0,0,0
2017-09-29,7,0.0,0,0,0,0,0,0,0,0,0,0
2017-09-28,7,-0.1531,0,0,0,0,0,0,0,0,0,0
2017-09-27,14,0.4768500000000001,0,0,0,0,0,0,0,0,0,0
2017-09-26,21,0.17020000000000005,0,0,0,0,0,0,0,0,0,0
2017-09-24,7,0.44039999999999996,0,0,0,0,0,0,0,0,0,0
2017-09-23,14,0.07565,0,0,0,0,0,0,1,0,0,0
2017-09-22,7,0.128,0,0,0,0,0,0,0,0,0,0
2017-09-21,7,0.0,0,0,0,0,0,0,0,0,0,0
2017-09-20,7,0.0,0,0,0,0,0,0,0,0,0,0
2017-09-19,42,0.34319999999999995,0,0,0,0,0,0,0,0,0,0
2017-09-18,14,0.4211500000000001,0,0,0,0,0,0,0,0,0,0
2017-09-16,7,0.0,0,0,0,0,0,0,0,0,0,0
2017-09-15,35,-0.12794,0,0,0,0,0,0,1,0,0,0
2017-09-14,7,0.0,0,0,0,0,0,0,0,0,0,0
2017-09-13,7,0.44039999999999996,0,0,0,0,0,0,0,0,0,0
2017-09-12,14,-0.3548,0,0,0,0,0,0,0,0,0,0
2017-09-10,14,0.07994999999999997,0,0,0,0,0,0,0,0,0,0
2017-09-09,21,-0.38100000000000006,0,0,0,0,0,0,0,0,0,0
2017-09-08,21,0.27973333333333333,0,0,0,0,0,0,0,0,0,0
2017-09-07,7,0.0,0,0,0,0,0,0,0,0,0,0
2017-09-06,14,0.056200000000000014,0,0,0,0,0,0,0,0,0,0
2017-09-05,14,0.49354999999999993,0,0,0,0,0,0,0,0,0,0
2017-09-04,14,0.0,0,0,0,0,0,0,0,0,0,0
2017-09-03,21,0.15246666666666664,0,0,0,0,0,0,0,0,0,0
2017-09-02,7,-0.5423,0,0,0,0,0,0,0,0,0,0
2017-08-31,21,-0.17073333333333332,0,0,0,0,0,0,0,0,0,0
2017-08-30,7,0.5106,0,0,0,0,0,0,0,0,0,0
2017-08-28,7,0.0,0,0,0,0,0,0,0,0,0,0
2017-08-25,7,0.9062,0,0,0,0,0,0,0,0,0,0
2017-08-23,7,0.0,0,0,0,0,0,0,0,0,0,0
2017-08-21,7,-0.4215,0,0,0,0,0,0,0,0,0,0
2017-08-18,14,0.13660000000000003,0,0,0,0,0,0,0,0,0,0
2020-08-27,1,0.5574,0,0,0,0,0,0,1,0,0,0
2017-08-15,5,0.0,0,0,0,0,0,0,0,0,0,0
2017-08-13,5,0.0,0,0,0,0,0,0,0,0,0,0
2017-08-11,5,0.0,0,0,0,0,0,0,0,0,0,0
2017-08-08,5,0.0,0,0,0,0,0,0,0,0,0,0
2017-08-05,10,0.09894999999999998,0,0,0,0,0,0,0,0,0,0
2017-08-01,10,0.3592,0,0,0,0,0,0,0,0,0,0
2017-07-31,5,0.5574,0,0,0,0,0,0,0,0,0,0
2017-07-28,10,-0.011099999999999999,0,0,0,0,0,0,0,0,0,0
2017-07-26,10,0.49339999999999995,0,0,0,0,0,0,0,0,0,0
2017-07-24,5,0.296,0,0,0,0,0,0,0,0,0,0
2017-07-23,5,0.0,0,0,0,0,0,0,0,0,0,0
2017-07-20,5,0.0,0,0,0,0,0,0,0,0,0,0
2017-07-19,10,0.24885000000000002,0,0,0,0,0,0,0,0,0,0
2017-07-18,10,0.2202,0,0,0,0,0,0,0,0,0,0
2017-07-17,15,0.21063333333333334,0,0,0,0,0,0,0,0,0,0
2017-07-16,20,0.261975,0,0,0,0,0,0,0,0,0,0
2017-07-15,10,0.0258,0,0,0,0,0,0,0,0,0,0
2017-07-12,5,0.0,0,0,0,0,0,0,0,0,0,0
2017-07-11,25,-0.09078000000000001,0,0,0,0,0,0,0,0,0,0
2017-07-10,5,0.0258,0,0,0,0,0,0,0,0,0,0
2017-07-09,5,0.0,0,0,0,0,0,0,0,0,0,0
2017-07-08,10,0.65595,0,0,0,0,0,0,0,0,0,0
2017-07-03,5,0.0,0,0,0,0,0,0,0,0,0,0
2017-07-01,5,-0.6124,0,0,0,0,0,0,0,0,0,0
2017-06-30,5,0.0,0,0,0,0,0,0,0,0,0,0
2017-06-29,5,0.0,0,0,0,0,0,0,0,0,0,0
2017-06-28,10,0.2294,0,0,0,0,0,0,0,0,0,0
2017-06-27,5,0.128,0,0,0,0,0,0,0,0,0,0
2017-06-25,15,0.6629666666666666,0,0,0,0,0,0,0,0,0,0
2017-06-23,5,0.40190000000000003,0,0,0,0,0,0,0,0,0,0
2017-06-22,35,0.012742857142857139,0,0,0,0,0,0,0,0,0,0
2017-06-21,5,0.40190000000000003,0,0,0,0,0,0,0,0,0,0
2017-06-20,5,-0.2263,0,0,0,0,0,0,0,0,0,0
2017-06-17,5,0.3182,0,0,0,0,0,0,0,0,0,0
2017-06-16,15,0.43050000000000005,0,0,0,0,0,0,0,0,0,0
2017-06-15,15,-0.06303333333333333,0,0,0,0,0,0,0,0,0,0
2017-06-14,20,0.337225,0,0,0,0,0,0,0,0,0,0
2017-06-12,5,0.0,0,0,0,0,0,0,0,0,0,0
2017-06-11,30,-0.3277,0,0,0,0,0,0,0,0,0,0
2017-06-10,30,-0.030083333333333316,0,0,0,0,0,0,0,0,0,0
2017-06-09,5,0.0772,0,0,0,0,0,0,0,0,0,0
2017-06-06,10,0.0,0,0,0,0,0,0,0,0,0,0
2017-06-05,5,0.8481,0,0,0,0,0,0,0,0,0,0
2017-06-04,15,0.15293333333333334,0,0,0,0,0,0,0,0,0,0
2017-06-02,30,0.23453333333333334,0,0,0,0,0,0,0,0,0,0
2017-06-01,20,-0.15999999999999998,0,0,0,0,0,0,0,0,0,0
2017-05-31,15,0.0593,0,0,0,0,0,0,0,0,0,0
2017-05-30,5,0.0,0,0,0,0,0,0,0,0,0,0
2017-05-28,5,0.296,0,0,0,0,0,0,0,0,0,0
2017-05-26,15,0.09106666666666667,0,0,0,0,0,0,0,0,0,0
2017-05-25,10,0.4307499999999999,0,0,0,0,0,0,0,0,0,0
2017-05-24,10,0.11315,0,0,0,0,0,0,0,0,0,0
2017-05-23,5,0.7506,0,0,0,0,0,0,0,0,0,0
2017-05-21,5,-0.7387,0,0,0,0,0,0,0,0,0,0
2017-05-19,5,0.0,0,0,0,0,0,0,0,0,0,0
2017-05-17,5,0.0,0,0,0,0,0,0,0,0,0,0
2017-05-14,5,-0.1232,0,0,0,0,0,0,0,0,0,0
2017-05-11,5,0.2732,0,0,0,0,0,0,0,0,0,0
2017-05-07,5,0.4939,0,0,0,0,0,0,0,0,0,0
2017-05-06,5,0.0,0,0,0,0,0,0,0,0,0,0
2017-05-05,10,0.20095000000000002,0,0,0,0,0,0,0,0,0,0
2017-05-04,10,0.41355,0,0,0,0,0,0,0,0,0,0
2017-05-03,5,0.4404,0,0,0,0,0,0,1,0,0,0
2017-04-30,5,0.4215,0,0,0,0,0,0,0,0,0,0
2017-04-29,5,0.5859,0,0,0,0,0,0,0,0,0,0
2017-04-28,5,0.7096,0,0,0,0,0,0,0,0,0,0
2017-04-26,10,0.039599999999999996,0,0,0,0,0,0,0,0,0,0
2017-04-25,5,0.0,0,0,0,0,0,0,0,0,0,0
2017-04-24,5,0.0,0,0,0,0,0,0,0,0,0,0
2017-04-19,5,0.47539999999999993,0,0,0,0,0,0,1,0,0,0
2017-04-13,5,0.5994,0,0,0,0,0,0,0,0,0,0
2017-04-12,5,-0.2732,0,0,0,0,0,0,1,0,0,0
2017-04-06,5,-0.3939,0,0,0,0,0,0,0,0,0,0
2017-04-05,10,0.35345,0,0,0,0,0,0,0,0,0,0
2017-04-04,5,0.7177,0,0,0,0,0,0,0,0,0,0
2017-03-29,5,0.0772,0,0,0,0,0,0,0,0,0,0
2017-03-28,5,-0.6458,0,0,0,0,0,0,0,0,0,0
2017-03-27,5,0.0,0,0,0,0,0,0,0,0,0,0
2017-03-25,15,0.10606666666666667,0,0,0,0,0,0,0,0,0,0
2017-03-24,10,0.0,0,0,0,0,0,0,0,0,0,0
2017-03-19,5,-0.5994,0,0,0,0,0,0,0,0,0,0
2017-03-17,30,0.12733333333333335,0,0,0,0,0,0,0,0,0,0
2017-03-16,15,0.30106666666666665,0,0,0,0,0,0,0,0,0,0
2017-03-15,5,0.3182,0,0,0,0,0,0,0,0,0,0
2017-03-13,10,0.13420000000000004,0,0,0,0,0,0,0,0,0,0
2017-03-12,5,0.0,0,0,0,0,0,0,0,0,0,0
2017-03-11,5,0.2023,0,0,0,0,0,0,0,0,0,0
2017-03-04,5,-0.0644,0,0,0,0,0,0,0,0,0,0
2017-03-02,5,0.3612,0,0,0,0,0,0,0,0,0,0
2017-03-01,5,0.0,0,0,0,0,0,0,0,0,0,0
2017-02-28,15,0.24823333333333333,0,0,0,0,0,0,0,0,0,0
2017-02-27,10,0.06040000000000001,0,0,0,0,0,0,0,0,0,0
2017-02-19,20,-0.1702,0,0,0,0,0,0,0,0,0,0
2017-02-17,5,0.6249,0,0,0,0,0,0,0,0,0,0
2017-02-14,5,0.7378,0,0,0,0,0,0,0,0,0,0
2017-02-12,10,0.42955,0,0,0,0,0,0,0,0,0,0
2017-02-11,5,0.0,0,0,0,0,0,0,0,0,0,0
2017-02-10,5,0.2023,0,0,0,0,0,0,0,0,0,0
2017-02-07,5,0.3182,0,0,0,0,0,0,0,0,0,0
2017-02-04,5,0.0,0,0,0,0,0,0,0,0,0,0
2017-01-07,5,0.40190000000000003,0,0,0,0,0,0,0,0,0,0
2017-01-03,5,0.3802,0,0,0,0,0,0,0,0,0,0
2016-12-27,5,0.0,0,0,0,0,0,0,0,0,0,0
2016-12-24,5,-0.296,0,0,0,0,0,0,0,0,0,0
2016-12-21,5,0.0,0,0,0,0,0,0,0,0,0,0
2016-12-16,5,0.0,0,0,0,0,0,0,0,0,0,0
2016-12-13,5,0.0,0,0,0,0,0,0,0,0,0,0
2016-12-09,5,0.10069999999999998,0,0,0,0,0,0,0,0,0,0
2016-12-08,10,0.1471,0,0,0,0,0,0,0,0,0,0
2016-12-06,10,-0.23585000000000003,0,0,0,0,0,0,0,0,0,0
2016-11-24,15,-0.22343333333333337,0,0,0,0,0,0,0,0,0,0
2016-11-15,10,-0.61885,0,0,0,0,0,0,0,0,0,0
2016-11-05,5,0.40190000000000003,0,0,0,0,0,0,0,0,0,0
2016-11-03,5,0.3773,0,0,0,0,0,0,0,0,0,0
2016-10-29,10,0.17,0,0,0,0,0,0,0,0,0,0
2016-10-21,5,0.5719,0,0,0,0,0,0,0,0,0,0
2016-10-18,5,0.0,0,0,0,0,0,0,0,0,0,0
2016-10-17,5,-0.10269999999999999,0,0,0,0,0,0,0,0,0,0
2016-10-15,5,-0.10269999999999999,0,0,0,0,0,0,0,0,0,0
2016-10-12,10,-0.13595000000000002,0,0,0,0,0,0,0,0,0,0
2016-10-10,5,-0.8332,0,0,0,0,0,0,0,0,0,0
2016-10-08,5,0.0,0,0,0,0,0,0,0,0,0,0
2016-10-05,10,0.0,0,0,0,0,0,0,0,0,0,0
2016-10-04,5,0.1779,0,0,0,0,0,0,0,0,0,0
2016-09-21,5,0.8745,0,0,0,0,0,0,0,0,0,0
2016-09-19,5,-0.2263,0,0,0,0,0,0,0,0,0,0
2016-09-18,20,-0.005700000000000011,0,0,0,0,0,0,0,0,0,0
2016-09-16,5,0.0,0,0,0,0,0,0,0,0,0,0
2016-09-08,5,-0.3107,0,0,0,0,0,0,0,0,0,0
2016-08-19,5,0.0,0,0,0,0,0,0,0,0,0,0
2016-08-11,5,-0.2481,0,0,0,0,0,0,0,0,0,0
2016-08-04,25,0.30261999999999994,0,0,0,0,0,0,0,0,0,0
2016-08-03,10,0.56395,0,0,0,0,0,0,0,0,0,0
2016-08-02,10,0.0,0,0,0,0,0,0,0,0,0,0
2016-08-01,10,0.0,0,0,0,0,0,0,0,0,0,0
2016-07-30,20,0.2961250000000001,0,0,0,0,0,0,0,0,0,0
2016-07-29,5,0.0,0,0,0,0,0,0,0,0,0,0
2016-07-28,10,-0.009800000000000003,0,0,0,0,0,0,0,0,0,0
2016-07-27,5,-0.4215,0,0,0,0,0,0,0,0,0,0
2016-07-26,25,0.32620000000000005,0,0,0,0,0,0,0,0,0,0
2016-07-24,30,0.10329999999999999,0,0,0,0,0,0,0,0,0,0
2016-07-23,5,-0.10269999999999999,0,0,0,0,0,0,0,0,0,0
2016-07-20,10,0.79285,0,0,0,0,0,0,0,0,0,0
2016-07-19,5,0.5106,0,0,0,0,0,0,0,0,0,0
2016-07-16,5,0.0,0,0,0,0,0,0,0,0,0,0
2016-07-15,5,0.5267,0,0,0,0,0,0,0,0,0,0
2016-07-12,5,0.296,0,0,0,0,0,0,0,0,0,0
2016-06-19,10,-0.5233000000000001,0,0,0,0,0,0,0,0,0,0
2016-06-18,15,-0.10529999999999999,0,0,0,0,0,0,0,0,0,0
2016-06-17,30,-0.32055000000000006,0,0,0,0,0,0,0,0,0,0
2016-06-11,5,-0.1316,0,0,0,0,0,0,0,0,0,0
2016-06-08,5,0.0,0,0,0,0,0,0,0,0,0,0
2016-06-07,5,0.3612,0,0,0,0,0,0,0,0,0,0
2016-05-15,5,0.10269999999999999,0,0,0,0,0,0,0,0,0,0
2016-05-14,5,0.4939,0,0,0,0,0,0,0,0,0,0
2016-04-22,5,0.6523,0,0,0,0,0,0,1,0,0,0
2016-04-12,5,0.0,0,0,0,0,0,0,0,0,0,0
2016-04-10,10,-0.0867,0,0,0,0,0,0,0,0,0,0
2016-04-07,10,0.392,0,0,0,0,0,0,0,0,0,0
2016-04-05,5,-0.5974,0,0,0,0,0,0,0,0,0,0
2016-03-17,5,0.0,0,0,0,0,0,0,0,0,0,0
2016-03-14,10,0.0,0,0,0,0,0,0,0,0,0,0
2016-03-12,5,-0.4767,0,0,0,0,0,0,0,0,0,0
2016-03-09,5,0.0,0,0,0,0,0,0,0,0,0,0
2016-03-07,15,-0.011199999999999988,0,0,0,0,0,0,0,0,0,0
2016-03-03,5,0.5267,0,0,0,0,0,0,0,0,0,0
2016-02-28,5,0.5093,0,0,0,0,0,0,0,0,0,0
2016-02-11,5,0.3182,0,0,0,0,0,0,0,0,0,0
2016-02-10,5,0.3182,0,0,0,0,0,0,0,0,0,0
2015-11-20,5,0.8687000000000001,0,0,0,0,0,0,0,0,0,0
2015-11-09,5,0.4939,0,0,0,0,0,0,0,0,0,0
2015-10-27,5,0.0,0,0,0,0,0,0,0,0,0,0
2015-10-10,5,0.128,0,0,0,0,0,0,0,0,0,0
2015-08-20,20,0.16975,0,0,0,0,0,0,0,0,0,0
2015-08-19,5,0.0,0,0,0,0,0,0,0,0,0,0
2015-08-18,5,0.7835,0,0,0,0,0,0,0,0,0,0
2015-08-11,5,0.0,0,0,0,0,0,0,0,0,0,0
2015-08-08,5,0.0,0,0,0,0,0,0,0,0,0,0
2015-08-02,5,0.3182,0,0,0,0,0,0,0,0,0,0
2015-07-31,5,0.0,0,0,0,0,0,0,0,0,0,0
2014-12-12,5,0.0,0,0,0,0,0,0,0,0,0,0
2014-10-11,5,0.0,0,0,0,0,0,0,0,0,0,0
2020-06-20,1,0.5267,0,0,0,0,0,0,1,0,0,0
