,date,tweet_count,daily_sent,charliebilello,huobiglobal,binance,vitalikbuterin,coinmarketcap,eth_classic,grayscale,investingcom,scottmelker,justinsuntron
2021-04-25,2021-04-25,2,0.3715,0,0,0,0,0,1,0,0,0,0
2021-04-24,2021-04-24,4,0.250575,0,0,0,0,1,1,0,0,0,0
2021-04-23,2021-04-23,12,0.24817500000000003,0,0,0,0,1,1,0,1,0,0
2021-04-22,2021-04-22,21,0.24174761904761904,0,0,0,0,1,1,0,0,0,0
2021-04-21,2021-04-21,12,0.10794166666666666,1,0,0,0,1,0,0,0,0,0
2021-04-20,2021-04-20,4,-0.313825,0,0,0,0,1,1,0,0,0,0
2021-04-19,2021-04-19,5,0.16894,0,1,0,0,0,0,0,0,0,0
2021-04-18,2021-04-18,3,0.17020000000000002,1,0,0,0,1,0,0,0,0,0
2021-04-17,2021-04-17,9,0.14835555555555555,0,0,0,0,1,1,0,1,0,0
2021-04-16,2021-04-16,16,0.52340625,1,1,0,0,0,1,0,0,0,0
2021-04-15,2021-04-15,18,0.2180722222222222,0,0,0,0,1,1,0,0,0,0
2021-04-14,2021-04-14,20,0.058984999999999996,0,0,0,0,0,1,0,1,1,0
2021-04-13,2021-04-13,17,0.21728823529411767,0,1,1,0,1,0,0,1,0,0
2021-04-12,2021-04-12,7,0.4514142857142857,0,1,0,0,1,0,0,0,0,0
2021-04-11,2021-04-11,2,0.1591,0,0,0,0,0,0,0,0,0,0
2021-04-10,2021-04-10,8,0.0771875,1,0,0,0,1,0,0,1,0,0
2021-04-09,2021-04-09,5,0.40146000000000004,0,0,0,0,0,0,0,0,0,0
2021-04-08,2021-04-08,1,0.0,0,0,0,0,1,0,0,0,0,0
2021-04-07,2021-04-07,7,0.09567142857142856,0,0,0,0,1,1,0,0,0,0
2021-04-06,2021-04-06,7,0.4475142857142858,0,0,0,0,0,1,0,1,0,0
2021-04-05,2021-04-05,10,0.28503,0,1,0,0,1,0,0,0,0,0
2021-04-04,2021-04-04,3,0.021500000000000002,0,0,0,0,0,0,0,0,0,0
2021-04-03,2021-04-03,12,0.14086666666666667,0,0,0,0,1,0,0,1,0,0
2021-04-02,2021-04-02,18,0.13210555555555553,0,0,0,0,1,0,0,1,0,0
2021-04-01,2021-04-01,7,0.4064857142857143,0,0,0,0,1,0,0,0,0,1
2021-03-31,2021-03-31,3,0.2562,1,0,0,0,0,0,0,0,0,0
2021-03-30,2021-03-30,3,0.3468,0,0,0,0,0,0,0,0,1,0
2021-03-29,2021-03-29,10,0.41516000000000003,0,1,0,0,0,1,0,0,0,0
2021-03-28,2021-03-28,2,-0.09675,0,0,0,0,0,1,0,0,0,0
2021-03-27,2021-03-27,3,0.12773333333333334,0,0,0,0,0,0,0,0,0,0
2021-03-26,2021-03-26,6,0.4197,0,0,0,0,0,0,1,0,0,0
2021-03-25,2021-03-25,10,0.36357,0,0,0,0,1,0,0,0,0,0
2021-03-24,2021-03-24,2,0.5389,0,0,0,0,0,0,0,0,0,0
2021-03-23,2021-03-23,3,0.26803333333333335,0,0,0,0,0,0,0,1,0,0
2021-03-22,2021-03-22,5,0.47284,0,1,0,0,0,0,0,0,0,0
2021-03-20,2021-03-20,2,0.36755,0,0,0,0,1,0,0,0,0,0
2021-03-19,2021-03-19,4,0.39537500000000003,0,0,0,0,0,0,0,0,0,0
2021-03-18,2021-03-18,4,0.2744,0,0,0,0,0,0,0,0,0,0
2021-03-17,2021-03-17,4,0.08524999999999999,0,0,0,0,0,0,0,0,0,0
2021-03-16,2021-03-16,2,0.1366,0,0,0,0,0,0,0,0,0,0
2021-03-15,2021-03-15,7,0.20127142857142857,0,1,0,0,1,0,0,1,0,0
2021-03-13,2021-03-13,5,0.46053999999999995,0,0,0,0,0,0,0,0,1,0
2021-03-12,2021-03-12,9,0.24615555555555557,0,0,0,0,0,0,1,0,0,0
2021-03-11,2021-03-11,1,0.0,0,0,0,0,0,0,0,0,0,0
2021-03-10,2021-03-10,4,0.07559999999999997,0,0,0,0,1,1,1,0,0,0
2021-03-09,2021-03-09,10,0.22748999999999997,0,0,0,0,0,1,0,0,0,0
2021-03-08,2021-03-08,6,0.38655,0,1,0,0,0,1,0,0,0,0
2021-03-06,2021-03-06,5,0.09784000000000001,0,0,0,0,1,0,0,0,0,0
2021-03-05,2021-03-05,4,0.050575,0,0,1,0,0,0,0,0,0,0
2021-03-04,2021-03-04,4,0.029850000000000015,0,0,0,0,0,0,0,0,0,0
2021-03-03,2021-03-03,3,0.434,0,0,0,0,0,0,0,0,0,0
2021-03-02,2021-03-02,6,0.3868333333333333,0,0,0,0,0,0,1,0,0,0
2021-03-01,2021-03-01,2,-0.04780000000000001,0,0,0,0,0,0,0,0,1,0
2021-02-28,2021-02-28,7,-0.0255,0,0,1,0,0,0,0,1,0,0
2021-02-27,2021-02-27,4,0.5626,0,0,0,0,1,0,0,0,0,0
2021-02-26,2021-02-26,8,0.39927500000000005,1,0,0,0,1,1,1,0,0,0
2021-02-25,2021-02-25,6,0.1922,0,0,0,0,0,0,1,0,0,0
2021-02-24,2021-02-24,7,0.27017142857142856,0,0,0,0,0,1,0,0,0,0
2021-02-23,2021-02-23,12,-0.023250000000000003,0,1,1,0,0,1,0,0,0,0
2021-02-22,2021-02-22,9,0.20075555555555558,0,0,1,0,1,0,0,0,0,0
2021-02-21,2021-02-21,5,0.37306,0,0,0,0,0,0,0,1,0,0
2021-02-20,2021-02-20,14,0.18306428571428568,0,0,0,0,1,0,0,1,0,0
2021-02-19,2021-02-19,10,0.25554,0,0,1,0,0,0,1,1,0,0
2021-02-18,2021-02-18,13,0.19423846153846153,0,0,0,0,0,0,1,1,0,0
2021-02-17,2021-02-17,4,0.3454,0,0,0,0,0,1,0,0,0,0
2021-02-16,2021-02-16,4,0.5785,0,0,0,0,0,1,1,0,0,0
2021-02-15,2021-02-15,2,0.4144,0,0,0,0,0,0,1,0,0,0
2021-02-14,2021-02-14,2,0.13474999999999998,0,0,0,0,0,0,0,0,0,0
2021-02-13,2021-02-13,4,0.528525,0,0,0,0,0,1,0,0,0,0
2021-02-12,2021-02-12,7,0.3445571428571429,0,0,0,0,0,0,1,0,0,0
2021-02-11,2021-02-11,4,0.20404999999999998,0,0,0,0,0,1,0,0,0,0
2021-02-10,2021-02-10,12,0.356425,0,0,0,0,1,1,0,0,0,0
2021-02-09,2021-02-09,11,0.3280909090909091,0,0,0,0,1,1,0,1,0,0
2021-02-08,2021-02-08,4,0.13592500000000002,0,0,0,0,0,0,0,0,0,0
2021-02-07,2021-02-07,4,0.27245,0,0,0,0,1,1,0,0,0,0
2021-02-06,2021-02-06,1,0.6249,0,0,0,0,0,0,0,0,0,0
2021-02-05,2021-02-05,18,0.1595277777777778,1,0,0,0,1,0,0,1,0,0
2021-02-04,2021-02-04,5,0.2294,0,0,0,0,1,1,0,0,0,0
2021-02-03,2021-02-03,19,0.0522578947368421,1,0,0,0,1,0,0,0,0,0
2021-02-02,2021-02-02,12,0.10146666666666666,1,1,0,0,1,0,0,0,0,0
2021-02-01,2021-02-01,3,0.5269666666666667,0,0,0,0,0,0,0,0,0,0
2021-01-31,2021-01-31,2,-0.09065,0,0,0,0,1,0,0,0,1,0
2021-01-30,2021-01-30,2,0.6890499999999999,0,0,0,0,0,0,0,0,0,0
2021-01-29,2021-01-29,11,0.42026363636363634,1,0,0,0,0,0,1,0,0,0
2021-01-28,2021-01-28,5,0.1594,0,0,0,0,1,0,0,0,0,0
2021-01-27,2021-01-27,5,0.31135999999999997,0,0,0,0,1,0,0,0,0,0
2021-01-26,2021-01-26,5,0.21905999999999998,0,0,0,0,1,0,0,0,0,0
2021-01-25,2021-01-25,10,0.38431999999999994,0,0,0,0,1,0,0,0,0,0
2021-01-24,2021-01-24,3,0.2740666666666667,0,0,0,0,1,0,0,0,0,0
2021-01-23,2021-01-23,2,0.8308,0,0,0,0,0,0,0,0,0,0
2021-01-22,2021-01-22,2,0.27815,0,0,0,0,1,0,0,0,0,0
2021-01-21,2021-01-21,4,0.10327499999999999,0,1,0,0,0,0,0,0,0,0
2021-01-20,2021-01-20,7,0.30317142857142854,0,0,0,0,1,0,0,0,0,1
2021-01-19,2021-01-19,21,0.2821190476190476,1,0,0,0,1,0,0,1,1,0
2021-01-18,2021-01-18,3,-0.09099999999999998,0,0,0,0,0,0,1,0,0,0
2021-01-17,2021-01-17,3,0.6847,0,0,0,0,1,0,0,0,0,0
2021-01-16,2021-01-16,3,0.02513333333333334,0,0,0,0,0,0,0,0,0,0
2021-01-15,2021-01-15,4,0.4946,0,0,0,0,1,0,1,0,0,0
2021-01-14,2021-01-14,2,0.3872,0,0,0,0,1,0,0,0,0,0
2021-01-13,2021-01-13,2,0.35824999999999996,0,0,0,0,0,0,0,0,0,0
2021-01-12,2021-01-12,2,0.55935,0,0,0,0,0,0,0,0,0,0
2021-01-11,2021-01-11,5,0.1621,0,0,1,0,1,0,0,1,0,0
2021-01-10,2021-01-10,4,0.42965,0,0,0,0,1,0,0,0,0,0
2021-01-09,2021-01-09,2,0.66045,0,0,0,0,1,0,0,0,0,0
2021-01-08,2021-01-08,5,-0.0787,1,0,0,0,0,0,0,0,0,0
2021-01-07,2021-01-07,6,0.12806666666666666,0,0,0,0,1,0,0,0,0,0
2021-01-06,2021-01-06,4,0.2292,0,0,0,0,0,0,0,0,0,0
2021-01-05,2021-01-05,6,0.4437499999999999,0,0,0,0,1,0,0,0,0,0
2021-01-04,2021-01-04,13,0.020599999999999993,1,1,1,0,0,0,0,0,0,1
2021-01-03,2021-01-03,4,0.026074999999999987,0,0,0,0,1,0,0,1,0,0
2021-01-02,2021-01-02,6,0.17026666666666665,0,0,0,0,1,0,0,0,0,0
2021-01-01,2021-01-01,3,0.4868333333333334,0,0,0,0,0,0,0,0,0,0
2020-12-30,2020-12-30,2,0.3182,0,0,0,0,1,0,0,0,0,0
2020-12-29,2020-12-29,1,0.4215,0,0,0,0,0,0,0,0,0,0
2020-12-28,2020-12-28,3,-0.06583333333333335,0,0,0,0,0,0,0,0,0,0
2020-12-27,2020-12-27,2,0.17,0,0,0,0,0,0,0,0,0,0
2020-12-26,2020-12-26,1,0.8519,0,0,0,0,0,0,0,0,0,0
2020-12-24,2020-12-24,2,0.32985,0,0,0,0,1,0,0,0,0,0
2020-12-23,2020-12-23,5,0.26486,0,0,0,0,0,0,0,0,0,1
2020-12-22,2020-12-22,6,0.19566666666666666,0,1,0,0,0,0,1,0,0,0
2020-12-21,2020-12-21,6,0.16463333333333333,0,0,0,0,0,0,0,0,0,0
2020-12-20,2020-12-20,2,0.63585,0,0,0,0,1,0,0,0,0,0
2020-12-19,2020-12-19,4,0.344325,0,0,0,0,1,0,1,0,0,0
2020-12-18,2020-12-18,6,0.466,0,0,0,0,1,0,1,0,0,0
2020-12-17,2020-12-17,5,0.1706,0,0,0,0,1,0,0,1,0,0
2020-12-16,2020-12-16,6,0.23548333333333335,0,0,0,0,0,1,1,0,0,0
2020-12-15,2020-12-15,5,0.25188,0,0,0,0,0,0,1,0,0,0
2020-12-14,2020-12-14,4,0.36367499999999997,0,0,0,1,0,0,0,0,0,0
2020-12-13,2020-12-13,1,0.8149,0,0,0,0,1,0,0,0,0,0
2020-12-12,2020-12-12,2,0.5044500000000001,0,0,0,0,0,0,0,0,0,0
2020-12-11,2020-12-11,1,-0.5267,0,0,0,0,0,0,0,0,0,0
2020-12-10,2020-12-10,4,0.7068000000000001,0,0,0,0,0,0,0,0,0,0
2020-12-09,2020-12-09,2,0.1357,0,0,1,0,0,0,0,0,0,0
2020-12-08,2020-12-08,2,0.4549,0,0,0,0,0,0,0,0,0,0
2020-12-07,2020-12-07,2,0.5584,0,0,0,0,0,1,0,0,0,0
2020-12-06,2020-12-06,1,0.25,0,0,0,0,1,0,0,0,0,0
2020-12-05,2020-12-05,3,0.18399999999999997,0,0,0,0,0,0,0,0,0,0
2020-12-04,2020-12-04,4,0.16462500000000002,0,1,0,0,1,0,0,0,0,0
2020-12-03,2020-12-03,6,0.4689666666666666,0,0,0,0,1,0,0,0,0,0
2020-12-02,2020-12-02,5,0.35118,0,0,0,0,1,1,1,0,0,0
2020-12-01,2020-12-01,8,0.5975374999999999,0,0,1,0,0,0,0,0,0,0
2020-11-30,2020-11-30,7,0.3559,0,1,1,0,0,0,0,0,0,0
2020-11-29,2020-11-29,1,-0.4019,0,1,0,0,0,0,0,0,0,0
2020-11-28,2020-11-28,1,0.34,0,0,0,0,0,0,0,0,0,0
2020-11-27,2020-11-27,2,-0.1243,0,0,0,0,0,1,0,0,0,0
2020-11-26,2020-11-26,3,0.3391,0,0,0,0,0,1,0,0,1,0
2020-11-25,2020-11-25,7,0.2752142857142857,0,0,0,1,0,0,1,0,0,0
2020-11-24,2020-11-24,17,0.4280764705882354,0,0,1,0,1,1,0,0,0,0
2020-11-23,2020-11-23,9,0.17702222222222222,0,1,0,0,1,0,0,0,0,1
2020-11-22,2020-11-22,5,0.4725,0,0,0,0,1,0,0,0,0,1
2020-11-21,2020-11-21,3,0.45480000000000004,0,0,0,0,1,0,0,0,0,0
2020-11-20,2020-11-20,4,-0.00045000000000000595,0,1,0,0,1,0,0,0,0,0
2020-11-19,2020-11-19,4,0.22467499999999996,0,1,1,0,0,0,1,0,0,0
2020-11-18,2020-11-18,3,0.07580000000000002,0,0,0,0,0,0,0,0,1,0
2020-11-17,2020-11-17,6,0.40159999999999996,0,0,0,1,0,0,1,0,0,0
2020-11-16,2020-11-16,2,0.0129,0,0,1,0,0,0,0,0,0,0
2020-11-15,2020-11-15,1,0.8176,0,0,0,0,0,0,0,0,0,0
2020-11-14,2020-11-14,1,-0.3818,0,0,0,0,0,1,0,0,0,0
2020-11-13,2020-11-13,3,0.09053333333333331,0,0,0,0,0,0,0,0,0,0
2020-11-12,2020-11-12,3,0.02803333333333333,0,0,0,0,1,1,0,0,0,0
2020-11-11,2020-11-11,6,0.10985,0,0,0,0,0,0,1,0,0,0
2020-11-10,2020-11-10,5,0.01544,0,0,0,0,0,0,1,0,0,0
2020-11-09,2020-11-09,2,0.1591,0,0,0,0,0,0,0,0,0,0
2020-11-07,2020-11-07,4,0.482,0,0,0,0,1,0,0,0,0,0
2020-11-06,2020-11-06,3,0.24579999999999994,0,0,0,0,1,0,0,0,0,0
2020-11-05,2020-11-05,2,0.49875,0,0,0,0,0,0,1,0,0,0
2020-11-04,2020-11-04,4,0.12315,0,0,0,0,0,0,0,0,0,0
2020-11-03,2020-11-03,1,-0.6289,0,0,0,0,0,0,0,0,0,0
2020-11-02,2020-11-02,2,0.0,0,0,0,0,0,1,0,0,0,0
2020-11-01,2020-11-01,2,-0.2258,0,0,0,0,0,0,0,0,0,0
2020-10-30,2020-10-30,1,-0.1027,0,0,0,0,0,0,0,0,0,0
2020-10-29,2020-10-29,5,0.18024,0,0,1,0,0,1,1,0,0,0
2020-10-27,2020-10-27,3,0.5626,0,1,0,0,0,0,0,0,0,0
2020-10-26,2020-10-26,2,0.05395,0,0,0,0,0,0,1,0,0,0
2020-10-24,2020-10-24,2,0.44785,0,0,0,0,0,0,0,0,0,0
2020-10-23,2020-10-23,5,0.5727599999999999,0,0,1,0,0,0,0,0,1,0
2020-10-22,2020-10-22,3,0.10493333333333334,0,0,0,0,0,0,0,0,0,0
2020-10-21,2020-10-21,4,-0.38904999999999995,0,0,0,1,0,0,0,0,0,0
2020-10-19,2020-10-19,5,0.05673999999999999,0,0,0,0,0,1,0,0,0,0
2020-10-17,2020-10-17,2,0.03260000000000002,0,0,0,0,0,1,0,0,0,0
2020-10-16,2020-10-16,1,0.4019,0,0,0,0,0,0,0,0,0,0
2020-10-15,2020-10-15,2,-0.07965,0,0,0,0,0,1,0,0,0,0
2020-10-14,2020-10-14,3,0.31143333333333334,0,0,0,0,0,0,0,0,0,0
2020-10-13,2020-10-13,1,0.636,0,0,0,0,0,0,1,0,0,0
2020-10-12,2020-10-12,3,0.6849,0,0,0,0,0,0,1,0,0,0
2020-10-11,2020-10-11,1,0.0,0,0,0,0,0,0,0,0,0,0
2020-10-09,2020-10-09,4,0.35035,0,0,0,0,0,0,0,0,0,0
2020-10-08,2020-10-08,3,0.2812,0,0,0,0,0,0,0,0,0,0
2020-10-07,2020-10-07,4,-0.059699999999999996,0,0,0,0,0,1,0,0,0,0
2020-10-06,2020-10-06,3,0.3952333333333333,0,0,0,0,0,0,0,0,0,0
2020-10-05,2020-10-05,4,0.45120000000000005,0,1,0,0,0,0,0,0,0,0
2020-10-01,2020-10-01,4,0.5206500000000001,0,0,0,1,0,0,0,0,0,0
2020-09-30,2020-09-30,3,0.1298,0,0,0,0,0,1,0,0,0,0
2020-09-29,2020-09-29,3,0.07313333333333333,0,0,0,0,0,0,0,0,0,0
2020-09-28,2020-09-28,2,-0.19265,0,0,0,0,0,1,0,0,0,0
2020-09-27,2020-09-27,1,-0.2263,0,0,0,0,0,0,0,0,0,0
2020-09-25,2020-09-25,2,0.18185,0,0,0,0,0,1,0,0,0,0
2020-09-24,2020-09-24,2,0.6546000000000001,0,1,0,0,0,0,0,0,0,0
2020-09-23,2020-09-23,3,0.4097,0,0,0,0,0,1,0,0,0,0
2020-09-22,2020-09-22,2,0.2023,0,0,0,0,0,0,0,0,0,0
2020-09-21,2020-09-21,4,-0.03897500000000001,0,0,0,0,0,1,0,0,0,0
2020-09-18,2020-09-18,4,0.39442499999999997,0,0,0,0,0,0,0,0,0,0
2020-09-17,2020-09-17,1,-0.4588,0,0,0,0,0,0,0,0,0,0
2020-09-16,2020-09-16,1,-0.8475,0,1,0,0,0,0,0,0,0,0
2020-09-15,2020-09-15,1,0.0,0,0,0,0,0,0,0,0,0,0
2020-09-14,2020-09-14,1,0.0,0,0,0,0,0,0,0,0,0,0
2020-09-13,2020-09-13,1,0.0,0,0,0,0,0,0,0,0,0,0
2020-09-11,2020-09-11,1,0.91,0,0,0,0,0,0,0,0,0,0
2020-09-10,2020-09-10,3,-0.0007999999999999859,0,0,0,0,0,0,0,0,0,0
2020-09-09,2020-09-09,1,-0.5574,0,0,0,0,0,0,0,0,0,0
2020-09-08,2020-09-08,1,0.7176,0,0,0,0,0,0,0,0,0,0
2020-09-07,2020-09-07,1,0.0,0,0,0,0,0,0,0,0,0,0
2020-09-06,2020-09-06,1,0.4404,0,0,0,0,0,0,0,0,0,0
2020-09-05,2020-09-05,2,-0.5861999999999999,0,0,0,0,0,0,0,0,0,0
2020-09-04,2020-09-04,2,0.509,0,0,0,0,0,0,0,0,0,0
2020-09-02,2020-09-02,8,0.30829999999999996,0,0,0,0,0,0,0,0,0,0
2020-09-01,2020-09-01,5,-0.42256,0,0,0,0,0,0,0,0,1,0
2020-08-31,2020-08-31,3,0.3444666666666667,0,0,0,0,0,0,0,0,1,0
2020-08-29,2020-08-29,1,0.6486,0,0,0,0,0,1,0,0,0,0
2020-08-26,2020-08-26,2,0.09509999999999999,0,0,0,0,0,1,0,0,0,0
2020-08-25,2020-08-25,3,0.24173333333333336,0,0,0,0,0,0,0,0,0,0
2020-08-24,2020-08-24,5,0.26504000000000005,0,0,0,0,0,1,0,0,0,0
2020-08-23,2020-08-23,1,-0.5719,0,0,0,0,0,0,0,0,0,0
2020-08-22,2020-08-22,4,0.416375,0,0,0,0,0,0,0,0,0,0
2020-08-21,2020-08-21,3,0.17956666666666665,0,0,0,0,0,0,0,0,0,0
2020-08-20,2020-08-20,3,0.12726666666666667,0,1,0,0,0,0,0,0,0,0
2020-08-19,2020-08-19,2,0.18535,0,0,0,0,0,1,0,0,0,0
2020-08-18,2020-08-18,3,0.1597,0,0,0,1,0,0,0,0,0,0
2020-08-17,2020-08-17,2,0.54385,0,0,0,1,0,0,0,0,0,0
2020-08-16,2020-08-16,1,0.3802,0,0,0,0,0,0,0,0,0,0
2020-08-15,2020-08-15,3,0.249,0,0,0,0,0,0,0,0,1,0
2020-08-14,2020-08-14,10,0.35595999999999994,0,0,1,1,0,0,1,0,0,0
2020-08-13,2020-08-13,4,0.169575,0,0,0,1,1,0,0,0,1,0
2020-08-12,2020-08-12,5,-0.017880000000000007,0,0,0,0,0,0,0,0,0,0
2020-08-11,2020-08-11,3,0.5096333333333334,0,0,0,0,0,0,0,0,0,0
2020-08-10,2020-08-10,10,0.06487000000000001,0,0,0,0,0,1,0,0,0,0
2020-08-08,2020-08-08,4,0.24925,0,0,0,0,0,0,0,0,0,0
2020-08-07,2020-08-07,2,0.7248,0,0,0,0,0,0,1,0,0,0
2020-08-06,2020-08-06,8,0.14325,0,0,0,0,0,0,1,0,0,0
2020-08-05,2020-08-05,2,0.53835,0,0,0,0,0,0,0,0,0,0
2020-08-04,2020-08-04,5,-0.0231,0,0,0,0,0,1,1,0,0,0
2020-08-03,2020-08-03,5,0.13056,0,0,1,0,0,1,0,0,0,0
2020-08-02,2020-08-02,1,-0.7003,0,0,0,0,0,1,0,0,0,0
2020-08-01,2020-08-01,5,-0.29366,0,0,0,0,0,0,0,0,0,0
2020-07-31,2020-07-31,8,0.49745,0,0,0,0,0,0,0,0,0,0
2020-07-30,2020-07-30,13,0.4328769230769231,0,0,0,0,1,0,0,0,0,0
2020-07-29,2020-07-29,2,0.7279,0,0,0,0,0,0,0,0,0,0
2020-07-28,2020-07-28,9,0.24040000000000003,0,0,0,0,0,0,0,0,0,0
2020-07-27,2020-07-27,5,0.4383,0,0,0,0,0,0,0,0,0,0
2020-07-26,2020-07-26,4,0.32137499999999997,0,0,0,0,0,0,0,0,0,0
2020-07-24,2020-07-24,4,0.426875,0,0,0,0,0,0,0,0,0,0
2020-07-23,2020-07-23,2,0.38155,0,0,1,0,0,0,0,0,0,0
2020-07-22,2020-07-22,1,0.8016,0,0,0,0,0,0,0,0,0,0
2020-07-21,2020-07-21,5,0.34950000000000003,0,0,0,0,0,0,0,0,0,0
2020-07-20,2020-07-20,2,0.6207,0,0,0,0,0,0,0,0,0,0
2020-07-17,2020-07-17,2,0.2877,0,0,0,0,0,0,0,0,0,0
2020-07-16,2020-07-16,3,0.6132333333333332,0,0,0,0,0,1,0,0,0,0
2020-07-15,2020-07-15,2,0.37245,0,0,0,1,0,0,0,0,0,0
2020-07-14,2020-07-14,2,0.51745,0,0,0,0,1,0,0,0,0,0
2020-07-13,2020-07-13,7,0.2957428571428572,0,1,0,0,0,0,0,0,0,0
2020-07-10,2020-07-10,2,0.4002,0,0,0,0,0,0,0,0,0,0
2020-07-09,2020-07-09,3,0.4615,0,0,0,0,0,1,0,0,0,0
2020-07-08,2020-07-08,2,0.17975,0,1,1,0,0,0,0,0,0,0
2020-07-07,2020-07-07,1,0.0,0,0,0,0,0,1,0,0,0,0
2020-07-06,2020-07-06,3,0.5695333333333333,0,1,0,0,0,1,0,0,1,0
2020-07-04,2020-07-04,2,0.65615,0,0,0,0,0,1,0,0,0,0
2020-07-03,2020-07-03,2,0.7540500000000001,0,0,1,0,0,1,0,0,0,0
2020-07-02,2020-07-02,1,0.8704,0,0,0,0,0,1,0,0,0,0
2020-07-01,2020-07-01,2,0.1582,0,1,0,0,0,0,0,0,0,0
2020-06-30,2020-06-30,2,0.1471,0,0,0,0,0,1,0,0,0,0
2020-06-29,2020-06-29,1,0.2714,0,1,0,0,0,0,0,0,0,0
2020-06-28,2020-06-28,3,0.24666666666666667,0,0,0,0,0,1,0,0,0,0
2020-06-27,2020-06-27,1,0.6908,0,0,0,0,0,0,0,0,0,0
2020-06-26,2020-06-26,3,0.47246666666666676,0,0,0,1,0,1,0,0,0,0
2020-06-25,2020-06-25,3,0.15843333333333334,0,0,0,0,0,0,0,0,0,0
2020-06-24,2020-06-24,2,0.24695,0,0,0,0,0,1,0,0,0,0
2020-06-23,2020-06-23,2,0.1333,0,0,0,0,0,0,0,0,0,0
2020-06-22,2020-06-22,3,0.18330000000000002,0,0,0,0,0,0,0,0,0,0
2020-06-21,2020-06-21,2,0.6158,0,0,0,0,0,1,0,0,0,0
2020-06-20,2020-06-20,1,0.5267,0,0,0,0,0,1,0,0,0,0
2020-06-19,2020-06-19,3,0.5762999999999999,0,0,0,0,0,1,0,0,0,0
2020-06-18,2020-06-18,3,0.14503333333333335,0,0,0,0,0,0,0,0,0,0
2020-06-17,2020-06-17,1,0.4572,0,0,0,1,0,0,0,0,0,0
2020-06-16,2020-06-16,2,0.5488,0,0,0,0,0,0,0,0,0,0
2020-06-15,2020-06-15,2,0.57165,0,0,0,0,0,0,0,0,0,0
2020-06-14,2020-06-14,1,0.4588,0,0,0,0,0,0,0,0,0,0
2020-06-10,2020-06-10,2,0.32985,0,0,1,0,0,1,0,0,0,0
2020-06-09,2020-06-09,2,0.09450000000000003,0,0,0,0,0,0,0,0,0,0
2020-06-08,2020-06-08,1,0.4404,0,0,0,0,0,0,0,0,0,0
2020-06-06,2020-06-06,2,0.43735,0,0,0,0,0,1,0,0,0,0
2020-06-05,2020-06-05,3,0.6209666666666666,0,0,0,0,0,1,0,0,0,0
2020-06-04,2020-06-04,1,0.6597,0,0,0,0,0,1,0,0,0,0
2020-06-03,2020-06-03,4,0.26985,0,1,0,0,0,1,0,0,0,0
2020-06-01,2020-06-01,5,0.29496,0,0,0,1,0,1,0,0,1,0
2020-05-31,2020-05-31,2,0.012200000000000003,0,0,0,0,0,1,0,0,0,0
2020-05-30,2020-05-30,1,0.5563,0,0,0,0,0,0,0,0,0,0
2020-05-29,2020-05-29,4,0.06009999999999999,0,0,0,0,0,1,0,0,0,0
2020-05-28,2020-05-28,3,0.5309333333333334,0,0,0,0,0,0,0,0,0,0
2020-05-27,2020-05-27,4,0.323875,0,0,0,0,0,1,0,0,0,1
2020-05-26,2020-05-26,1,0.296,0,0,0,0,0,1,0,0,0,0
2020-05-25,2020-05-25,2,-0.17,0,0,1,0,0,0,0,0,0,0
2020-05-22,2020-05-22,6,0.32711666666666667,0,0,0,0,0,1,0,0,0,0
2020-05-20,2020-05-20,1,0.5574,0,0,0,0,0,0,0,0,0,0
2020-05-18,2020-05-18,1,0.8271,0,0,0,0,0,1,0,0,0,0
2020-05-16,2020-05-16,1,0.1779,0,0,0,0,0,1,0,0,0,0
2020-05-15,2020-05-15,1,0.0,0,0,0,1,0,0,0,0,0,0
2020-05-14,2020-05-14,2,-0.01865,0,0,0,0,0,0,0,0,0,0
2020-05-13,2020-05-13,3,0.1468,0,0,0,0,0,1,0,0,0,0
2020-05-11,2020-05-11,1,0.0,0,1,0,0,0,0,0,0,0,0
2020-05-09,2020-05-09,1,0.0,0,0,0,0,0,1,0,0,0,0
2020-05-08,2020-05-08,1,0.4767,0,0,0,0,0,0,0,0,0,0
2020-05-07,2020-05-07,1,0.3612,0,0,0,0,0,0,0,0,0,0
2020-05-06,2020-05-06,2,0.17,0,0,0,0,0,1,0,0,0,0
2020-05-05,2020-05-05,1,0.4019,0,0,0,0,0,1,0,0,0,0
2020-05-04,2020-05-04,3,0.3970666666666667,0,0,1,0,0,0,0,0,0,0
2020-05-03,2020-05-03,1,0.0,0,0,0,0,0,0,0,0,0,0
2020-04-30,2020-04-30,1,0.2023,0,0,0,0,0,0,0,0,0,0
2020-04-29,2020-04-29,1,0.4939,0,0,0,0,0,1,0,0,0,0
2020-04-28,2020-04-28,1,0.296,0,0,0,0,0,0,0,0,0,0
2020-04-27,2020-04-27,1,0.8074,0,0,0,0,0,0,0,0,0,0
2020-04-26,2020-04-26,1,0.7065,0,0,0,0,0,0,0,0,0,0
2020-04-22,2020-04-22,1,0.0,0,0,0,0,0,0,0,0,1,0
2020-04-20,2020-04-20,2,-0.07950000000000002,0,0,0,0,0,0,0,0,0,0
2020-04-19,2020-04-19,1,0.4939,0,0,0,0,0,1,0,0,0,0
2020-04-17,2020-04-17,1,0.0,0,0,0,0,0,0,0,0,0,0
2020-04-16,2020-04-16,1,0.5511,0,0,0,0,0,0,0,0,0,0
2020-04-15,2020-04-15,2,0.125,0,0,0,0,0,0,0,0,0,0
2020-04-14,2020-04-14,3,-0.005166666666666671,0,0,0,0,1,0,0,0,0,0
2020-04-13,2020-04-13,1,0.5719,0,0,0,0,0,0,0,0,1,0
2020-04-12,2020-04-12,1,0.0,0,0,0,0,0,0,0,0,0,0
2020-04-09,2020-04-09,1,0.6705,0,0,0,0,0,0,0,0,0,0
2020-04-07,2020-04-07,2,0.0,0,0,0,0,0,0,0,0,0,0
2020-04-01,2020-04-01,2,0.60895,0,0,0,1,0,0,0,0,0,0
2020-03-31,2020-03-31,2,0.17,0,0,0,1,0,0,0,0,0,0
2020-03-30,2020-03-30,3,0.08460000000000001,0,0,1,0,0,0,0,0,0,0
2020-03-25,2020-03-25,1,0.0,0,0,1,0,0,0,0,0,0,0
2020-03-24,2020-03-24,2,0.4221,0,0,0,1,0,0,0,0,0,0
2020-03-23,2020-03-23,1,0.0,0,0,1,0,0,0,0,0,0,0
2020-03-21,2020-03-21,1,0.0,0,0,0,1,0,0,0,0,0,0
2020-03-20,2020-03-20,1,0.34,0,0,0,0,0,0,0,0,0,0
2020-03-19,2020-03-19,3,0.47866666666666663,0,0,1,0,0,0,0,0,0,1
2020-03-18,2020-03-18,1,0.0,0,0,1,0,0,0,0,0,0,0
2020-03-17,2020-03-17,2,0.0,0,0,0,0,0,1,0,0,0,0
2020-03-12,2020-03-12,2,-0.42255,0,0,0,0,0,0,0,0,0,0
2020-03-10,2020-03-10,2,-0.17055,0,0,0,0,0,1,0,0,0,0
2020-03-09,2020-03-09,1,0.8513,0,0,0,0,0,0,0,0,0,0
2020-03-06,2020-03-06,1,0.0,0,0,0,0,0,0,0,0,0,0
2020-03-05,2020-03-05,1,0.2263,0,0,0,0,0,0,0,0,0,0
2020-03-04,2020-03-04,1,0.5574,0,0,0,0,0,0,0,0,0,0
2020-03-03,2020-03-03,4,0.01865,0,0,0,0,0,0,0,0,0,0
2020-03-02,2020-03-02,6,0.3056,0,0,0,0,0,0,0,0,0,0
2020-03-01,2020-03-01,1,0.5106,0,0,0,0,0,1,0,0,0,0
2020-02-29,2020-02-29,7,0.06994285714285715,0,0,0,0,0,0,0,0,0,0
2020-02-28,2020-02-28,1,0.4574,0,0,0,0,0,0,0,0,0,0
2020-02-27,2020-02-27,2,0.5065,0,0,0,0,0,1,0,0,0,0
2020-02-25,2020-02-25,1,0.4767,0,0,0,0,0,0,0,0,0,0
2020-02-24,2020-02-24,3,0.16743333333333332,0,0,0,0,0,1,1,0,0,0
2020-02-21,2020-02-21,1,0.3382,0,0,0,0,0,0,0,0,0,0
2020-02-20,2020-02-20,1,0.7717,0,0,0,0,0,0,0,0,0,0
2020-02-19,2020-02-19,1,-0.3595,0,0,0,0,0,0,0,0,0,0
2020-02-18,2020-02-18,2,-0.4302,0,0,0,0,0,0,0,0,0,0
2020-02-17,2020-02-17,2,0.29635,0,0,1,0,0,0,0,0,1,0
2020-02-15,2020-02-15,2,0.03395,0,0,1,0,0,0,0,0,0,0
2020-02-14,2020-02-14,1,0.2023,0,0,0,0,0,0,1,0,0,0
2020-02-13,2020-02-13,3,0.09143333333333332,0,0,0,0,0,0,1,0,0,0
2020-02-12,2020-02-12,1,0.0,0,0,0,0,0,0,0,0,0,0
2020-02-11,2020-02-11,3,0.12106666666666667,0,0,0,0,0,0,0,0,0,0
2020-02-10,2020-02-10,1,0.6597,0,0,0,0,0,1,0,0,0,0
2020-02-09,2020-02-09,2,0.39495,0,0,0,0,0,0,0,0,0,0
2020-02-08,2020-02-08,2,0.64775,0,0,0,0,0,1,0,0,0,0
2020-02-07,2020-02-07,1,0.5106,0,0,0,0,0,0,0,0,0,0
2020-02-06,2020-02-06,4,0.20169999999999993,0,0,1,0,0,0,0,0,0,0
2020-02-05,2020-02-05,5,0.43563999999999997,0,0,0,0,0,1,0,0,1,0
2020-02-04,2020-02-04,1,0.0,0,0,0,1,0,0,0,0,0,0
2020-01-31,2020-01-31,2,0.0,0,0,1,0,0,0,0,0,0,0
2020-01-29,2020-01-29,1,0.0,0,0,0,0,0,0,0,0,0,0
2020-01-28,2020-01-28,3,-0.21453333333333333,0,0,0,0,0,0,0,0,0,0
2020-01-27,2020-01-27,2,0.52105,0,0,0,0,0,0,0,0,0,0
2020-01-26,2020-01-26,2,0.541,0,0,0,0,0,1,0,0,0,0
2020-01-23,2020-01-23,1,0.0,0,0,1,0,0,0,0,0,0,0
2020-01-21,2020-01-21,1,-0.1027,0,0,0,0,0,1,0,0,0,0
2020-01-17,2020-01-17,1,0.1027,0,0,0,0,0,0,0,0,0,0
2020-01-16,2020-01-16,2,0.0,0,0,0,0,0,0,0,0,0,0
2020-01-15,2020-01-15,1,0.1901,0,0,0,0,0,0,0,0,0,0
2020-01-14,2020-01-14,1,0.0,0,0,0,0,0,0,0,0,0,0
2020-01-13,2020-01-13,1,0.3182,0,0,0,1,0,0,0,0,0,0
2020-01-12,2020-01-12,1,0.6249,0,0,0,0,0,1,0,0,0,0
2020-01-10,2020-01-10,2,-0.148,0,0,0,0,0,1,0,0,0,0
2020-01-09,2020-01-09,1,-0.296,0,0,0,0,0,0,0,0,0,0
2020-01-08,2020-01-08,1,0.658,0,0,0,0,0,1,0,0,0,0
2020-01-07,2020-01-07,2,0.41300000000000003,0,0,0,0,0,1,0,0,0,0
2020-01-06,2020-01-06,2,-0.36885,0,0,0,0,0,1,0,0,0,0
2020-01-05,2020-01-05,1,0.0,0,0,0,0,0,0,0,0,0,0
2020-01-03,2020-01-03,1,0.0,0,0,0,0,0,0,0,0,0,0
2020-01-02,2020-01-02,4,0.7405999999999999,0,0,0,0,0,0,0,0,0,0
2020-01-01,2020-01-01,2,0.17435,0,0,0,0,0,0,0,0,0,0
2019-12-31,2019-12-31,2,0.21199999999999997,0,0,0,0,0,0,0,0,0,0
2019-12-30,2019-12-30,1,0.4019,0,0,1,0,0,0,0,0,0,0
2019-12-29,2019-12-29,2,0.0,0,0,0,0,0,1,0,0,0,0
2019-12-27,2019-12-27,1,0.8625,0,0,0,0,0,0,0,0,0,0
2019-12-26,2019-12-26,2,-0.22235,0,0,0,0,0,0,0,0,0,0
2019-12-25,2019-12-25,1,0.4019,0,0,0,0,0,0,0,0,0,0
2019-12-24,2019-12-24,2,0.44035,0,0,0,0,0,1,0,0,0,0
2019-12-23,2019-12-23,1,0.8969,0,0,0,0,0,0,0,0,0,0
2019-12-20,2019-12-20,2,0.48339999999999994,0,0,0,0,0,1,0,0,0,0
2019-12-19,2019-12-19,1,-0.296,0,0,0,0,0,0,0,0,0,0
2019-12-17,2019-12-17,2,0.0,0,0,0,0,0,0,0,0,0,0
2019-12-16,2019-12-16,2,0.4926,0,0,0,0,0,1,0,0,0,0
2019-12-13,2019-12-13,5,0.5185799999999999,0,0,0,0,0,1,1,0,0,0
2019-12-11,2019-12-11,2,0.1466,0,0,0,0,0,0,0,0,0,0
2019-12-10,2019-12-10,3,0.044300000000000006,0,0,0,0,0,1,0,0,0,0
2019-12-09,2019-12-09,3,-0.0014666666666666532,0,0,0,0,0,0,0,0,0,0
2019-12-08,2019-12-08,5,0.64528,0,0,0,0,0,0,0,0,0,0
2019-12-07,2019-12-07,1,0.4019,0,0,1,0,0,0,0,0,0,0
2019-12-06,2019-12-06,1,0.5574,0,0,0,0,0,0,0,0,0,0
2019-12-05,2019-12-05,3,0.5793333333333334,0,0,1,0,0,0,0,0,0,0
2019-12-04,2019-12-04,1,-0.9169,0,0,0,0,0,0,0,0,0,0
2019-12-02,2019-12-02,2,0.05295,0,0,0,0,0,0,0,0,0,0
2019-11-27,2019-11-27,2,0.20095,0,0,0,1,0,0,0,0,0,0
2019-11-26,2019-11-26,2,0.2202,0,0,0,0,0,1,0,0,0,0
2019-11-21,2019-11-21,1,0.0,0,0,0,0,0,0,0,0,0,0
2019-11-20,2019-11-20,1,0.802,0,0,0,0,0,0,0,0,0,0
2019-11-18,2019-11-18,2,-0.148,0,0,0,0,0,0,0,0,0,0
2019-11-17,2019-11-17,1,0.4404,0,0,0,0,0,0,0,0,0,0
2019-11-16,2019-11-16,1,0.34,0,0,0,0,0,0,0,0,0,0
2019-11-15,2019-11-15,1,0.0,0,0,0,0,0,0,0,0,0,0
2019-11-13,2019-11-13,1,-0.0516,0,0,0,0,0,0,0,0,0,0
2019-11-10,2019-11-10,1,0.8957,0,0,0,0,0,0,0,0,0,0
2019-11-08,2019-11-08,3,0.24163333333333334,0,0,0,0,0,0,0,0,0,0
2019-11-05,2019-11-05,2,0.23835,0,0,0,0,0,1,0,0,0,0
2019-11-04,2019-11-04,3,0.12246666666666665,0,0,0,0,0,1,0,0,0,0
2019-11-03,2019-11-03,1,-0.2732,0,0,0,0,0,0,0,0,0,0
2019-11-02,2019-11-02,1,-0.1027,0,0,0,0,0,0,0,0,0,0
2019-11-01,2019-11-01,1,0.7003,0,0,0,0,0,1,0,0,0,0
2019-10-31,2019-10-31,1,0.6249,0,0,0,0,0,0,0,0,0,0
2019-10-29,2019-10-29,1,0.0,0,0,0,0,0,0,0,0,0,0
2019-10-27,2019-10-27,2,0.6348499999999999,0,0,0,0,0,1,0,0,0,0
2019-10-26,2019-10-26,3,0.5358666666666666,0,0,0,1,0,1,0,0,0,0
2019-10-25,2019-10-25,1,0.0,0,0,0,0,0,1,0,0,0,0
2019-10-23,2019-10-23,1,0.128,0,0,0,0,0,1,0,0,0,0
2019-10-22,2019-10-22,1,0.7959,0,0,0,0,0,0,0,0,0,0
2019-10-21,2019-10-21,1,0.0,0,0,0,0,0,0,0,0,0,0
2019-10-18,2019-10-18,1,0.0,0,0,0,0,0,1,0,0,0,0
2019-10-17,2019-10-17,1,0.5719,0,0,0,0,0,1,0,0,0,0
2019-10-16,2019-10-16,1,-0.2023,0,0,0,0,0,0,0,0,0,0
2019-10-15,2019-10-15,1,0.0772,0,0,0,0,0,0,0,0,0,0
2019-10-14,2019-10-14,2,0.4201,0,0,0,0,0,1,0,0,0,0
2019-10-10,2019-10-10,1,0.5434,0,0,0,0,0,0,0,0,0,0
2019-10-09,2019-10-09,2,0.38885,0,0,0,1,0,0,0,0,0,0
2019-10-07,2019-10-07,1,0.0,0,0,0,0,0,1,0,0,0,0
2019-10-06,2019-10-06,1,0.91,0,0,0,0,0,1,0,0,0,0
2019-10-05,2019-10-05,1,0.128,0,0,0,0,0,1,0,0,0,0
2019-10-03,2019-10-03,1,0.3182,0,0,0,0,0,1,0,0,0,0
2019-10-01,2019-10-01,1,-0.6369,0,0,0,0,0,0,0,0,0,0
2019-09-29,2019-09-29,1,0.0,0,0,0,0,0,1,0,0,0,0
2019-09-27,2019-09-27,3,-0.06863333333333332,0,0,0,0,0,1,0,0,0,0
2019-09-26,2019-09-26,1,0.2716,0,0,0,0,0,0,0,0,0,0
2019-09-25,2019-09-25,2,0.57675,0,0,0,0,0,0,0,0,0,0
2019-09-24,2019-09-24,1,-0.296,0,0,0,0,0,0,0,0,0,0
2019-09-23,2019-09-23,3,0.0332,0,0,0,0,0,0,0,0,1,0
2019-09-19,2019-09-19,5,0.46392000000000005,0,0,0,0,0,1,0,0,0,0
2019-09-18,2019-09-18,1,-0.296,0,0,0,0,0,0,0,0,0,0
2019-09-17,2019-09-17,2,0.18380000000000002,0,0,0,0,0,0,0,0,0,0
2019-09-16,2019-09-16,2,0.042899999999999994,0,0,0,0,0,0,0,0,0,0
2019-09-13,2019-09-13,1,0.4215,0,0,0,0,0,1,0,0,0,0
2019-09-12,2019-09-12,2,0.1366,0,0,0,0,0,1,0,0,0,0
2019-09-11,2019-09-11,1,0.3612,0,0,0,0,0,0,0,0,0,0
2019-09-10,2019-09-10,1,0.8478,0,0,0,0,0,0,0,0,0,0
2019-09-09,2019-09-09,1,0.0,0,0,0,0,0,1,0,0,0,0
2019-09-06,2019-09-06,2,0.0,0,0,0,0,0,0,0,0,0,0
2019-09-05,2019-09-05,1,0.0,0,0,0,0,0,1,0,0,0,0
2019-09-04,2019-09-04,1,0.0772,0,0,0,0,0,0,0,0,0,0
2019-09-03,2019-09-03,1,0.5589,0,0,0,0,0,0,0,0,0,0
2019-09-01,2019-09-01,1,-0.296,0,0,0,0,0,0,0,0,0,0
2019-08-30,2019-08-30,1,0.0,0,0,0,0,0,1,0,0,0,0
2019-08-28,2019-08-28,1,0.0,0,0,0,0,0,1,0,0,0,0
2019-08-27,2019-08-27,1,-0.1027,0,0,0,0,0,1,0,0,0,0
2019-08-26,2019-08-26,2,0.0,0,0,0,0,0,1,0,0,0,0
2019-08-24,2019-08-24,1,-0.3182,0,0,0,0,0,0,0,0,0,0
2019-08-22,2019-08-22,4,0.30805,0,0,0,0,0,0,0,0,0,0
2019-08-20,2019-08-20,1,0.6124,0,0,0,0,0,1,0,0,0,0
2019-08-19,2019-08-19,1,0.0,0,0,0,0,0,0,0,0,0,0
2019-08-18,2019-08-18,2,0.13915,0,0,0,0,0,1,0,0,0,0
2019-08-17,2019-08-17,1,0.8288,0,0,0,0,0,0,0,0,0,0
2019-08-16,2019-08-16,1,-0.3736,0,0,0,0,0,0,0,0,0,0
2019-08-15,2019-08-15,1,0.7396,0,0,0,0,0,0,0,0,0,0
2019-08-10,2019-08-10,2,0.5559000000000001,0,0,0,0,0,0,0,0,0,0
2019-08-09,2019-08-09,2,-0.07655,0,0,0,0,0,0,0,0,0,0
2019-08-08,2019-08-08,1,0.7096,0,0,0,0,0,1,0,0,0,0
2019-08-04,2019-08-04,1,0.0,0,0,0,0,0,0,0,0,0,0
2019-08-02,2019-08-02,2,0.0,0,0,0,0,0,1,0,0,0,0
2019-08-01,2019-08-01,1,-0.2003,0,0,0,0,0,1,0,0,0,0
2019-07-31,2019-07-31,2,0.064,0,0,0,0,0,1,0,0,0,0
2019-07-30,2019-07-30,8,0.36000000000000004,0,0,1,0,0,1,0,0,0,0
2019-07-29,2019-07-29,1,0.0,0,0,0,0,0,0,0,0,0,0
2019-07-28,2019-07-28,1,0.3182,0,0,0,0,0,0,0,0,0,0
2019-07-25,2019-07-25,2,0.60365,0,0,0,0,0,0,0,0,0,0
2019-07-24,2019-07-24,2,0.5889,0,0,0,0,0,1,0,0,0,0
2019-07-22,2019-07-22,2,0.0129,0,0,0,0,0,0,0,0,0,0
2019-07-21,2019-07-21,1,0.4526,0,0,0,0,0,0,0,0,0,0
2019-07-20,2019-07-20,1,0.5848,0,0,0,0,0,1,0,0,0,0
2019-07-19,2019-07-19,3,0.3551,0,0,0,0,0,0,0,0,0,0
2019-07-18,2019-07-18,1,0.7003,0,0,0,0,0,1,0,0,0,0
2019-07-17,2019-07-17,1,0.2716,0,0,0,0,0,0,0,0,0,0
2019-07-16,2019-07-16,1,-0.5751,0,0,0,0,0,0,0,0,0,0
2019-07-15,2019-07-15,2,0.4254,0,0,0,0,0,0,0,0,0,0
2019-07-12,2019-07-12,1,0.0,0,0,0,0,0,1,0,0,0,0
2019-07-06,2019-07-06,1,0.0,0,0,0,0,0,1,0,0,0,0
2019-07-04,2019-07-04,1,0.0,0,0,0,0,0,1,0,0,0,0
2019-07-03,2019-07-03,2,-0.39995,0,0,0,0,0,1,0,0,0,0
2019-07-02,2019-07-02,1,0.4588,0,0,0,0,0,0,0,0,0,0
2019-06-30,2019-06-30,2,0.0465,0,0,0,0,0,0,0,0,0,0
2019-06-29,2019-06-29,2,0.2843,0,0,0,0,0,1,0,0,0,0
2019-06-27,2019-06-27,1,-0.1531,0,0,0,0,0,0,0,0,0,0
2019-06-26,2019-06-26,2,0.0,0,0,0,0,0,1,0,0,0,0
2019-06-25,2019-06-25,1,0.7096,0,0,0,0,0,0,0,0,0,0
2019-06-23,2019-06-23,1,-0.1027,0,0,0,0,0,1,0,0,0,0
2019-06-22,2019-06-22,1,0.3802,0,0,0,0,0,1,0,0,0,0
2019-06-21,2019-06-21,2,0.1806,0,0,0,0,0,1,0,0,0,0
2019-06-20,2019-06-20,1,0.3612,0,0,0,0,0,0,0,0,0,0
2019-06-19,2019-06-19,2,0.34425,1,0,0,0,0,1,0,0,0,0
2019-06-18,2019-06-18,2,0.27225,0,0,0,0,0,1,0,0,0,0
2019-06-16,2019-06-16,1,0.4019,0,0,0,0,0,1,0,0,0,0
2019-06-14,2019-06-14,3,0.48583333333333334,0,0,0,0,0,0,0,0,0,0
2019-06-13,2019-06-13,1,0.0,0,0,0,0,0,1,0,0,0,0
2019-06-12,2019-06-12,2,0.1334,0,0,0,0,0,0,0,0,0,0
2019-06-10,2019-06-10,1,0.8745,0,0,0,0,0,0,0,0,0,0
2019-06-07,2019-06-07,2,0.148,0,0,1,0,0,1,0,0,0,0
2019-06-06,2019-06-06,2,0.64785,0,0,0,0,0,1,0,0,0,0
2019-06-04,2019-06-04,4,0.175625,0,0,1,0,0,0,0,0,0,0
2019-06-03,2019-06-03,2,0.0,0,0,0,0,0,1,0,0,0,0
2019-06-02,2019-06-02,1,0.4215,0,0,0,0,0,0,0,0,0,0
2019-05-31,2019-05-31,6,0.15953333333333333,0,0,0,0,0,1,0,0,0,0
2019-05-30,2019-05-30,1,0.7178,0,0,0,0,0,0,0,0,0,0
2019-05-29,2019-05-29,2,0.21075,0,0,0,0,0,0,0,0,0,0
2019-05-28,2019-05-28,2,0.42765,0,0,0,0,0,1,0,0,0,0
2019-05-27,2019-05-27,3,0.11010000000000002,1,0,0,0,0,0,0,0,0,0
2019-05-26,2019-05-26,1,0.3818,0,0,0,0,0,0,0,0,0,0
2019-05-24,2019-05-24,2,0.436,0,0,0,0,0,0,1,0,0,0
2019-05-23,2019-05-23,1,0.0,0,0,0,0,0,1,0,0,0,0
2019-05-22,2019-05-22,1,0.0,0,0,0,0,0,0,0,0,0,0
2019-05-21,2019-05-21,2,0.11175,0,0,0,0,0,0,0,0,0,0
2019-05-20,2019-05-20,1,0.0,0,0,0,0,0,0,0,0,0,0
2019-05-19,2019-05-19,2,0.398,0,0,0,0,0,1,0,0,0,0
2019-05-17,2019-05-17,1,-0.5719,0,0,0,0,0,0,0,0,0,0
2019-05-16,2019-05-16,2,0.40045000000000003,0,0,0,0,0,1,0,0,0,0
2019-05-15,2019-05-15,1,0.0,0,0,0,0,0,0,0,0,0,0
2019-05-14,2019-05-14,4,0.682625,0,0,0,0,0,1,0,0,0,1
2019-05-13,2019-05-13,1,0.2732,0,0,0,0,0,0,0,0,0,0
2019-05-11,2019-05-11,3,0.17806666666666668,0,0,0,0,0,1,0,0,0,0
2019-05-10,2019-05-10,2,0.42595,0,0,0,0,0,0,0,0,0,0
2019-05-08,2019-05-08,1,-0.631,0,0,0,0,0,0,0,0,0,0
2019-05-07,2019-05-07,4,0.1101,0,0,0,0,0,1,0,0,0,0
2019-05-06,2019-05-06,2,0.83295,0,0,0,0,0,0,0,0,1,0
2019-05-05,2019-05-05,1,0.8225,0,0,0,0,0,0,0,0,0,0
2019-05-02,2019-05-02,1,0.9463,0,0,0,0,0,1,0,0,0,0
2019-05-01,2019-05-01,1,0.0,0,0,0,0,0,1,0,0,0,0
2019-04-28,2019-04-28,2,0.3609,0,0,0,0,0,1,0,0,0,0
2019-04-27,2019-04-27,1,0.0,0,0,0,0,0,1,0,0,0,0
2019-04-26,2019-04-26,3,0.17020000000000002,0,0,0,0,0,1,0,0,0,0
2019-04-25,2019-04-25,1,0.0,0,0,0,0,0,1,0,0,0,0
2019-04-23,2019-04-23,2,0.5537,0,0,0,0,0,1,0,0,0,0
2019-04-21,2019-04-21,1,-0.5106,0,0,0,0,0,1,0,0,0,0
2019-04-19,2019-04-19,2,-0.0258,0,0,0,0,0,1,0,0,0,0
2019-04-18,2019-04-18,1,0.0,0,0,0,0,0,0,0,0,0,0
2019-04-16,2019-04-16,1,-0.4576,0,0,0,0,0,0,0,0,1,0
2019-04-14,2019-04-14,1,0.4199,0,0,0,0,0,0,0,0,0,0
2019-04-12,2019-04-12,1,0.34,0,0,0,0,0,1,0,0,0,0
2019-04-11,2019-04-11,4,0.100125,0,0,0,0,0,0,0,0,0,0
2019-04-10,2019-04-10,3,0.3582666666666667,0,0,0,0,0,1,0,0,0,0
2019-04-09,2019-04-09,2,0.2553,0,0,0,0,0,1,0,0,0,0
2019-04-08,2019-04-08,4,0.190075,0,0,0,0,0,1,0,0,0,0
2019-04-05,2019-04-05,1,0.5423,0,0,0,0,0,1,0,0,0,0
2019-04-04,2019-04-04,1,0.5859,0,0,0,0,0,1,0,0,0,0
2019-04-03,2019-04-03,2,0.0,0,0,0,0,0,0,0,0,1,0
2019-04-02,2019-04-02,1,0.34,0,0,0,0,0,1,0,0,0,0
2019-03-31,2019-03-31,2,0.24695,0,0,0,0,0,1,0,0,0,0
2019-03-29,2019-03-29,2,0.0885,0,0,0,0,0,1,0,0,0,0
2019-03-26,2019-03-26,1,0.2263,0,0,0,0,0,0,0,0,0,0
2019-03-24,2019-03-24,1,0.4215,0,0,0,0,0,1,0,0,0,0
2019-03-23,2019-03-23,3,0.02513333333333334,0,0,0,0,0,1,0,0,0,0
2019-03-22,2019-03-22,1,0.5563,0,0,0,0,0,1,0,0,0,0
2019-03-20,2019-03-20,1,0.1779,0,0,0,0,0,0,0,0,0,0
2019-03-18,2019-03-18,1,0.0,0,0,0,0,0,1,0,0,0,0
2019-03-17,2019-03-17,2,0.41715,0,0,0,0,0,1,0,0,0,0
2019-03-15,2019-03-15,1,-0.8611,0,0,0,0,0,1,0,0,0,0
2019-03-14,2019-03-14,1,0.6249,0,0,0,0,0,0,0,0,0,0
2019-03-12,2019-03-12,1,0.3182,0,0,0,0,0,0,0,0,0,0
2019-03-11,2019-03-11,4,0.42829999999999996,0,0,0,0,0,0,0,0,0,0
2019-03-09,2019-03-09,2,0.0,0,0,0,0,0,1,0,0,0,0
2019-03-06,2019-03-06,2,0.12980000000000003,0,0,0,0,0,1,0,0,0,0
2019-03-05,2019-03-05,3,0.6014333333333334,0,0,0,0,0,1,0,0,0,0
2019-03-04,2019-03-04,2,0.55115,0,0,0,0,0,1,0,0,0,0
2019-02-28,2019-02-28,6,0.08844999999999999,0,0,0,0,0,0,0,0,0,0
2019-02-27,2019-02-27,1,0.9201,0,0,0,0,0,0,0,0,0,0
2019-02-26,2019-02-26,1,-0.7906,0,0,0,0,0,0,0,0,0,0
2019-02-25,2019-02-25,3,0.39396666666666663,0,0,0,0,0,1,0,0,0,0
2019-02-24,2019-02-24,1,0.6908,0,0,0,0,0,1,0,0,0,0
2019-02-23,2019-02-23,1,0.5255,0,0,0,0,0,1,0,0,0,0
2019-02-21,2019-02-21,5,0.10386000000000002,0,0,0,0,0,1,0,0,0,0
2019-02-20,2019-02-20,2,0.65465,0,0,0,0,0,1,0,0,0,0
2019-02-19,2019-02-19,2,-0.05135,0,0,0,0,0,0,0,0,0,0
2019-02-18,2019-02-18,4,0.332525,0,0,0,0,0,1,0,0,0,0
2019-02-16,2019-02-16,1,0.0,0,0,0,0,0,0,0,0,0,0
2019-02-15,2019-02-15,3,0.4453,0,0,0,0,0,1,0,0,0,0
2019-02-12,2019-02-12,2,0.3286,0,0,0,0,0,1,0,0,0,0
2019-02-11,2019-02-11,2,0.08275,0,0,0,0,0,1,0,0,0,0
2019-02-09,2019-02-09,1,0.5423,0,0,0,0,0,1,0,0,0,0
2019-02-08,2019-02-08,3,0.20046666666666668,0,0,0,0,0,0,0,0,0,0
2019-02-06,2019-02-06,1,0.4019,0,0,0,0,0,1,0,0,0,0
2019-02-05,2019-02-05,1,0.0,0,0,0,0,0,1,0,0,0,0
2019-02-04,2019-02-04,1,0.2406,0,0,0,0,0,0,0,0,0,0
2019-02-03,2019-02-03,1,0.765,0,0,0,0,0,1,0,0,0,0
2019-02-02,2019-02-02,2,0.3497,0,0,0,0,0,1,0,0,0,0
2019-02-01,2019-02-01,2,0.1909,0,0,0,0,0,1,0,0,0,0
2019-01-31,2019-01-31,2,0.04400000000000001,0,0,0,0,0,0,0,0,0,0
2019-01-30,2019-01-30,2,0.6698,0,0,0,0,0,0,0,0,0,0
2019-01-29,2019-01-29,3,-0.2613666666666667,0,0,0,0,0,1,0,0,0,0
2019-01-25,2019-01-25,2,0.62665,0,0,0,0,0,1,0,0,0,0
2019-01-22,2019-01-22,1,0.0,0,0,0,0,0,1,0,0,0,0
2019-01-21,2019-01-21,2,0.23700000000000002,0,0,0,0,0,1,0,0,0,0
2019-01-20,2019-01-20,3,-0.3633,0,0,0,0,0,1,0,0,0,0
2019-01-17,2019-01-17,2,0.29295,0,0,0,1,0,1,0,0,0,0
2019-01-16,2019-01-16,6,0.12114999999999998,0,0,0,1,0,1,0,0,0,0
2019-01-15,2019-01-15,2,0.7211000000000001,0,0,0,0,0,1,0,0,0,0
2019-01-14,2019-01-14,3,0.48023333333333335,0,0,0,0,0,0,0,0,0,0
2019-01-13,2019-01-13,4,0.48829999999999996,0,0,0,0,0,1,0,0,1,0
2019-01-12,2019-01-12,2,-0.3119,0,0,0,0,0,1,0,0,0,0
2019-01-11,2019-01-11,3,0.22783333333333333,0,0,0,0,0,1,0,0,1,0
2019-01-10,2019-01-10,3,0.06229999999999999,0,0,0,0,0,1,0,0,0,0
2019-01-09,2019-01-09,4,-0.10225000000000001,0,0,0,1,0,0,0,0,0,0
2019-01-08,2019-01-08,3,-0.0894666666666667,0,0,0,0,0,1,0,0,0,0
2019-01-07,2019-01-07,1,0.25,0,0,0,0,0,1,0,0,0,0
2019-01-06,2019-01-06,1,0.2382,0,0,0,0,0,0,0,0,0,0
2019-01-05,2019-01-05,1,0.296,0,0,0,0,0,0,0,0,0,0
2019-01-04,2019-01-04,2,-0.80945,0,0,0,0,0,1,0,0,0,0
2019-01-03,2019-01-03,2,0.6379,0,0,0,0,0,1,0,0,0,0
2019-01-02,2019-01-02,2,0.15835,0,0,0,0,0,0,0,0,0,0
2019-01-01,2019-01-01,1,0.0,0,0,0,0,0,0,0,0,0,0
2018-12-31,2018-12-31,2,-0.3982,0,0,0,0,0,1,0,0,0,0
2018-12-30,2018-12-30,2,0.21114999999999998,0,0,0,1,0,1,0,0,0,0
2018-12-29,2018-12-29,4,0.37210000000000004,0,0,0,0,0,1,0,0,0,0
2018-12-28,2018-12-28,1,0.2023,0,0,0,0,0,0,0,0,0,0
2018-12-27,2018-12-27,3,0.24716666666666665,0,0,0,0,0,1,0,0,0,0
2018-12-26,2018-12-26,1,-0.2263,0,0,0,0,0,1,0,0,0,0
2018-12-24,2018-12-24,1,0.0,0,0,0,0,0,0,0,0,1,0
2018-12-23,2018-12-23,1,-0.5972,0,0,0,0,0,0,0,0,0,1
2018-12-22,2018-12-22,3,0.6016333333333334,0,0,0,1,0,0,0,0,0,1
2018-12-21,2018-12-21,1,0.8381,0,0,0,0,0,0,0,0,0,0
2018-12-20,2018-12-20,1,0.6808,0,0,0,0,0,0,0,0,0,0
2018-12-19,2018-12-19,4,0.32655,0,0,0,0,0,1,0,0,0,0
2018-12-18,2018-12-18,1,0.0,0,0,0,0,0,1,0,0,0,0
2018-12-17,2018-12-17,3,-0.057499999999999996,0,0,0,0,0,1,0,0,0,0
2018-12-15,2018-12-15,1,-0.5272,0,0,0,0,0,0,0,0,0,0
2018-12-14,2018-12-14,1,0.8705,0,0,0,0,0,0,0,0,0,0
2018-12-13,2018-12-13,2,0.44425,0,0,0,0,0,1,0,0,0,0
2018-12-12,2018-12-12,2,-0.22830000000000003,0,0,0,0,0,1,0,0,0,0
2018-12-11,2018-12-11,2,0.7127,0,0,0,0,0,1,0,0,0,0
2018-12-10,2018-12-10,1,0.2228,0,0,0,0,0,1,0,0,0,0
2018-12-08,2018-12-08,3,0.20753333333333332,0,0,0,0,0,1,0,0,0,0
2018-12-07,2018-12-07,3,0.22983333333333336,0,0,0,0,0,1,0,0,0,0
2018-12-06,2018-12-06,1,0.4019,0,0,0,0,0,1,0,0,0,0
2018-12-05,2018-12-05,1,0.0,0,0,0,0,0,1,0,0,0,0
2018-12-02,2018-12-02,1,0.3612,0,0,0,0,0,0,0,0,0,0
2018-11-30,2018-11-30,1,-0.5023,0,0,0,0,0,0,0,0,0,0
2018-11-29,2018-11-29,2,0.4868,0,0,0,0,0,1,0,0,0,0
2018-11-27,2018-11-27,6,0.27265,0,0,0,0,0,1,0,0,0,0
2018-11-26,2018-11-26,2,0.2997,0,0,0,0,0,0,0,0,0,1
2018-11-24,2018-11-24,2,0.5194,0,0,0,0,0,0,0,0,0,0
2018-11-23,2018-11-23,1,0.6369,0,0,0,0,0,0,0,0,0,0
2018-11-22,2018-11-22,2,0.4949,0,0,0,0,0,1,0,0,0,0
2018-11-19,2018-11-19,1,0.0,0,0,0,0,0,1,0,0,0,0
2018-11-17,2018-11-17,1,0.4137,0,0,0,0,0,0,0,0,0,0
2018-11-16,2018-11-16,1,0.0,0,0,0,0,0,0,0,0,0,0
2018-11-15,2018-11-15,1,0.0,0,0,0,0,0,0,0,0,0,0
2018-11-14,2018-11-14,3,0.44589999999999996,0,0,0,0,0,1,0,0,0,0
2018-11-13,2018-11-13,1,0.0,0,0,0,1,0,0,0,0,0,0
2018-11-12,2018-11-12,2,-0.18405,0,0,0,0,0,0,0,0,0,0
2018-11-10,2018-11-10,1,0.0,0,0,0,0,0,0,0,0,0,1
2018-11-09,2018-11-09,1,0.6369,0,0,0,0,0,1,0,0,0,0
2018-11-08,2018-11-08,3,-0.0262,0,0,0,0,0,0,0,0,0,0
2018-11-07,2018-11-07,1,0.0,0,0,0,0,0,0,0,0,0,0
2018-11-06,2018-11-06,1,0.0,0,0,0,0,0,1,0,0,0,0
2018-11-05,2018-11-05,1,0.6983,0,0,0,1,0,0,0,0,0,0
2018-11-03,2018-11-03,3,0.13396666666666665,0,0,0,0,0,1,0,0,0,0
2018-11-02,2018-11-02,2,0.62505,0,0,0,0,0,1,0,0,0,0
2018-11-01,2018-11-01,3,0.09603333333333335,0,0,0,0,0,1,0,0,0,0
2018-10-31,2018-10-31,1,-0.2023,0,0,0,0,0,1,0,0,0,0
2018-10-30,2018-10-30,1,0.0,0,0,0,0,0,0,0,0,0,0
2018-10-29,2018-10-29,1,0.7969,0,0,0,0,0,0,0,0,0,0
2018-10-28,2018-10-28,2,0.55055,0,0,0,0,0,1,0,0,0,0
2018-10-27,2018-10-27,4,0.519425,0,0,0,0,0,1,0,0,0,0
2018-10-26,2018-10-26,1,0.0,0,0,0,0,0,1,0,0,0,0
2018-10-24,2018-10-24,1,0.7579,0,0,0,0,0,0,0,0,0,0
2018-10-23,2018-10-23,2,0.31845,0,0,0,0,0,1,0,0,0,0
2018-10-22,2018-10-22,4,0.01477500000000001,0,0,0,0,0,1,0,0,0,0
2018-10-21,2018-10-21,3,0.4273666666666667,0,0,0,0,0,1,0,0,0,0
2018-10-20,2018-10-20,3,0.3493,0,0,0,0,0,0,0,0,0,1
2018-10-19,2018-10-19,6,0.19688333333333333,0,0,0,0,0,1,0,0,0,1
2018-10-18,2018-10-18,4,-0.055499999999999994,0,0,0,0,0,1,0,0,0,0
2018-10-17,2018-10-17,5,0.38778000000000007,0,0,0,0,0,1,0,0,0,0
2018-10-15,2018-10-15,1,0.5984,0,0,0,0,0,1,0,0,0,0
2018-10-14,2018-10-14,2,0.3062,0,0,0,0,0,1,0,0,0,0
2018-10-13,2018-10-13,1,0.8316,0,0,0,0,0,0,0,0,0,0
2018-10-12,2018-10-12,2,0.6685,0,0,0,0,0,0,0,0,0,0
2018-10-11,2018-10-11,1,0.3818,0,0,0,0,0,1,0,0,0,0
2018-10-09,2018-10-09,1,0.0,0,0,0,0,0,1,0,0,0,0
2018-10-08,2018-10-08,3,0.7517999999999999,0,0,0,0,0,1,0,0,0,0
2018-10-07,2018-10-07,4,-0.09414999999999998,0,0,0,0,0,1,0,0,0,0
2018-10-05,2018-10-05,2,-0.012999999999999998,0,0,0,0,0,1,0,0,0,0
2018-10-04,2018-10-04,1,0.8885,0,0,0,0,0,0,0,0,0,0
2018-10-03,2018-10-03,2,0.14579999999999999,0,0,0,0,0,1,0,0,0,0
2018-10-02,2018-10-02,1,0.7346,0,0,0,0,0,1,0,0,0,0
2018-10-01,2018-10-01,2,0.72475,0,0,0,0,0,1,0,0,0,0
2018-09-30,2018-09-30,2,0.5682,0,0,0,0,0,1,0,0,0,0
2018-09-29,2018-09-29,1,0.4019,0,0,0,0,0,1,0,0,0,0
2018-09-28,2018-09-28,2,-0.10389999999999999,0,0,0,0,0,1,0,0,0,0
2018-09-26,2018-09-26,1,0.0,0,0,0,0,0,0,0,0,0,0
2018-09-24,2018-09-24,2,0.1591,0,0,0,0,0,1,0,0,0,0
2018-09-23,2018-09-23,1,0.0,0,0,0,0,0,1,0,0,0,0
2018-09-21,2018-09-21,1,0.3818,0,0,0,0,0,0,0,0,0,0
2018-09-20,2018-09-20,1,0.1979,0,0,0,0,0,0,0,0,0,0
2018-09-19,2018-09-19,2,0.2997,0,0,0,0,0,0,0,0,0,0
2018-09-18,2018-09-18,3,0.42473333333333335,0,0,0,0,0,1,0,0,0,0
2018-09-17,2018-09-17,3,0.3336333333333334,0,0,0,0,0,1,0,0,0,0
2018-09-16,2018-09-16,2,0.21075,0,0,0,0,0,1,0,0,0,0
2018-09-15,2018-09-15,4,0.10735,0,0,0,0,0,1,0,0,0,0
2018-09-14,2018-09-14,3,0.5396,0,0,0,0,0,0,0,0,0,0
2018-09-13,2018-09-13,1,0.0,0,0,0,0,0,0,0,0,0,0
2018-09-12,2018-09-12,8,0.17820000000000003,0,0,0,0,0,0,0,0,0,0
2018-09-11,2018-09-11,6,0.08836666666666666,0,0,0,1,0,1,0,0,0,0
2018-09-10,2018-09-10,7,0.0752142857142857,0,0,0,0,0,1,0,0,0,0
2018-09-09,2018-09-09,3,0.014999999999999994,0,0,0,0,0,0,0,0,0,0
2018-09-07,2018-09-07,5,0.48862000000000005,0,0,0,0,0,1,0,0,0,0
2018-09-06,2018-09-06,1,0.0,0,0,0,0,0,1,0,0,0,0
2018-09-05,2018-09-05,3,0.3776333333333333,0,0,0,0,0,1,0,0,0,0
2018-09-04,2018-09-04,1,0.34,0,0,0,0,0,1,0,0,0,0
2018-09-03,2018-09-03,2,0.026949999999999974,0,0,0,0,0,1,0,0,0,0
2018-09-02,2018-09-02,4,0.2828,0,0,0,0,0,1,0,0,0,1
2018-09-01,2018-09-01,1,0.0,0,0,0,0,0,1,0,0,0,0
2018-08-31,2018-08-31,5,0.50908,0,0,0,0,0,0,0,0,0,0
2018-08-30,2018-08-30,3,0.09823333333333334,0,0,0,0,0,1,0,0,0,0
2018-08-29,2018-08-29,1,0.5859,0,0,0,0,0,1,0,0,0,0
2018-08-28,2018-08-28,2,0.0066000000000000225,0,0,0,0,0,1,0,0,0,0
2018-08-27,2018-08-27,1,0.0,0,0,0,0,0,1,0,0,0,0
2018-08-26,2018-08-26,2,0.3404,0,0,0,0,0,1,0,0,0,0
2018-08-25,2018-08-25,3,0.13396666666666665,0,0,0,0,0,1,0,0,0,0
2018-08-24,2018-08-24,2,0.1547,0,0,0,0,0,0,0,0,0,0
2018-08-23,2018-08-23,3,0.45796666666666663,0,0,0,0,0,1,0,0,0,0
2018-08-22,2018-08-22,2,0.51825,0,0,0,0,0,1,0,0,0,0
2018-08-21,2018-08-21,2,0.436,0,0,0,0,0,1,0,0,0,0
2018-08-20,2018-08-20,3,-0.05103333333333334,0,0,0,0,0,1,0,0,0,0
2018-08-19,2018-08-19,3,0.01153333333333334,0,0,0,0,0,1,0,0,0,0
2018-08-18,2018-08-18,2,0.6345000000000001,0,0,0,0,0,1,0,0,0,0
2018-08-17,2018-08-17,4,0.25185,0,0,0,0,0,1,0,0,0,0
2018-08-16,2018-08-16,2,0.46295,0,0,0,0,0,1,0,0,0,0
2018-08-15,2018-08-15,4,0.319375,0,0,0,0,0,1,0,0,0,0
2018-08-14,2018-08-14,9,0.404,0,0,0,0,0,1,0,0,0,0
2018-08-13,2018-08-13,4,0.39239999999999997,0,0,0,0,0,1,0,0,0,0
2018-08-11,2018-08-11,5,0.27488,0,0,0,0,0,1,0,0,0,0
2018-08-10,2018-08-10,1,0.5562,0,0,0,0,0,0,0,0,0,0
2018-08-09,2018-08-09,3,0.5311666666666667,0,0,0,0,0,1,0,0,0,0
2018-08-08,2018-08-08,5,0.2573,0,0,0,0,0,1,0,0,0,1
2018-08-07,2018-08-07,8,0.25245,0,0,0,0,0,1,0,0,0,0
2018-08-06,2018-08-06,5,0.11717999999999999,0,0,0,0,0,1,0,0,0,0
2018-08-05,2018-08-05,3,0.40556666666666663,0,0,0,0,0,1,0,0,0,0
2018-08-04,2018-08-04,3,0.46976666666666667,0,0,0,0,0,1,0,0,0,0
2018-08-03,2018-08-03,1,-0.1027,0,0,0,0,0,0,0,0,0,0
2018-08-02,2018-08-02,1,0.3182,0,0,0,0,0,1,0,0,0,0
2018-08-01,2018-08-01,7,0.3422285714285715,0,0,0,0,0,1,0,0,0,0
2018-07-31,2018-07-31,1,0.3182,0,0,0,0,0,1,0,0,0,0
2018-07-30,2018-07-30,2,0.32335,0,0,0,0,0,1,0,0,0,0
2018-07-29,2018-07-29,2,0.0474,0,0,0,0,0,1,0,0,0,0
2018-07-28,2018-07-28,1,0.3182,0,0,0,0,0,1,0,0,0,0
2018-07-27,2018-07-27,1,0.34,0,0,0,0,0,0,0,0,0,0
2018-07-26,2018-07-26,3,0.41513333333333335,0,0,0,0,0,1,0,0,0,0
2018-07-25,2018-07-25,6,0.153,0,0,0,0,0,1,0,0,0,0
2018-07-24,2018-07-24,1,0.3612,0,0,0,0,0,1,0,0,0,0
2018-07-23,2018-07-23,1,0.0,0,0,0,0,0,1,0,0,0,0
2018-07-22,2018-07-22,1,0.5956,0,0,0,0,0,0,0,0,0,0
2018-07-21,2018-07-21,1,0.3182,0,0,0,0,0,1,0,0,0,0
2018-07-20,2018-07-20,3,0.3675333333333333,0,0,0,0,0,1,0,0,0,0
2018-07-19,2018-07-19,4,-0.0010999999999999899,0,0,0,1,0,1,0,0,0,0
2018-07-18,2018-07-18,2,0.55185,0,0,0,0,0,1,0,0,0,0
2018-07-17,2018-07-17,3,0.46246666666666664,0,0,0,0,0,0,0,0,0,0
2018-07-16,2018-07-16,2,0.72,0,0,0,0,0,1,0,0,0,0
2018-07-14,2018-07-14,3,0.255,0,0,0,0,0,1,0,0,0,0
2018-07-13,2018-07-13,3,0.15843333333333334,0,0,0,0,0,1,0,0,0,0
2018-07-12,2018-07-12,1,0.0,0,0,0,0,0,0,0,0,0,0
2018-07-11,2018-07-11,2,0.4355,0,0,0,0,0,1,0,0,0,0
2018-07-10,2018-07-10,1,0.0,0,0,0,0,0,0,0,0,0,0
2018-07-09,2018-07-09,2,0.6234999999999999,0,0,0,1,0,1,0,0,0,0
2018-07-08,2018-07-08,1,0.0,0,0,0,0,0,1,0,0,0,0
2018-07-07,2018-07-07,2,0.0,0,0,0,0,0,1,0,0,0,0
2018-07-06,2018-07-06,3,0.2873,0,0,0,0,0,1,0,0,0,0
2018-07-05,2018-07-05,3,0.12040000000000001,0,0,0,0,0,1,0,0,0,0
2018-07-04,2018-07-04,7,0.4652428571428571,0,0,0,0,0,1,0,0,0,0
2018-07-03,2018-07-03,1,0.6597,0,0,0,0,0,1,0,0,0,0
2018-07-02,2018-07-02,4,0.07955,0,0,0,0,0,1,0,0,0,0
2018-06-30,2018-06-30,1,0.0,0,0,0,0,0,0,0,0,0,0
2018-06-29,2018-06-29,2,0.4158,0,0,0,0,0,1,0,0,0,0
2018-06-28,2018-06-28,2,0.32325,0,0,0,0,0,1,0,0,0,0
2018-06-27,2018-06-27,1,0.2263,0,0,0,0,0,0,0,0,0,0
2018-06-26,2018-06-26,3,0.4362000000000001,0,0,0,0,0,1,0,0,0,0
2018-06-23,2018-06-23,3,0.10606666666666666,0,0,0,0,0,1,0,0,0,0
2018-06-22,2018-06-22,3,-0.10286666666666665,0,0,0,0,0,1,0,0,0,0
2018-06-21,2018-06-21,2,0.3397,0,0,0,0,0,1,0,0,0,0
2018-06-20,2018-06-20,1,0.0,0,0,0,0,0,0,0,0,0,0
2018-06-19,2018-06-19,6,0.27330000000000004,0,0,0,0,0,1,0,0,0,0
2018-06-18,2018-06-18,2,0.24760000000000001,0,0,0,0,0,1,0,0,0,0
2018-06-16,2018-06-16,2,0.1591,0,0,0,0,0,1,0,0,0,0
2018-06-15,2018-06-15,4,-0.05835,0,0,0,0,0,1,0,0,1,0
2018-06-14,2018-06-14,4,0.0957,0,0,0,0,0,1,0,0,0,0
2018-06-13,2018-06-13,1,0.4404,0,0,0,0,0,0,0,0,0,0
2018-06-12,2018-06-12,7,0.04925714285714287,0,0,0,0,0,1,0,0,0,0
2018-06-11,2018-06-11,4,0.153075,0,0,0,1,0,1,0,0,0,0
2018-06-10,2018-06-10,3,-0.053066666666666686,0,0,0,0,0,0,0,0,0,0
2018-06-09,2018-06-09,2,0.0,0,0,0,0,0,1,0,0,0,0
2018-06-08,2018-06-08,3,-0.22363333333333335,0,0,0,0,0,1,0,0,0,0
2018-06-07,2018-06-07,1,0.34,0,0,0,0,0,1,0,0,0,0
2018-06-06,2018-06-06,1,0.0,0,0,0,0,0,1,0,0,0,0
2018-06-05,2018-06-05,3,0.3188666666666667,0,0,0,0,0,0,0,0,0,0
2018-06-04,2018-06-04,2,0.1591,0,0,0,0,0,1,0,0,0,0
2018-06-03,2018-06-03,1,0.0,0,0,0,0,0,1,0,0,0,0
2018-06-02,2018-06-02,1,0.0772,0,0,0,0,0,0,0,0,0,0
2018-06-01,2018-06-01,4,-0.477325,0,0,0,0,0,1,0,0,0,0
2018-05-31,2018-05-31,2,-0.20095,0,0,0,0,0,1,0,0,0,0
2018-05-30,2018-05-30,2,0.7667999999999999,0,0,0,0,0,1,0,0,0,0
2018-05-29,2018-05-29,1,-0.296,0,0,0,0,0,1,0,0,0,0
2018-05-28,2018-05-28,2,0.04115000000000002,0,0,0,0,0,1,0,0,0,0
2018-05-24,2018-05-24,2,0.53575,0,0,0,0,0,1,0,0,0,1
2018-05-23,2018-05-23,2,0.43445,0,0,0,0,0,1,0,0,0,0
2018-05-22,2018-05-22,1,0.0,0,0,0,0,0,1,0,0,0,0
2018-05-21,2018-05-21,1,0.0,0,0,0,0,0,0,0,0,0,0
2018-05-20,2018-05-20,2,0.38634999999999997,0,0,0,0,0,0,0,0,0,0
2018-05-19,2018-05-19,1,0.8268,0,0,0,0,0,0,0,0,0,0
2018-05-18,2018-05-18,2,0.2202,0,0,0,0,0,1,0,0,0,0
2018-05-17,2018-05-17,4,0.173675,0,0,0,0,0,1,0,0,0,0
2018-05-14,2018-05-14,2,0.4037,0,0,0,0,0,0,0,0,0,0
2018-05-13,2018-05-13,2,0.60465,0,0,0,0,0,1,0,0,0,0
2018-05-12,2018-05-12,1,0.0,0,0,0,0,0,1,0,0,0,0
2018-05-11,2018-05-11,2,0.29295,0,0,0,0,0,0,0,0,0,0
2018-05-10,2018-05-10,5,0.10212000000000002,0,0,0,0,0,1,0,0,0,0
2018-05-09,2018-05-09,1,0.0,0,0,0,0,0,1,0,0,0,0
2018-05-08,2018-05-08,2,0.20024999999999998,0,0,0,0,0,1,0,0,0,0
2018-05-07,2018-05-07,3,0.00786666666666667,0,0,0,0,0,0,0,0,0,1
2018-05-05,2018-05-05,1,0.9371,0,0,0,0,0,0,0,0,0,0
2018-05-04,2018-05-04,5,0.27058,0,0,0,0,0,1,0,0,0,0
2018-05-03,2018-05-03,5,0.15842,0,0,0,0,0,1,0,0,0,0
2018-05-02,2018-05-02,5,0.25594,0,0,0,0,0,1,0,0,0,0
2018-05-01,2018-05-01,5,0.57366,0,0,0,0,0,1,0,0,0,1
2018-04-29,2018-04-29,1,0.6908,0,0,0,0,0,1,0,0,0,0
2018-04-28,2018-04-28,1,0.2023,0,0,0,0,0,0,0,0,0,0
2018-04-27,2018-04-27,5,0.31344,0,0,0,0,0,1,0,0,0,0
2018-04-26,2018-04-26,7,0.20784285714285716,0,0,0,0,0,1,0,0,0,0
2018-04-25,2018-04-25,4,0.273575,0,0,0,0,0,0,0,0,0,0
2018-04-24,2018-04-24,3,0.0015666666666666607,0,0,0,0,0,1,0,0,0,0
2018-04-23,2018-04-23,5,0.14426,0,0,0,0,0,1,0,0,0,0
2018-04-22,2018-04-22,1,-0.5862,0,0,0,0,0,0,0,0,0,0
2018-04-21,2018-04-21,2,0.3474,0,0,0,0,0,1,0,0,0,1
2018-04-20,2018-04-20,6,0.24011666666666664,0,0,0,0,0,1,0,0,0,0
2018-04-19,2018-04-19,2,-0.148,0,0,0,0,0,1,0,0,0,0
2018-04-18,2018-04-18,3,0.18986666666666666,0,0,0,0,0,1,0,0,0,0
2018-04-16,2018-04-16,1,0.6369,0,0,0,0,0,1,0,0,0,0
2018-04-13,2018-04-13,3,0.3759666666666666,0,0,0,0,0,0,0,0,0,0
2018-04-12,2018-04-12,2,0.010550000000000004,0,0,0,0,0,0,0,0,0,0
2018-04-11,2018-04-11,2,0.43324999999999997,0,0,0,0,0,1,0,0,0,0
2018-04-10,2018-04-10,1,0.0534,0,0,0,0,0,0,0,0,0,0
2018-04-09,2018-04-09,2,0.15019999999999997,0,0,0,0,0,0,0,0,0,1
2018-04-07,2018-04-07,1,0.4404,0,0,0,0,0,1,0,0,0,0
2018-04-06,2018-04-06,2,0.2781,0,0,0,0,0,1,0,0,0,0
2018-04-05,2018-04-05,3,0.4048333333333333,0,0,0,0,0,1,0,0,0,0
2018-04-04,2018-04-04,4,0.334525,0,0,0,0,0,1,0,0,0,0
2018-04-03,2018-04-03,3,0.3743333333333334,0,0,0,0,0,1,0,0,0,0
2018-04-02,2018-04-02,6,0.03999999999999999,0,0,0,0,0,0,0,0,0,0
2018-04-01,2018-04-01,1,0.5994,0,0,0,0,0,0,0,0,0,0
2018-03-31,2018-03-31,1,0.7845,0,0,0,0,0,1,0,0,0,0
2018-03-30,2018-03-30,1,0.8807,0,0,0,0,0,0,0,0,0,0
2018-03-29,2018-03-29,4,0.2014,0,0,0,0,0,0,0,0,0,0
2018-03-28,2018-03-28,4,0.250325,0,0,0,0,0,1,0,0,0,0
2018-03-27,2018-03-27,1,0.0,0,0,0,0,0,1,0,0,0,0
2018-03-26,2018-03-26,3,0.43170000000000003,0,0,0,0,0,1,0,0,0,0
2018-03-25,2018-03-25,1,0.3182,0,0,0,0,0,1,0,0,0,0
2018-03-24,2018-03-24,3,0.25443333333333334,0,0,0,0,0,1,0,0,0,0
2018-03-23,2018-03-23,1,0.3182,0,0,0,0,0,0,0,0,0,0
2018-03-22,2018-03-22,2,0.0,0,0,0,0,0,0,0,0,0,0
2018-03-21,2018-03-21,2,-0.0258,0,0,0,0,0,0,0,0,0,0
2018-03-20,2018-03-20,5,0.31648,0,0,0,0,0,1,0,0,0,0
2018-03-19,2018-03-19,2,-0.010050000000000003,0,0,0,0,0,0,0,0,0,0
2018-03-18,2018-03-18,1,-0.3612,0,0,0,0,0,0,0,0,0,0
2018-03-16,2018-03-16,4,0.294425,0,0,0,0,0,1,0,0,0,0
2018-03-15,2018-03-15,2,0.0,0,0,0,0,0,1,0,0,0,0
2018-03-14,2018-03-14,3,0.27749999999999997,0,0,0,0,0,1,0,0,0,0
2018-03-13,2018-03-13,3,0.385,0,0,0,0,0,1,0,0,0,0
2018-03-11,2018-03-11,1,0.7172,0,0,0,0,0,1,0,0,0,0
2018-03-10,2018-03-10,5,0.28281999999999996,0,0,0,0,0,1,0,0,0,0
2018-03-09,2018-03-09,2,0.0,0,0,0,0,0,1,0,0,0,0
2018-03-08,2018-03-08,7,0.23995714285714284,0,0,0,0,0,1,0,0,0,0
2018-03-07,2018-03-07,1,0.0,0,0,0,0,0,0,0,0,0,0
2018-03-06,2018-03-06,5,0.22154,0,0,0,0,0,1,1,0,0,0
2018-03-05,2018-03-05,3,0.4623333333333333,0,0,0,0,0,1,0,0,0,0
2018-03-04,2018-03-04,5,0.023740000000000004,0,0,0,0,0,1,0,0,0,0
2018-03-03,2018-03-03,4,0.21487499999999998,0,0,0,0,0,1,0,0,0,0
2018-03-02,2018-03-02,5,0.5511,0,0,0,0,0,1,0,0,0,0
2018-03-01,2018-03-01,5,0.38148,0,0,0,0,0,1,0,0,0,0
2018-02-28,2018-02-28,4,0.0683,0,0,0,0,0,1,0,0,0,0
2018-02-27,2018-02-27,10,0.18175000000000002,0,0,0,0,0,1,0,0,0,0
2018-02-26,2018-02-26,8,0.049625,0,0,0,0,0,1,0,0,0,0
2018-02-25,2018-02-25,2,0.1806,0,0,0,0,0,1,0,0,0,0
2018-02-24,2018-02-24,6,0.3606666666666667,0,0,0,0,0,1,0,0,0,0
2018-02-23,2018-02-23,4,0.304875,0,0,0,0,0,1,0,0,0,0
2018-02-22,2018-02-22,7,0.19652857142857144,0,0,0,0,0,1,0,0,0,0
2018-02-21,2018-02-21,4,0.230075,0,0,0,0,0,1,0,0,0,0
2018-02-20,2018-02-20,2,0.125,0,0,0,0,0,1,0,0,0,0
2018-02-19,2018-02-19,5,-0.03778,0,0,0,0,0,1,0,0,0,0
2018-02-18,2018-02-18,6,0.01555,0,0,0,0,0,1,0,0,0,0
2018-02-17,2018-02-17,5,0.38008,0,0,0,0,0,1,0,0,0,0
2018-02-16,2018-02-16,8,0.42569999999999997,0,0,0,0,0,1,0,0,0,0
2018-02-15,2018-02-15,5,0.17414000000000002,0,0,0,0,0,1,0,0,0,0
2018-02-14,2018-02-14,8,0.3131,0,0,0,0,0,1,0,0,0,0
2018-02-13,2018-02-13,4,0.219475,0,0,0,0,0,0,0,0,0,0
2018-02-12,2018-02-12,4,0.17245,0,0,0,0,0,1,0,0,0,0
2018-02-11,2018-02-11,1,0.7579,0,0,0,0,0,0,0,0,0,0
2018-02-10,2018-02-10,5,0.24678,0,0,0,0,0,1,0,0,0,0
2018-02-09,2018-02-09,3,0.2969333333333333,0,0,0,0,0,1,0,0,0,0
2018-02-08,2018-02-08,1,0.0,0,0,0,0,0,0,0,0,0,0
2018-02-07,2018-02-07,3,0.03373333333333333,0,0,0,0,0,0,0,0,0,0
2018-02-06,2018-02-06,4,0.53205,0,0,0,0,0,1,0,0,0,0
2018-02-05,2018-02-05,4,0.06175000000000003,0,0,0,0,0,1,0,0,0,0
2018-02-04,2018-02-04,3,0.12726666666666667,0,0,0,0,0,1,0,0,0,0
2018-02-03,2018-02-03,1,0.6249,0,0,0,0,0,1,0,0,0,0
2018-02-02,2018-02-02,2,-0.1357,0,0,0,0,0,0,0,0,0,0
2018-02-01,2018-02-01,10,0.27464000000000005,0,0,0,0,0,1,0,0,0,0
2018-01-31,2018-01-31,4,-0.02082500000000001,0,0,0,0,0,1,0,0,0,0
2018-01-30,2018-01-30,6,0.12076666666666667,0,0,0,0,0,0,0,0,0,0
2018-01-29,2018-01-29,3,0.09866666666666667,0,0,0,0,0,1,0,0,0,0
2018-01-28,2018-01-28,3,0.0966,0,0,0,1,0,0,0,0,0,0
2018-01-27,2018-01-27,3,0.31073333333333336,0,0,0,0,0,1,0,0,0,0
2018-01-26,2018-01-26,3,0.3381,0,0,0,0,0,1,0,0,0,0
2018-01-25,2018-01-25,7,-0.10851428571428569,0,0,0,0,0,0,0,0,0,0
2018-01-24,2018-01-24,5,0.0339,0,0,0,0,0,0,0,0,0,0
2018-01-23,2018-01-23,6,0.23256666666666667,0,0,0,0,0,1,0,0,0,0
2018-01-22,2018-01-22,3,0.6660666666666667,0,0,0,0,0,0,0,0,0,0
2018-01-21,2018-01-21,1,0.0,0,0,0,0,0,0,0,0,0,0
2018-01-20,2018-01-20,5,0.1116,0,0,0,0,0,1,0,0,0,0
2018-01-19,2018-01-19,2,-0.39305,0,0,0,0,0,1,0,0,0,0
2018-01-18,2018-01-18,4,0.214675,0,0,0,0,0,1,0,0,0,0
2018-01-17,2018-01-17,3,0.14493333333333333,0,0,0,0,0,0,0,0,0,0
2018-01-16,2018-01-16,11,0.11523636363636362,0,0,0,0,0,1,0,0,0,0
2018-01-15,2018-01-15,7,0.40932857142857143,0,0,0,0,0,1,0,0,0,0
2018-01-14,2018-01-14,4,0.269975,0,0,0,0,0,1,0,0,0,0
2018-01-13,2018-01-13,1,0.2225,0,0,0,0,0,0,0,0,0,0
2018-01-12,2018-01-12,4,0.156225,0,0,0,0,0,1,0,0,0,0
2018-01-11,2018-01-11,2,0.24695,0,0,0,0,0,0,0,0,0,0
2018-01-10,2018-01-10,3,0.012499999999999992,0,0,0,0,0,0,0,0,0,0
2018-01-09,2018-01-09,8,-0.10341249999999999,0,0,0,0,0,1,0,0,0,0
2018-01-08,2018-01-08,8,-0.053987499999999994,0,0,0,0,0,1,0,0,0,0
2018-01-07,2018-01-07,2,0.37345,0,0,0,0,0,0,0,0,0,0
2018-01-06,2018-01-06,2,0.2202,0,0,0,0,0,0,0,0,0,0
2018-01-05,2018-01-05,6,0.17769999999999997,0,0,0,0,0,1,0,0,0,0
2018-01-04,2018-01-04,7,0.35469999999999996,0,0,0,0,0,0,0,0,0,0
2018-01-03,2018-01-03,4,0.282075,0,0,0,0,0,0,0,0,0,0
2018-01-02,2018-01-02,4,0.09545,0,0,0,0,0,1,0,0,0,0
2018-01-01,2018-01-01,2,0.46745,0,0,0,0,0,0,0,0,0,0
2017-12-31,2017-12-31,2,0.4841,0,0,0,0,0,0,0,0,0,0
2017-12-29,2017-12-29,4,-0.021974999999999995,0,0,0,0,0,0,0,0,0,0
2017-12-28,2017-12-28,1,0.0,0,0,0,0,0,0,0,0,0,0
2017-12-27,2017-12-27,2,0.18119999999999997,0,0,0,0,0,0,0,0,0,0
2017-12-26,2017-12-26,2,0.41265,0,0,0,0,0,0,0,0,0,0
2017-12-25,2017-12-25,2,0.80615,0,0,0,0,0,0,0,0,0,0
2017-12-24,2017-12-24,1,0.1901,0,0,0,0,0,0,0,0,0,0
2017-12-23,2017-12-23,2,0.51555,0,0,0,0,0,0,0,0,0,0
2017-12-22,2017-12-22,6,0.3370833333333334,0,0,0,0,0,0,0,0,0,0
2017-12-21,2017-12-21,1,0.5106,0,0,0,0,0,0,0,0,0,0
2017-12-20,2017-12-20,2,0.0,0,0,0,0,0,1,0,0,0,0
2017-12-19,2017-12-19,2,-0.11315,0,0,0,0,0,0,0,0,0,0
2017-12-18,2017-12-18,2,0.273,0,0,0,0,0,1,0,0,0,0
2017-12-17,2017-12-17,5,0.04479999999999999,0,0,0,0,0,0,0,0,0,0
2017-12-16,2017-12-16,1,0.0,0,0,0,0,0,0,0,0,0,0
2017-12-15,2017-12-15,1,0.638,0,0,0,0,0,0,0,0,0,0
2017-12-14,2017-12-14,1,0.4215,0,0,0,0,0,0,0,0,0,0
2017-12-13,2017-12-13,3,0.1514,0,0,0,0,0,0,0,0,0,0
2017-12-12,2017-12-12,5,0.41578,0,0,0,0,0,0,0,0,0,0
2017-12-11,2017-12-11,2,0.42245,0,0,0,0,0,0,0,0,0,0
2017-12-09,2017-12-09,2,0.71095,0,0,0,1,0,0,0,0,0,0
2017-12-08,2017-12-08,2,0.26344999999999996,0,0,0,0,0,0,0,0,0,0
2017-12-07,2017-12-07,4,0.217875,0,0,0,0,0,0,0,0,0,0
2017-12-06,2017-12-06,1,0.6808,0,0,0,0,0,1,0,0,0,0
2017-12-05,2017-12-05,2,0.3182,0,0,0,0,0,0,0,0,0,0
2017-12-04,2017-12-04,5,-0.07895999999999999,0,0,0,0,0,0,0,0,0,0
2017-12-03,2017-12-03,1,0.0,0,0,0,0,0,0,0,0,0,0
2017-12-01,2017-12-01,2,0.5947,0,0,0,0,0,0,0,0,0,0
2017-11-30,2017-11-30,5,0.2874,0,0,0,0,0,0,0,0,0,0
2017-11-29,2017-11-29,1,0.3182,0,0,0,0,0,0,0,0,0,0
2017-11-28,2017-11-28,2,0.19979999999999998,0,0,0,0,0,0,0,0,0,0
2017-11-27,2017-11-27,2,0.019899999999999973,0,0,0,0,0,0,0,0,0,0
2017-11-25,2017-11-25,3,0.4197,0,0,0,0,0,0,0,0,0,0
2017-11-24,2017-11-24,1,0.0,0,0,0,0,0,0,0,0,0,0
2017-11-23,2017-11-23,3,-0.15073333333333336,0,0,0,0,0,0,0,0,0,0
2017-11-22,2017-11-22,2,0.1366,0,0,0,0,0,0,0,0,0,0
2017-11-21,2017-11-21,2,-0.42405,0,0,0,0,0,0,0,0,0,0
2017-11-20,2017-11-20,2,0.1806,0,0,0,0,0,0,0,0,0,0
2017-11-17,2017-11-17,2,0.20095,0,0,0,0,0,1,0,0,0,0
2017-11-15,2017-11-15,1,0.0,0,0,0,0,0,0,0,0,0,0
2017-11-14,2017-11-14,4,0.5170250000000001,0,0,0,0,0,1,0,0,0,1
2017-11-09,2017-11-09,3,-0.10636666666666666,0,0,0,0,0,0,0,0,0,0
2017-11-08,2017-11-08,5,0.24825999999999998,0,0,0,0,0,1,0,0,0,0
2017-11-07,2017-11-07,3,0.5072,0,0,0,0,0,0,0,0,0,0
2017-11-06,2017-11-06,1,0.0,0,0,0,0,0,0,0,0,0,0
2017-11-02,2017-11-02,3,0.2154,0,0,0,0,0,1,0,0,0,0
2017-10-30,2017-10-30,1,0.0,0,0,0,0,0,1,0,0,0,0
2017-10-28,2017-10-28,2,-0.5363,0,0,0,0,0,0,0,0,0,0
2017-10-25,2017-10-25,1,0.0,0,0,0,0,0,0,0,0,0,0
2017-10-24,2017-10-24,1,0.0,0,0,0,0,0,1,0,0,0,0
2017-10-16,2017-10-16,1,0.296,0,0,0,0,0,0,0,0,0,0
2017-10-15,2017-10-15,1,-0.34,0,0,0,0,0,0,0,0,0,0
2017-10-14,2017-10-14,1,0.0,0,0,0,0,0,0,0,0,0,0
2017-10-13,2017-10-13,2,-0.5468,0,0,0,0,0,0,0,0,0,0
2017-10-12,2017-10-12,2,0.3878,0,0,0,0,0,0,0,0,0,0
2017-10-11,2017-10-11,1,0.0516,0,0,0,0,0,0,0,0,0,0
2017-10-08,2017-10-08,2,0.3589,0,0,0,0,0,0,0,0,0,0
2017-10-07,2017-10-07,1,0.686,0,0,0,0,0,0,0,0,0,0
2017-10-05,2017-10-05,2,-0.1027,0,0,0,0,0,0,0,0,0,0
2017-10-03,2017-10-03,1,0.0063,0,0,0,0,0,0,0,0,0,0
2017-10-02,2017-10-02,1,-0.2924,0,0,0,0,0,0,0,0,0,0
2017-09-29,2017-09-29,1,0.0,0,0,0,0,0,0,0,0,0,0
2017-09-28,2017-09-28,1,-0.1531,0,0,0,0,0,0,0,0,0,0
2017-09-27,2017-09-27,2,0.47685,0,0,0,0,0,0,0,0,0,0
2017-09-26,2017-09-26,3,0.17020000000000002,0,0,0,0,0,0,0,0,0,0
2017-09-24,2017-09-24,1,0.4404,0,0,0,0,0,0,0,0,0,0
2017-09-23,2017-09-23,2,0.07565,0,0,0,1,0,0,0,0,0,0
2017-09-22,2017-09-22,1,0.128,0,0,0,0,0,0,0,0,0,0
2017-09-21,2017-09-21,1,0.0,0,0,0,0,0,0,0,0,0,0
2017-09-20,2017-09-20,2,0.0,0,0,0,0,0,1,0,0,0,0
2017-09-19,2017-09-19,6,0.3432,0,0,0,0,0,0,0,0,0,0
2017-09-18,2017-09-18,2,0.42115,0,0,0,0,0,0,0,0,0,0
2017-09-16,2017-09-16,1,0.0,0,0,0,0,0,0,0,0,0,0
2017-09-15,2017-09-15,5,-0.12794,0,0,0,1,0,0,0,0,0,0
2017-09-14,2017-09-14,1,0.0,0,0,0,0,0,0,0,0,0,0
2017-09-13,2017-09-13,1,0.4404,0,0,0,0,0,0,0,0,0,0
2017-09-12,2017-09-12,2,-0.3548,0,0,0,0,0,0,0,0,0,0
2017-09-10,2017-09-10,2,0.07994999999999997,0,0,0,0,0,0,0,0,0,0
2017-09-09,2017-09-09,3,-0.381,0,0,0,0,0,0,0,0,0,0
2017-09-08,2017-09-08,3,0.27973333333333333,0,0,0,0,0,0,0,0,0,0
2017-09-07,2017-09-07,1,0.0,0,0,0,0,0,0,0,0,0,0
2017-09-06,2017-09-06,2,0.0562,0,0,0,0,0,0,0,0,0,0
2017-09-05,2017-09-05,2,0.49355000000000004,0,0,0,0,0,0,0,0,0,0
2017-09-04,2017-09-04,2,0.0,0,0,0,0,0,0,0,0,0,0
2017-09-03,2017-09-03,3,0.15246666666666667,0,0,0,0,0,0,0,0,0,0
2017-09-02,2017-09-02,1,-0.5423,0,0,0,0,0,0,0,0,0,0
2017-08-31,2017-08-31,3,-0.17073333333333332,0,0,0,0,0,0,0,0,0,0
2017-08-30,2017-08-30,1,0.5106,0,0,0,0,0,0,0,0,0,0
2017-08-28,2017-08-28,1,0.0,0,0,0,0,0,0,0,0,0,0
2017-08-25,2017-08-25,1,0.9062,0,0,0,0,0,0,0,0,0,0
2017-08-23,2017-08-23,1,0.0,0,0,0,0,0,0,0,0,0,0
2017-08-21,2017-08-21,1,-0.4215,0,0,0,0,0,0,0,0,0,0
2017-08-18,2017-08-18,2,0.1366,0,0,0,0,0,0,0,0,0,0
