date,bitcoin_pytrend_unscaled,bitcoin_pytrend_monthly
2014-01-01,52,8.0
2014-01-02,55,8.0
2014-01-03,51,8.0
2014-01-04,49,8.0
2014-01-05,54,8.0
2014-01-06,69,8.0
2014-01-07,54,8.0
2014-01-08,64,8.0
2014-01-09,61,8.0
2014-01-10,61,8.0
2014-01-11,49,8.0
2014-01-12,47,8.0
2014-01-13,49,8.0
2014-01-14,54,8.0
2014-01-15,55,8.0
2014-01-16,78,8.0
2014-01-17,81,8.0
2014-01-18,57,8.0
2014-01-19,48,8.0
2014-01-20,56,8.0
2014-01-21,71,8.0
2014-01-22,74,8.0
2014-01-23,71,8.0
2014-01-24,66,8.0
2014-01-25,53,8.0
2014-01-26,59,8.0
2014-01-27,88,8.0
2014-01-28,100,8.0
2014-01-29,73,8.0
2014-01-30,66,8.0
2014-01-31,65,8.0
2014-02-01,19,9.0
2014-02-02,23,9.0
2014-02-03,19,9.0
2014-02-04,20,9.0
2014-02-05,22,9.0
2014-02-06,25,9.0
2014-02-07,42,9.0
2014-02-08,31,9.0
2014-02-09,25,9.0
2014-02-10,37,9.0
2014-02-11,40,9.0
2014-02-12,29,9.0
2014-02-13,26,9.0
2014-02-14,36,9.0
2014-02-15,24,9.0
2014-02-16,21,9.0
2014-02-17,22,9.0
2014-02-18,31,9.0
2014-02-19,29,9.0
2014-02-20,34,9.0
2014-02-21,32,9.0
2014-02-22,23,9.0
2014-02-23,19,9.0
2014-02-24,27,9.0
2014-02-25,100,9.0
2014-02-26,74,9.0
2014-02-27,41,9.0
2014-02-28,57,9.0
2014-03-01,62,7.0
2014-03-02,40,7.0
2014-03-03,41,7.0
2014-03-04,42,7.0
2014-03-05,51,7.0
2014-03-06,88,7.0
2014-03-07,100,7.0
2014-03-08,50,7.0
2014-03-09,39,7.0
2014-03-10,32,7.0
2014-03-11,30,7.0
2014-03-12,30,7.0
2014-03-13,29,7.0
2014-03-14,25,7.0
2014-03-15,24,7.0
2014-03-16,18,7.0
2014-03-17,21,7.0
2014-03-18,22,7.0
2014-03-19,21,7.0
2014-03-20,22,7.0
2014-03-21,31,7.0
2014-03-22,23,7.0
2014-03-23,27,7.0
2014-03-24,22,7.0
2014-03-25,29,7.0
2014-03-26,32,7.0
2014-03-27,26,7.0
2014-03-28,32,7.0
2014-03-29,23,7.0
2014-03-30,22,7.0
2014-03-31,26,7.0
2014-04-01,83,4.0
2014-04-02,88,4.0
2014-04-03,90,4.0
2014-04-04,82,4.0
2014-04-05,56,4.0
2014-04-06,70,4.0
2014-04-07,73,4.0
2014-04-08,73,4.0
2014-04-09,76,4.0
2014-04-10,79,4.0
2014-04-11,100,4.0
2014-04-12,51,4.0
2014-04-13,59,4.0
2014-04-14,66,4.0
2014-04-15,63,4.0
2014-04-16,85,4.0
2014-04-17,80,4.0
2014-04-18,66,4.0
2014-04-19,63,4.0
2014-04-20,42,4.0
2014-04-21,59,4.0
2014-04-22,57,4.0
2014-04-23,68,4.0
2014-04-24,61,4.0
2014-04-25,65,4.0
2014-04-26,56,4.0
2014-04-27,51,4.0
2014-04-28,56,4.0
2014-04-29,64,4.0
2014-04-30,66,4.0
2014-05-01,70,3.0
2014-05-02,55,3.0
2014-05-03,78,3.0
2014-05-04,43,3.0
2014-05-05,78,3.0
2014-05-06,75,3.0
2014-05-07,70,3.0
2014-05-08,49,3.0
2014-05-09,88,3.0
2014-05-10,58,3.0
2014-05-11,84,3.0
2014-05-12,71,3.0
2014-05-13,72,3.0
2014-05-14,68,3.0
2014-05-15,66,3.0
2014-05-16,75,3.0
2014-05-17,57,3.0
2014-05-18,65,3.0
2014-05-19,67,3.0
2014-05-20,74,3.0
2014-05-21,66,3.0
2014-05-22,84,3.0
2014-05-23,81,3.0
2014-05-24,39,3.0
2014-05-25,75,3.0
2014-05-26,69,3.0
2014-05-27,65,3.0
2014-05-28,59,3.0
2014-05-29,89,3.0
2014-05-30,100,3.0
2014-05-31,81,3.0
2014-06-01,64,3.0
2014-06-02,65,3.0
2014-06-03,78,3.0
2014-06-04,67,3.0
2014-06-05,81,3.0
2014-06-06,67,3.0
2014-06-07,51,3.0
2014-06-08,76,3.0
2014-06-09,46,3.0
2014-06-10,57,3.0
2014-06-11,78,3.0
2014-06-12,80,3.0
2014-06-13,100,3.0
2014-06-14,81,3.0
2014-06-15,65,3.0
2014-06-16,69,3.0
2014-06-17,87,3.0
2014-06-18,80,3.0
2014-06-19,88,3.0
2014-06-20,58,3.0
2014-06-21,51,3.0
2014-06-22,57,3.0
2014-06-23,69,3.0
2014-06-24,58,3.0
2014-06-25,46,3.0
2014-06-26,47,3.0
2014-06-27,63,3.0
2014-06-28,46,3.0
2014-06-29,58,3.0
2014-06-30,61,3.0
2014-07-01,85,3.0
2014-07-02,87,3.0
2014-07-03,82,3.0
2014-07-04,62,3.0
2014-07-05,50,3.0
2014-07-06,52,3.0
2014-07-07,63,3.0
2014-07-08,72,3.0
2014-07-09,72,3.0
2014-07-10,95,3.0
2014-07-11,77,3.0
2014-07-12,66,3.0
2014-07-13,62,3.0
2014-07-14,78,3.0
2014-07-15,61,3.0
2014-07-16,78,3.0
2014-07-17,78,3.0
2014-07-18,100,3.0
2014-07-19,83,3.0
2014-07-20,85,3.0
2014-07-21,88,3.0
2014-07-22,79,3.0
2014-07-23,69,3.0
2014-07-24,63,3.0
2014-07-25,69,3.0
2014-07-26,58,3.0
2014-07-27,59,3.0
2014-07-28,81,3.0
2014-07-29,70,3.0
2014-07-30,86,3.0
2014-07-31,62,3.0
2014-08-01,66,3.0
2014-08-02,63,3.0
2014-08-03,68,3.0
2014-08-04,68,3.0
2014-08-05,77,3.0
2014-08-06,82,3.0
2014-08-07,69,3.0
2014-08-08,71,3.0
2014-08-09,47,3.0
2014-08-10,52,3.0
2014-08-11,70,3.0
2014-08-12,88,3.0
2014-08-13,79,3.0
2014-08-14,100,3.0
2014-08-15,65,3.0
2014-08-16,69,3.0
2014-08-17,86,3.0
2014-08-18,75,3.0
2014-08-19,93,3.0
2014-08-20,78,3.0
2014-08-21,79,3.0
2014-08-22,89,3.0
2014-08-23,74,3.0
2014-08-24,64,3.0
2014-08-25,77,3.0
2014-08-26,70,3.0
2014-08-27,62,3.0
2014-08-28,61,3.0
2014-08-29,72,3.0
2014-08-30,49,3.0
2014-08-31,73,3.0
2014-09-01,91,2.0
2014-09-02,66,2.0
2014-09-03,57,2.0
2014-09-04,72,2.0
2014-09-05,75,2.0
2014-09-06,87,2.0
2014-09-07,71,2.0
2014-09-08,58,2.0
2014-09-09,79,2.0
2014-09-10,71,2.0
2014-09-11,90,2.0
2014-09-12,86,2.0
2014-09-13,61,2.0
2014-09-14,74,2.0
2014-09-15,75,2.0
2014-09-16,70,2.0
2014-09-17,79,2.0
2014-09-18,86,2.0
2014-09-19,96,2.0
2014-09-20,92,2.0
2014-09-21,41,2.0
2014-09-22,73,2.0
2014-09-23,90,2.0
2014-09-24,98,2.0
2014-09-25,78,2.0
2014-09-26,56,2.0
2014-09-27,62,2.0
2014-09-28,100,2.0
2014-09-29,73,2.0
2014-09-30,92,2.0
2014-10-01,50,3.0
2014-10-02,64,3.0
2014-10-03,49,3.0
2014-10-04,61,3.0
2014-10-05,67,3.0
2014-10-06,100,3.0
2014-10-07,75,3.0
2014-10-08,55,3.0
2014-10-09,75,3.0
2014-10-10,54,3.0
2014-10-11,57,3.0
2014-10-12,43,3.0
2014-10-13,49,3.0
2014-10-14,72,3.0
2014-10-15,76,3.0
2014-10-16,53,3.0
2014-10-17,65,3.0
2014-10-18,29,3.0
2014-10-19,32,3.0
2014-10-20,43,3.0
2014-10-21,58,3.0
2014-10-22,48,3.0
2014-10-23,57,3.0
2014-10-24,38,3.0
2014-10-25,63,3.0
2014-10-26,41,3.0
2014-10-27,51,3.0
2014-10-28,58,3.0
2014-10-29,60,3.0
2014-10-30,45,3.0
2014-10-31,44,3.0
2014-11-01,85,3.0
2014-11-02,62,3.0
2014-11-03,80,3.0
2014-11-04,73,3.0
2014-11-05,73,3.0
2014-11-06,81,3.0
2014-11-07,79,3.0
2014-11-08,66,3.0
2014-11-09,73,3.0
2014-11-10,65,3.0
2014-11-11,82,3.0
2014-11-12,86,3.0
2014-11-13,96,3.0
2014-11-14,88,3.0
2014-11-15,93,3.0
2014-11-16,85,3.0
2014-11-17,72,3.0
2014-11-18,100,3.0
2014-11-19,90,3.0
2014-11-20,75,3.0
2014-11-21,68,3.0
2014-11-22,74,3.0
2014-11-23,59,3.0
2014-11-24,74,3.0
2014-11-25,64,3.0
2014-11-26,64,3.0
2014-11-27,65,3.0
2014-11-28,74,3.0
2014-11-29,69,3.0
2014-11-30,68,3.0
2014-12-01,21,3.0
2014-12-02,25,3.0
2014-12-03,19,3.0
2014-12-04,19,3.0
2014-12-05,17,3.0
2014-12-06,20,3.0
2014-12-07,26,3.0
2014-12-08,25,3.0
2014-12-09,25,3.0
2014-12-10,21,3.0
2014-12-11,25,3.0
2014-12-12,22,3.0
2014-12-13,20,3.0
2014-12-14,16,3.0
2014-12-15,18,3.0
2014-12-16,22,3.0
2014-12-17,21,3.0
2014-12-18,25,3.0
2014-12-19,18,3.0
2014-12-20,19,3.0
2014-12-21,18,3.0
2014-12-22,20,3.0
2014-12-23,22,3.0
2014-12-24,20,3.0
2014-12-25,25,3.0
2014-12-26,30,3.0
2014-12-27,100,3.0
2014-12-28,19,3.0
2014-12-29,20,3.0
2014-12-30,25,3.0
2014-12-31,23,3.0
2015-01-01,32,3.0
2015-01-02,30,3.0
2015-01-03,57,3.0
2015-01-04,58,3.0
2015-01-05,54,3.0
2015-01-06,81,3.0
2015-01-07,42,3.0
2015-01-08,51,3.0
2015-01-09,49,3.0
2015-01-10,66,3.0
2015-01-11,40,3.0
2015-01-12,42,3.0
2015-01-13,56,3.0
2015-01-14,100,3.0
2015-01-15,75,3.0
2015-01-16,80,3.0
2015-01-17,46,3.0
2015-01-18,44,3.0
2015-01-19,39,3.0
2015-01-20,35,3.0
2015-01-21,46,3.0
2015-01-22,43,3.0
2015-01-23,54,3.0
2015-01-24,45,3.0
2015-01-25,50,3.0
2015-01-26,75,3.0
2015-01-27,51,3.0
2015-01-28,52,3.0
2015-01-29,42,3.0
2015-01-30,49,3.0
2015-01-31,21,3.0
2015-02-01,30,3.0
2015-02-02,27,3.0
2015-02-03,42,3.0
2015-02-04,37,3.0
2015-02-05,59,3.0
2015-02-06,41,3.0
2015-02-07,44,3.0
2015-02-08,34,3.0
2015-02-09,44,3.0
2015-02-10,44,3.0
2015-02-11,35,3.0
2015-02-12,38,3.0
2015-02-13,38,3.0
2015-02-14,34,3.0
2015-02-15,50,3.0
2015-02-16,40,3.0
2015-02-17,36,3.0
2015-02-18,46,3.0
2015-02-19,51,3.0
2015-02-20,100,3.0
2015-02-21,38,3.0
2015-02-22,39,3.0
2015-02-23,44,3.0
2015-02-24,42,3.0
2015-02-25,38,3.0
2015-02-26,39,3.0
2015-02-27,43,3.0
2015-02-28,30,3.0
2015-03-01,58,2.0
2015-03-02,65,2.0
2015-03-03,77,2.0
2015-03-04,58,2.0
2015-03-05,61,2.0
2015-03-06,70,2.0
2015-03-07,70,2.0
2015-03-08,77,2.0
2015-03-09,61,2.0
2015-03-10,79,2.0
2015-03-11,61,2.0
2015-03-12,71,2.0
2015-03-13,54,2.0
2015-03-14,71,2.0
2015-03-15,66,2.0
2015-03-16,75,2.0
2015-03-17,66,2.0
2015-03-18,71,2.0
2015-03-19,59,2.0
2015-03-20,45,2.0
2015-03-21,61,2.0
2015-03-22,64,2.0
2015-03-23,67,2.0
2015-03-24,54,2.0
2015-03-25,47,2.0
2015-03-26,52,2.0
2015-03-27,59,2.0
2015-03-28,47,2.0
2015-03-29,56,2.0
2015-03-30,100,2.0
2015-03-31,75,2.0
2015-04-01,77,2.0
2015-04-02,70,2.0
2015-04-03,78,2.0
2015-04-04,63,2.0
2015-04-05,97,2.0
2015-04-06,70,2.0
2015-04-07,72,2.0
2015-04-08,67,2.0
2015-04-09,100,2.0
2015-04-10,71,2.0
2015-04-11,64,2.0
2015-04-12,68,2.0
2015-04-13,83,2.0
2015-04-14,57,2.0
2015-04-15,67,2.0
2015-04-16,81,2.0
2015-04-17,75,2.0
2015-04-18,38,2.0
2015-04-19,54,2.0
2015-04-20,63,2.0
2015-04-21,59,2.0
2015-04-22,70,2.0
2015-04-23,64,2.0
2015-04-24,72,2.0
2015-04-25,48,2.0
2015-04-26,62,2.0
2015-04-27,75,2.0
2015-04-28,52,2.0
2015-04-29,62,2.0
2015-04-30,89,2.0
2015-05-01,80,2.0
2015-05-02,64,2.0
2015-05-03,79,2.0
2015-05-04,57,2.0
2015-05-05,64,2.0
2015-05-06,75,2.0
2015-05-07,69,2.0
2015-05-08,65,2.0
2015-05-09,59,2.0
2015-05-10,64,2.0
2015-05-11,78,2.0
2015-05-12,65,2.0
2015-05-13,51,2.0
2015-05-14,94,2.0
2015-05-15,89,2.0
2015-05-16,48,2.0
2015-05-17,90,2.0
2015-05-18,53,2.0
2015-05-19,75,2.0
2015-05-20,100,2.0
2015-05-21,77,2.0
2015-05-22,63,2.0
2015-05-23,56,2.0
2015-05-24,84,2.0
2015-05-25,63,2.0
2015-05-26,56,2.0
2015-05-27,79,2.0
2015-05-28,71,2.0
2015-05-29,88,2.0
2015-05-30,94,2.0
2015-05-31,72,2.0
2015-06-01,25,2.0
2015-06-02,22,2.0
2015-06-03,24,2.0
2015-06-04,22,2.0
2015-06-05,27,2.0
2015-06-06,24,2.0
2015-06-07,30,2.0
2015-06-08,21,2.0
2015-06-09,27,2.0
2015-06-10,20,2.0
2015-06-11,17,2.0
2015-06-12,27,2.0
2015-06-13,23,2.0
2015-06-14,24,2.0
2015-06-15,21,2.0
2015-06-16,36,2.0
2015-06-17,27,2.0
2015-06-18,100,2.0
2015-06-19,40,2.0
2015-06-20,28,2.0
2015-06-21,28,2.0
2015-06-22,29,2.0
2015-06-23,27,2.0
2015-06-24,23,2.0
2015-06-25,41,2.0
2015-06-26,24,2.0
2015-06-27,31,2.0
2015-06-28,25,2.0
2015-06-29,32,2.0
2015-06-30,42,2.0
2015-07-01,83,3.0
2015-07-02,58,3.0
2015-07-03,46,3.0
2015-07-04,73,3.0
2015-07-05,100,3.0
2015-07-06,79,3.0
2015-07-07,53,3.0
2015-07-08,65,3.0
2015-07-09,83,3.0
2015-07-10,84,3.0
2015-07-11,66,3.0
2015-07-12,92,3.0
2015-07-13,69,3.0
2015-07-14,65,3.0
2015-07-15,75,3.0
2015-07-16,67,3.0
2015-07-17,56,3.0
2015-07-18,75,3.0
2015-07-19,66,3.0
2015-07-20,59,3.0
2015-07-21,42,3.0
2015-07-22,81,3.0
2015-07-23,53,3.0
2015-07-24,68,3.0
2015-07-25,66,3.0
2015-07-26,69,3.0
2015-07-27,66,3.0
2015-07-28,55,3.0
2015-07-29,52,3.0
2015-07-30,61,3.0
2015-07-31,66,3.0
2015-08-01,100,2.0
2015-08-02,64,2.0
2015-08-03,48,2.0
2015-08-04,48,2.0
2015-08-05,62,2.0
2015-08-06,53,2.0
2015-08-07,46,2.0
2015-08-08,51,2.0
2015-08-09,49,2.0
2015-08-10,54,2.0
2015-08-11,58,2.0
2015-08-12,52,2.0
2015-08-13,36,2.0
2015-08-14,35,2.0
2015-08-15,46,2.0
2015-08-16,56,2.0
2015-08-17,52,2.0
2015-08-18,65,2.0
2015-08-19,77,2.0
2015-08-20,54,2.0
2015-08-21,64,2.0
2015-08-22,39,2.0
2015-08-23,52,2.0
2015-08-24,88,2.0
2015-08-25,72,2.0
2015-08-26,50,2.0
2015-08-27,61,2.0
2015-08-28,71,2.0
2015-08-29,73,2.0
2015-08-30,34,2.0
2015-08-31,50,2.0
2015-09-01,85,2.0
2015-09-02,78,2.0
2015-09-03,73,2.0
2015-09-04,82,2.0
2015-09-05,78,2.0
2015-09-06,60,2.0
2015-09-07,90,2.0
2015-09-08,69,2.0
2015-09-09,95,2.0
2015-09-10,76,2.0
2015-09-11,77,2.0
2015-09-12,72,2.0
2015-09-13,79,2.0
2015-09-14,77,2.0
2015-09-15,84,2.0
2015-09-16,69,2.0
2015-09-17,88,2.0
2015-09-18,92,2.0
2015-09-19,94,2.0
2015-09-20,59,2.0
2015-09-21,83,2.0
2015-09-22,98,2.0
2015-09-23,100,2.0
2015-09-24,70,2.0
2015-09-25,53,2.0
2015-09-26,84,2.0
2015-09-27,54,2.0
2015-09-28,80,2.0
2015-09-29,81,2.0
2015-09-30,65,2.0
2015-10-01,49,2.0
2015-10-02,86,2.0
2015-10-03,67,2.0
2015-10-04,80,2.0
2015-10-05,82,2.0
2015-10-06,83,2.0
2015-10-07,90,2.0
2015-10-08,77,2.0
2015-10-09,79,2.0
2015-10-10,75,2.0
2015-10-11,68,2.0
2015-10-12,62,2.0
2015-10-13,61,2.0
2015-10-14,71,2.0
2015-10-15,59,2.0
2015-10-16,73,2.0
2015-10-17,96,2.0
2015-10-18,68,2.0
2015-10-19,77,2.0
2015-10-20,67,2.0
2015-10-21,83,2.0
2015-10-22,78,2.0
2015-10-23,75,2.0
2015-10-24,81,2.0
2015-10-25,82,2.0
2015-10-26,100,2.0
2015-10-27,93,2.0
2015-10-28,77,2.0
2015-10-29,99,2.0
2015-10-30,100,2.0
2015-10-31,96,2.0
2015-11-01,32,3.0
2015-11-02,39,3.0
2015-11-03,64,3.0
2015-11-04,100,3.0
2015-11-05,78,3.0
2015-11-06,53,3.0
2015-11-07,43,3.0
2015-11-08,42,3.0
2015-11-09,40,3.0
2015-11-10,41,3.0
2015-11-11,44,3.0
2015-11-12,30,3.0
2015-11-13,26,3.0
2015-11-14,22,3.0
2015-11-15,31,3.0
2015-11-16,26,3.0
2015-11-17,24,3.0
2015-11-18,33,3.0
2015-11-19,29,3.0
2015-11-20,39,3.0
2015-11-21,28,3.0
2015-11-22,30,3.0
2015-11-23,36,3.0
2015-11-24,30,3.0
2015-11-25,24,3.0
2015-11-26,34,3.0
2015-11-27,38,3.0
2015-11-28,29,3.0
2015-11-29,35,3.0
2015-11-30,36,3.0
2015-12-01,44,3.0
2015-12-02,45,3.0
2015-12-03,34,3.0
2015-12-04,31,3.0
2015-12-05,37,3.0
2015-12-06,51,3.0
2015-12-07,34,3.0
2015-12-08,55,3.0
2015-12-09,100,3.0
2015-12-10,70,3.0
2015-12-11,72,3.0
2015-12-12,60,3.0
2015-12-13,51,3.0
2015-12-14,59,3.0
2015-12-15,61,3.0
2015-12-16,52,3.0
2015-12-17,53,3.0
2015-12-18,50,3.0
2015-12-19,35,3.0
2015-12-20,43,3.0
2015-12-21,35,3.0
2015-12-22,42,3.0
2015-12-23,49,3.0
2015-12-24,51,3.0
2015-12-25,53,3.0
2015-12-26,34,3.0
2015-12-27,42,3.0
2015-12-28,53,3.0
2015-12-29,46,3.0
2015-12-30,34,3.0
2015-12-31,32,3.0
2016-01-01,72,3.0
2016-01-02,48,3.0
2016-01-03,55,3.0
2016-01-04,67,3.0
2016-01-05,63,3.0
2016-01-06,84,3.0
2016-01-07,83,3.0
2016-01-08,86,3.0
2016-01-09,72,3.0
2016-01-10,64,3.0
2016-01-11,70,3.0
2016-01-12,66,3.0
2016-01-13,81,3.0
2016-01-14,60,3.0
2016-01-15,100,3.0
2016-01-16,85,3.0
2016-01-17,87,3.0
2016-01-18,66,3.0
2016-01-19,69,3.0
2016-01-20,77,3.0
2016-01-21,74,3.0
2016-01-22,74,3.0
2016-01-23,66,3.0
2016-01-24,57,3.0
2016-01-25,82,3.0
2016-01-26,65,3.0
2016-01-27,69,3.0
2016-01-28,68,3.0
2016-01-29,73,3.0
2016-01-30,72,3.0
2016-01-31,71,3.0
2016-02-01,45,2.0
2016-02-02,49,2.0
2016-02-03,38,2.0
2016-02-04,61,2.0
2016-02-05,49,2.0
2016-02-06,55,2.0
2016-02-07,42,2.0
2016-02-08,53,2.0
2016-02-09,47,2.0
2016-02-10,44,2.0
2016-02-11,36,2.0
2016-02-12,62,2.0
2016-02-13,49,2.0
2016-02-14,77,2.0
2016-02-15,69,2.0
2016-02-16,62,2.0
2016-02-17,69,2.0
2016-02-18,100,2.0
2016-02-19,81,2.0
2016-02-20,69,2.0
2016-02-21,55,2.0
2016-02-22,62,2.0
2016-02-23,53,2.0
2016-02-24,52,2.0
2016-02-25,56,2.0
2016-02-26,47,2.0
2016-02-27,62,2.0
2016-02-28,34,2.0
2016-02-29,48,2.0
2016-03-01,73,2.0
2016-03-02,89,2.0
2016-03-03,84,2.0
2016-03-04,91,2.0
2016-03-05,100,2.0
2016-03-06,93,2.0
2016-03-07,69,2.0
2016-03-08,57,2.0
2016-03-09,82,2.0
2016-03-10,88,2.0
2016-03-11,78,2.0
2016-03-12,69,2.0
2016-03-13,70,2.0
2016-03-14,72,2.0
2016-03-15,80,2.0
2016-03-16,72,2.0
2016-03-17,73,2.0
2016-03-18,66,2.0
2016-03-19,63,2.0
2016-03-20,64,2.0
2016-03-21,64,2.0
2016-03-22,83,2.0
2016-03-23,69,2.0
2016-03-24,84,2.0
2016-03-25,70,2.0
2016-03-26,71,2.0
2016-03-27,54,2.0
2016-03-28,96,2.0
2016-03-29,72,2.0
2016-03-30,68,2.0
2016-03-31,72,2.0
2016-04-01,71,2.0
2016-04-02,67,2.0
2016-04-03,47,2.0
2016-04-04,62,2.0
2016-04-05,69,2.0
2016-04-06,69,2.0
2016-04-07,52,2.0
2016-04-08,59,2.0
2016-04-09,60,2.0
2016-04-10,80,2.0
2016-04-11,85,2.0
2016-04-12,66,2.0
2016-04-13,50,2.0
2016-04-14,70,2.0
2016-04-15,58,2.0
2016-04-16,55,2.0
2016-04-17,76,2.0
2016-04-18,59,2.0
2016-04-19,84,2.0
2016-04-20,79,2.0
2016-04-21,83,2.0
2016-04-22,62,2.0
2016-04-23,73,2.0
2016-04-24,75,2.0
2016-04-25,95,2.0
2016-04-26,83,2.0
2016-04-27,69,2.0
2016-04-28,100,2.0
2016-04-29,69,2.0
2016-04-30,75,2.0
2016-05-01,28,3.0
2016-05-02,100,3.0
2016-05-03,55,3.0
2016-05-04,43,3.0
2016-05-05,44,3.0
2016-05-06,32,3.0
2016-05-07,45,3.0
2016-05-08,41,3.0
2016-05-09,39,3.0
2016-05-10,49,3.0
2016-05-11,36,3.0
2016-05-12,37,3.0
2016-05-13,37,3.0
2016-05-14,28,3.0
2016-05-15,31,3.0
2016-05-16,27,3.0
2016-05-17,35,3.0
2016-05-18,38,3.0
2016-05-19,40,3.0
2016-05-20,38,3.0
2016-05-21,33,3.0
2016-05-22,28,3.0
2016-05-23,36,3.0
2016-05-24,36,3.0
2016-05-25,33,3.0
2016-05-26,42,3.0
2016-05-27,37,3.0
2016-05-28,48,3.0
2016-05-29,49,3.0
2016-05-30,45,3.0
2016-05-31,46,3.0
2016-06-01,41,4.0
2016-06-02,30,4.0
2016-06-03,40,4.0
2016-06-04,42,4.0
2016-06-05,42,4.0
2016-06-06,39,4.0
2016-06-07,43,4.0
2016-06-08,33,4.0
2016-06-09,35,4.0
2016-06-10,45,4.0
2016-06-11,32,4.0
2016-06-12,75,4.0
2016-06-13,71,4.0
2016-06-14,52,4.0
2016-06-15,51,4.0
2016-06-16,77,4.0
2016-06-17,75,4.0
2016-06-18,47,4.0
2016-06-19,57,4.0
2016-06-20,47,4.0
2016-06-21,59,4.0
2016-06-22,49,4.0
2016-06-23,55,4.0
2016-06-24,100,4.0
2016-06-25,65,4.0
2016-06-26,48,4.0
2016-06-27,55,4.0
2016-06-28,58,4.0
2016-06-29,43,4.0
2016-06-30,44,4.0
2016-07-01,96,3.0
2016-07-02,77,3.0
2016-07-03,90,3.0
2016-07-04,61,3.0
2016-07-05,84,3.0
2016-07-06,73,3.0
2016-07-07,81,3.0
2016-07-08,80,3.0
2016-07-09,91,3.0
2016-07-10,100,3.0
2016-07-11,74,3.0
2016-07-12,89,3.0
2016-07-13,81,3.0
2016-07-14,63,3.0
2016-07-15,54,3.0
2016-07-16,76,3.0
2016-07-17,66,3.0
2016-07-18,74,3.0
2016-07-19,78,3.0
2016-07-20,65,3.0
2016-07-21,72,3.0
2016-07-22,62,3.0
2016-07-23,58,3.0
2016-07-24,53,3.0
2016-07-25,60,3.0
2016-07-26,72,3.0
2016-07-27,60,3.0
2016-07-28,41,3.0
2016-07-29,49,3.0
2016-07-30,51,3.0
2016-07-31,67,3.0
2016-08-01,40,3.0
2016-08-02,60,3.0
2016-08-03,100,3.0
2016-08-04,58,3.0
2016-08-05,54,3.0
2016-08-06,28,3.0
2016-08-07,46,3.0
2016-08-08,47,3.0
2016-08-09,43,3.0
2016-08-10,34,3.0
2016-08-11,38,3.0
2016-08-12,35,3.0
2016-08-13,32,3.0
2016-08-14,33,3.0
2016-08-15,42,3.0
2016-08-16,40,3.0
2016-08-17,34,3.0
2016-08-18,37,3.0
2016-08-19,31,3.0
2016-08-20,38,3.0
2016-08-21,20,3.0
2016-08-22,42,3.0
2016-08-23,39,3.0
2016-08-24,38,3.0
2016-08-25,39,3.0
2016-08-26,44,3.0
2016-08-27,37,3.0
2016-08-28,38,3.0
2016-08-29,37,3.0
2016-08-30,35,3.0
2016-08-31,42,3.0
2016-09-01,57,2.0
2016-09-02,54,2.0
2016-09-03,66,2.0
2016-09-04,54,2.0
2016-09-05,70,2.0
2016-09-06,53,2.0
2016-09-07,57,2.0
2016-09-08,100,2.0
2016-09-09,69,2.0
2016-09-10,76,2.0
2016-09-11,57,2.0
2016-09-12,76,2.0
2016-09-13,60,2.0
2016-09-14,61,2.0
2016-09-15,65,2.0
2016-09-16,51,2.0
2016-09-17,67,2.0
2016-09-18,72,2.0
2016-09-19,57,2.0
2016-09-20,65,2.0
2016-09-21,71,2.0
2016-09-22,58,2.0
2016-09-23,55,2.0
2016-09-24,67,2.0
2016-09-25,59,2.0
2016-09-26,52,2.0
2016-09-27,54,2.0
2016-09-28,54,2.0
2016-09-29,56,2.0
2016-09-30,69,2.0
2016-10-01,63,2.0
2016-10-02,69,2.0
2016-10-03,61,2.0
2016-10-04,69,2.0
2016-10-05,70,2.0
2016-10-06,56,2.0
2016-10-07,84,2.0
2016-10-08,52,2.0
2016-10-09,76,2.0
2016-10-10,81,2.0
2016-10-11,90,2.0
2016-10-12,82,2.0
2016-10-13,86,2.0
2016-10-14,65,2.0
2016-10-15,76,2.0
2016-10-16,76,2.0
2016-10-17,84,2.0
2016-10-18,91,2.0
2016-10-19,82,2.0
2016-10-20,66,2.0
2016-10-21,62,2.0
2016-10-22,88,2.0
2016-10-23,84,2.0
2016-10-24,72,2.0
2016-10-25,66,2.0
2016-10-26,84,2.0
2016-10-27,95,2.0
2016-10-28,93,2.0
2016-10-29,100,2.0
2016-10-30,78,2.0
2016-10-31,93,2.0
2016-11-01,73,3.0
2016-11-02,71,3.0
2016-11-03,70,3.0
2016-11-04,58,3.0
2016-11-05,62,3.0
2016-11-06,66,3.0
2016-11-07,61,3.0
2016-11-08,57,3.0
2016-11-09,100,3.0
2016-11-10,69,3.0
2016-11-11,50,3.0
2016-11-12,58,3.0
2016-11-13,56,3.0
2016-11-14,62,3.0
2016-11-15,62,3.0
2016-11-16,70,3.0
2016-11-17,80,3.0
2016-11-18,71,3.0
2016-11-19,59,3.0
2016-11-20,58,3.0
2016-11-21,65,3.0
2016-11-22,63,3.0
2016-11-23,60,3.0
2016-11-24,55,3.0
2016-11-25,68,3.0
2016-11-26,39,3.0
2016-11-27,57,3.0
2016-11-28,57,3.0
2016-11-29,69,3.0
2016-11-30,80,3.0
2016-12-01,49,3.0
2016-12-02,42,3.0
2016-12-03,41,3.0
2016-12-04,48,3.0
2016-12-05,47,3.0
2016-12-06,53,3.0
2016-12-07,55,3.0
2016-12-08,44,3.0
2016-12-09,48,3.0
2016-12-10,36,3.0
2016-12-11,37,3.0
2016-12-12,44,3.0
2016-12-13,42,3.0
2016-12-14,38,3.0
2016-12-15,47,3.0
2016-12-16,49,3.0
2016-12-17,45,3.0
2016-12-18,42,3.0
2016-12-19,44,3.0
2016-12-20,51,3.0
2016-12-21,62,3.0
2016-12-22,68,3.0
2016-12-23,100,3.0
2016-12-24,56,3.0
2016-12-25,73,3.0
2016-12-26,62,3.0
2016-12-27,71,3.0
2016-12-28,66,3.0
2016-12-29,87,3.0
2016-12-30,71,3.0
2016-12-31,60,3.0
2017-01-01,40,5.0
2017-01-02,75,5.0
2017-01-03,74,5.0
2017-01-04,87,5.0
2017-01-05,100,5.0
2017-01-06,75,5.0
2017-01-07,76,5.0
2017-01-08,44,5.0
2017-01-09,46,5.0
2017-01-10,39,5.0
2017-01-11,61,5.0
2017-01-12,71,5.0
2017-01-13,49,5.0
2017-01-14,46,5.0
2017-01-15,37,5.0
2017-01-16,38,5.0
2017-01-17,52,5.0
2017-01-18,40,5.0
2017-01-19,40,5.0
2017-01-20,40,5.0
2017-01-21,34,5.0
2017-01-22,37,5.0
2017-01-23,33,5.0
2017-01-24,44,5.0
2017-01-25,39,5.0
2017-01-26,36,5.0
2017-01-27,30,5.0
2017-01-28,33,5.0
2017-01-29,34,5.0
2017-01-30,34,5.0
2017-01-31,35,5.0
2017-02-01,71,4.0
2017-02-02,60,4.0
2017-02-03,67,4.0
2017-02-04,67,4.0
2017-02-05,56,4.0
2017-02-06,48,4.0
2017-02-07,62,4.0
2017-02-08,69,4.0
2017-02-09,80,4.0
2017-02-10,73,4.0
2017-02-11,59,4.0
2017-02-12,54,4.0
2017-02-13,59,4.0
2017-02-14,68,4.0
2017-02-15,48,4.0
2017-02-16,53,4.0
2017-02-17,61,4.0
2017-02-18,64,4.0
2017-02-19,57,4.0
2017-02-20,57,4.0
2017-02-21,69,4.0
2017-02-22,69,4.0
2017-02-23,88,4.0
2017-02-24,100,4.0
2017-02-25,68,4.0
2017-02-26,66,4.0
2017-02-27,64,4.0
2017-02-28,81,4.0
2017-03-01,58,5.0
2017-03-02,71,5.0
2017-03-03,79,5.0
2017-03-04,62,5.0
2017-03-05,61,5.0
2017-03-06,62,5.0
2017-03-07,62,5.0
2017-03-08,73,5.0
2017-03-09,64,5.0
2017-03-10,100,5.0
2017-03-11,85,5.0
2017-03-12,51,5.0
2017-03-13,56,5.0
2017-03-14,56,5.0
2017-03-15,62,5.0
2017-03-16,64,5.0
2017-03-17,61,5.0
2017-03-18,78,5.0
2017-03-19,60,5.0
2017-03-20,59,5.0
2017-03-21,55,5.0
2017-03-22,54,5.0
2017-03-23,48,5.0
2017-03-24,55,5.0
2017-03-25,58,5.0
2017-03-26,38,5.0
2017-03-27,56,5.0
2017-03-28,51,5.0
2017-03-29,49,5.0
2017-03-30,47,5.0
2017-03-31,43,5.0
2017-04-01,61,4.0
2017-04-02,63,4.0
2017-04-03,79,4.0
2017-04-04,86,4.0
2017-04-05,83,4.0
2017-04-06,74,4.0
2017-04-07,86,4.0
2017-04-08,71,4.0
2017-04-09,72,4.0
2017-04-10,72,4.0
2017-04-11,82,4.0
2017-04-12,88,4.0
2017-04-13,77,4.0
2017-04-14,84,4.0
2017-04-15,71,4.0
2017-04-16,75,4.0
2017-04-17,78,4.0
2017-04-18,97,4.0
2017-04-19,74,4.0
2017-04-20,68,4.0
2017-04-21,82,4.0
2017-04-22,76,4.0
2017-04-23,89,4.0
2017-04-24,83,4.0
2017-04-25,78,4.0
2017-04-26,91,4.0
2017-04-27,99,4.0
2017-04-28,100,4.0
2017-04-29,92,4.0
2017-04-30,92,4.0
2017-05-01,20,12.0
2017-05-02,20,12.0
2017-05-03,23,12.0
2017-05-04,26,12.0
2017-05-05,23,12.0
2017-05-06,21,12.0
2017-05-07,17,12.0
2017-05-08,24,12.0
2017-05-09,30,12.0
2017-05-10,29,12.0
2017-05-11,31,12.0
2017-05-12,32,12.0
2017-05-13,31,12.0
2017-05-14,29,12.0
2017-05-15,31,12.0
2017-05-16,34,12.0
2017-05-17,28,12.0
2017-05-18,24,12.0
2017-05-19,32,12.0
2017-05-20,34,12.0
2017-05-21,34,12.0
2017-05-22,64,12.0
2017-05-23,66,12.0
2017-05-24,73,12.0
2017-05-25,100,12.0
2017-05-26,71,12.0
2017-05-27,54,12.0
2017-05-28,39,12.0
2017-05-29,42,12.0
2017-05-30,41,12.0
2017-05-31,44,12.0
2017-06-01,65,12.0
2017-06-02,62,12.0
2017-06-03,58,12.0
2017-06-04,46,12.0
2017-06-05,64,12.0
2017-06-06,93,12.0
2017-06-07,87,12.0
2017-06-08,68,12.0
2017-06-09,60,12.0
2017-06-10,55,12.0
2017-06-11,60,12.0
2017-06-12,92,12.0
2017-06-13,75,12.0
2017-06-14,76,12.0
2017-06-15,100,12.0
2017-06-16,66,12.0
2017-06-17,66,12.0
2017-06-18,52,12.0
2017-06-19,55,12.0
2017-06-20,62,12.0
2017-06-21,68,12.0
2017-06-22,61,12.0
2017-06-23,54,12.0
2017-06-24,46,12.0
2017-06-25,48,12.0
2017-06-26,70,12.0
2017-06-27,67,12.0
2017-06-28,63,12.0
2017-06-29,57,12.0
2017-06-30,52,12.0
2017-07-01,47,10.0
2017-07-02,57,10.0
2017-07-03,51,10.0
2017-07-04,54,10.0
2017-07-05,61,10.0
2017-07-06,57,10.0
2017-07-07,61,10.0
2017-07-08,50,10.0
2017-07-09,50,10.0
2017-07-10,64,10.0
2017-07-11,77,10.0
2017-07-12,74,10.0
2017-07-13,75,10.0
2017-07-14,66,10.0
2017-07-15,76,10.0
2017-07-16,94,10.0
2017-07-17,79,10.0
2017-07-18,92,10.0
2017-07-19,80,10.0
2017-07-20,100,10.0
2017-07-21,90,10.0
2017-07-22,77,10.0
2017-07-23,67,10.0
2017-07-24,77,10.0
2017-07-25,87,10.0
2017-07-26,83,10.0
2017-07-27,76,10.0
2017-07-28,91,10.0
2017-07-29,61,10.0
2017-07-30,71,10.0
2017-07-31,95,10.0
2017-08-01,100,17.0
2017-08-02,81,17.0
2017-08-03,56,17.0
2017-08-04,49,17.0
2017-08-05,65,17.0
2017-08-06,49,17.0
2017-08-07,64,17.0
2017-08-08,61,17.0
2017-08-09,59,17.0
2017-08-10,58,17.0
2017-08-11,62,17.0
2017-08-12,74,17.0
2017-08-13,90,17.0
2017-08-14,100,17.0
2017-08-15,96,17.0
2017-08-16,79,17.0
2017-08-17,74,17.0
2017-08-18,72,17.0
2017-08-19,70,17.0
2017-08-20,57,17.0
2017-08-21,56,17.0
2017-08-22,70,17.0
2017-08-23,70,17.0
2017-08-24,66,17.0
2017-08-25,61,17.0
2017-08-26,53,17.0
2017-08-27,49,17.0
2017-08-28,48,17.0
2017-08-29,67,17.0
2017-08-30,62,17.0
2017-08-31,74,17.0
2017-09-01,70,15.0
2017-09-02,69,15.0
2017-09-03,52,15.0
2017-09-04,70,15.0
2017-09-05,72,15.0
2017-09-06,49,15.0
2017-09-07,52,15.0
2017-09-08,56,15.0
2017-09-09,40,15.0
2017-09-10,41,15.0
2017-09-11,49,15.0
2017-09-12,59,15.0
2017-09-13,81,15.0
2017-09-14,96,15.0
2017-09-15,100,15.0
2017-09-16,58,15.0
2017-09-17,52,15.0
2017-09-18,63,15.0
2017-09-19,53,15.0
2017-09-20,48,15.0
2017-09-21,55,15.0
2017-09-22,46,15.0
2017-09-23,40,15.0
2017-09-24,32,15.0
2017-09-25,46,15.0
2017-09-26,38,15.0
2017-09-27,49,15.0
2017-09-28,46,15.0
2017-09-29,41,15.0
2017-09-30,35,15.0
2017-10-01,38,16.0
2017-10-02,40,16.0
2017-10-03,43,16.0
2017-10-04,39,16.0
2017-10-05,38,16.0
2017-10-06,35,16.0
2017-10-07,28,16.0
2017-10-08,34,16.0
2017-10-09,46,16.0
2017-10-10,47,16.0
2017-10-11,44,16.0
2017-10-12,86,16.0
2017-10-13,100,16.0
2017-10-14,67,16.0
2017-10-15,61,16.0
2017-10-16,56,16.0
2017-10-17,60,16.0
2017-10-18,60,16.0
2017-10-19,61,16.0
2017-10-20,77,16.0
2017-10-21,77,16.0
2017-10-22,58,16.0
2017-10-23,67,16.0
2017-10-24,75,16.0
2017-10-25,70,16.0
2017-10-26,70,16.0
2017-10-27,58,16.0
2017-10-28,53,16.0
2017-10-29,51,16.0
2017-10-30,66,16.0
2017-10-31,80,16.0
2017-11-01,23,40.0
2017-11-02,32,40.0
2017-11-03,29,40.0
2017-11-04,20,40.0
2017-11-05,20,40.0
2017-11-06,22,40.0
2017-11-07,19,40.0
2017-11-08,24,40.0
2017-11-09,21,40.0
2017-11-10,28,40.0
2017-11-11,25,40.0
2017-11-12,32,40.0
2017-11-13,28,40.0
2017-11-14,21,40.0
2017-11-15,20,40.0
2017-11-16,25,40.0
2017-11-17,29,40.0
2017-11-18,22,40.0
2017-11-19,19,40.0
2017-11-20,25,40.0
2017-11-21,26,40.0
2017-11-22,24,40.0
2017-11-23,20,40.0
2017-11-24,21,40.0
2017-11-25,23,40.0
2017-11-26,38,40.0
2017-11-27,46,40.0
2017-11-28,57,40.0
2017-11-29,100,40.0
2017-11-30,77,40.0
2017-12-01,34,100.0
2017-12-02,25,100.0
2017-12-03,26,100.0
2017-12-04,29,100.0
2017-12-05,29,100.0
2017-12-06,44,100.0
2017-12-07,100,100.0
2017-12-08,80,100.0
2017-12-09,53,100.0
2017-12-10,49,100.0
2017-12-11,59,100.0
2017-12-12,57,100.0
2017-12-13,49,100.0
2017-12-14,41,100.0
2017-12-15,35,100.0
2017-12-16,37,100.0
2017-12-17,40,100.0
2017-12-18,42,100.0
2017-12-19,43,100.0
2017-12-20,66,100.0
2017-12-21,46,100.0
2017-12-22,95,100.0
2017-12-23,55,100.0
2017-12-24,39,100.0
2017-12-25,33,100.0
2017-12-26,34,100.0
2017-12-27,30,100.0
2017-12-28,32,100.0
2017-12-29,28,100.0
2017-12-30,27,100.0
2017-12-31,22,100.0
2018-01-01,39,49.0
2018-01-02,49,49.0
2018-01-03,49,49.0
2018-01-04,45,49.0
2018-01-05,45,49.0
2018-01-06,40,49.0
2018-01-07,39,49.0
2018-01-08,49,49.0
2018-01-09,42,49.0
2018-01-10,46,49.0
2018-01-11,53,49.0
2018-01-12,40,49.0
2018-01-13,34,49.0
2018-01-14,30,49.0
2018-01-15,31,49.0
2018-01-16,74,49.0
2018-01-17,100,49.0
2018-01-18,66,49.0
2018-01-19,46,49.0
2018-01-20,37,49.0
2018-01-21,33,49.0
2018-01-22,40,49.0
2018-01-23,39,49.0
2018-01-24,39,49.0
2018-01-25,36,49.0
2018-01-26,35,49.0
2018-01-27,32,49.0
2018-01-28,27,49.0
2018-01-29,29,49.0
2018-01-30,32,49.0
2018-01-31,35,49.0
2018-02-01,62,36.0
2018-02-02,80,36.0
2018-02-03,50,36.0
2018-02-04,43,36.0
2018-02-05,79,36.0
2018-02-06,100,36.0
2018-02-07,58,36.0
2018-02-08,53,36.0
2018-02-09,43,36.0
2018-02-10,36,36.0
2018-02-11,29,36.0
2018-02-12,35,36.0
2018-02-13,31,36.0
2018-02-14,32,36.0
2018-02-15,34,36.0
2018-02-16,30,36.0
2018-02-17,28,36.0
2018-02-18,31,36.0
2018-02-19,27,36.0
2018-02-20,31,36.0
2018-02-21,31,36.0
2018-02-22,29,36.0
2018-02-23,26,36.0
2018-02-24,23,36.0
2018-02-25,21,36.0
2018-02-26,24,36.0
2018-02-27,24,36.0
2018-02-28,22,36.0
2018-03-01,76,20.0
2018-03-02,71,20.0
2018-03-03,65,20.0
2018-03-04,65,20.0
2018-03-05,71,20.0
2018-03-06,71,20.0
2018-03-07,84,20.0
2018-03-08,86,20.0
2018-03-09,88,20.0
2018-03-10,64,20.0
2018-03-11,65,20.0
2018-03-12,83,20.0
2018-03-13,72,20.0
2018-03-14,86,20.0
2018-03-15,100,20.0
2018-03-16,78,20.0
2018-03-17,67,20.0
2018-03-18,82,20.0
2018-03-19,76,20.0
2018-03-20,74,20.0
2018-03-21,66,20.0
2018-03-22,71,20.0
2018-03-23,59,20.0
2018-03-24,50,20.0
2018-03-25,48,20.0
2018-03-26,64,20.0
2018-03-27,73,20.0
2018-03-28,68,20.0
2018-03-29,78,20.0
2018-03-30,91,20.0
2018-03-31,67,20.0
2018-04-01,84,17.0
2018-04-02,100,17.0
2018-04-03,92,17.0
2018-04-04,88,17.0
2018-04-05,89,17.0
2018-04-06,83,17.0
2018-04-07,73,17.0
2018-04-08,62,17.0
2018-04-09,72,17.0
2018-04-10,85,17.0
2018-04-11,70,17.0
2018-04-12,92,17.0
2018-04-13,92,17.0
2018-04-14,60,17.0
2018-04-15,76,17.0
2018-04-16,74,17.0
2018-04-17,70,17.0
2018-04-18,76,17.0
2018-04-19,75,17.0
2018-04-20,78,17.0
2018-04-21,62,17.0
2018-04-22,65,17.0
2018-04-23,74,17.0
2018-04-24,99,17.0
2018-04-25,85,17.0
2018-04-26,68,17.0
2018-04-27,63,17.0
2018-04-28,55,17.0
2018-04-29,51,17.0
2018-04-30,61,17.0
2018-05-01,84,13.0
2018-05-02,84,13.0
2018-05-03,90,13.0
2018-05-04,83,13.0
2018-05-05,91,13.0
2018-05-06,73,13.0
2018-05-07,96,13.0
2018-05-08,90,13.0
2018-05-09,81,13.0
2018-05-10,78,13.0
2018-05-11,100,13.0
2018-05-12,82,13.0
2018-05-13,71,13.0
2018-05-14,85,13.0
2018-05-15,85,13.0
2018-05-16,77,13.0
2018-05-17,68,13.0
2018-05-18,70,13.0
2018-05-19,53,13.0
2018-05-20,57,13.0
2018-05-21,64,13.0
2018-05-22,71,13.0
2018-05-23,88,13.0
2018-05-24,93,13.0
2018-05-25,76,13.0
2018-05-26,67,13.0
2018-05-27,78,13.0
2018-05-28,75,13.0
2018-05-29,76,13.0
2018-05-30,70,13.0
2018-05-31,68,13.0
2018-06-01,45,12.0
2018-06-02,54,12.0
2018-06-03,52,12.0
2018-06-04,51,12.0
2018-06-05,53,12.0
2018-06-06,53,12.0
2018-06-07,53,12.0
2018-06-08,51,12.0
2018-06-09,42,12.0
2018-06-10,67,12.0
2018-06-11,100,12.0
2018-06-12,75,12.0
2018-06-13,93,12.0
2018-06-14,76,12.0
2018-06-15,68,12.0
2018-06-16,55,12.0
2018-06-17,50,12.0
2018-06-18,61,12.0
2018-06-19,58,12.0
2018-06-20,62,12.0
2018-06-21,49,12.0
2018-06-22,77,12.0
2018-06-23,61,12.0
2018-06-24,70,12.0
2018-06-25,63,12.0
2018-06-26,63,12.0
2018-06-27,64,12.0
2018-06-28,54,12.0
2018-06-29,83,12.0
2018-06-30,79,12.0
2018-07-01,60,12.0
2018-07-02,72,12.0
2018-07-03,63,12.0
2018-07-04,59,12.0
2018-07-05,64,12.0
2018-07-06,60,12.0
2018-07-07,49,12.0
2018-07-08,56,12.0
2018-07-09,58,12.0
2018-07-10,66,12.0
2018-07-11,66,12.0
2018-07-12,63,12.0
2018-07-13,63,12.0
2018-07-14,59,12.0
2018-07-15,46,12.0
2018-07-16,61,12.0
2018-07-17,87,12.0
2018-07-18,100,12.0
2018-07-19,83,12.0
2018-07-20,63,12.0
2018-07-21,58,12.0
2018-07-22,47,12.0
2018-07-23,75,12.0
2018-07-24,96,12.0
2018-07-25,87,12.0
2018-07-26,85,12.0
2018-07-27,79,12.0
2018-07-28,58,12.0
2018-07-29,61,12.0
2018-07-30,65,12.0
2018-07-31,71,12.0
2018-08-01,75,11.0
2018-08-02,62,11.0
2018-08-03,81,11.0
2018-08-04,69,11.0
2018-08-05,58,11.0
2018-08-06,79,11.0
2018-08-07,73,11.0
2018-08-08,97,11.0
2018-08-09,86,11.0
2018-08-10,73,11.0
2018-08-11,76,11.0
2018-08-12,60,11.0
2018-08-13,71,11.0
2018-08-14,100,11.0
2018-08-15,99,11.0
2018-08-16,81,11.0
2018-08-17,65,11.0
2018-08-18,63,11.0
2018-08-19,56,11.0
2018-08-20,62,11.0
2018-08-21,71,11.0
2018-08-22,84,11.0
2018-08-23,71,11.0
2018-08-24,60,11.0
2018-08-25,55,11.0
2018-08-26,49,11.0
2018-08-27,69,11.0
2018-08-28,80,11.0
2018-08-29,75,11.0
2018-08-30,62,11.0
2018-08-31,56,11.0
2018-09-01,60,9.0
2018-09-02,58,9.0
2018-09-03,61,9.0
2018-09-04,64,9.0
2018-09-05,79,9.0
2018-09-06,100,9.0
2018-09-07,83,9.0
2018-09-08,61,9.0
2018-09-09,63,9.0
2018-09-10,70,9.0
2018-09-11,75,9.0
2018-09-12,83,9.0
2018-09-13,71,9.0
2018-09-14,54,9.0
2018-09-15,52,9.0
2018-09-16,49,9.0
2018-09-17,59,9.0
2018-09-18,59,9.0
2018-09-19,59,9.0
2018-09-20,53,9.0
2018-09-21,70,9.0
2018-09-22,64,9.0
2018-09-23,50,9.0
2018-09-24,57,9.0
2018-09-25,60,9.0
2018-09-26,63,9.0
2018-09-27,58,9.0
2018-09-28,57,9.0
2018-09-29,48,9.0
2018-09-30,46,9.0
2018-10-01,66,7.0
2018-10-02,69,7.0
2018-10-03,64,7.0
2018-10-04,68,7.0
2018-10-05,63,7.0
2018-10-06,60,7.0
2018-10-07,43,7.0
2018-10-08,60,7.0
2018-10-09,61,7.0
2018-10-10,72,7.0
2018-10-11,100,7.0
2018-10-12,82,7.0
2018-10-13,59,7.0
2018-10-14,63,7.0
2018-10-15,76,7.0
2018-10-16,71,7.0
2018-10-17,58,7.0
2018-10-18,60,7.0
2018-10-19,64,7.0
2018-10-20,52,7.0
2018-10-21,51,7.0
2018-10-22,68,7.0
2018-10-23,69,7.0
2018-10-24,59,7.0
2018-10-25,64,7.0
2018-10-26,72,7.0
2018-10-27,44,7.0
2018-10-28,54,7.0
2018-10-29,80,7.0
2018-10-30,72,7.0
2018-10-31,64,7.0
2018-11-01,36,11.0
2018-11-02,28,11.0
2018-11-03,27,11.0
2018-11-04,34,11.0
2018-11-05,37,11.0
2018-11-06,35,11.0
2018-11-07,30,11.0
2018-11-08,35,11.0
2018-11-09,33,11.0
2018-11-10,24,11.0
2018-11-11,21,11.0
2018-11-12,33,11.0
2018-11-13,35,11.0
2018-11-14,66,11.0
2018-11-15,71,11.0
2018-11-16,49,11.0
2018-11-17,45,11.0
2018-11-18,36,11.0
2018-11-19,68,11.0
2018-11-20,100,11.0
2018-11-21,82,11.0
2018-11-22,53,11.0
2018-11-23,51,11.0
2018-11-24,49,11.0
2018-11-25,85,11.0
2018-11-26,80,11.0
2018-11-27,81,11.0
2018-11-28,70,11.0
2018-11-29,57,11.0
2018-11-30,52,11.0
2018-12-01,59,11.0
2018-12-02,46,11.0
2018-12-03,67,11.0
2018-12-04,68,11.0
2018-12-05,70,11.0
2018-12-06,78,11.0
2018-12-07,100,11.0
2018-12-08,71,11.0
2018-12-09,55,11.0
2018-12-10,63,11.0
2018-12-11,66,11.0
2018-12-12,56,11.0
2018-12-13,71,11.0
2018-12-14,84,11.0
2018-12-15,71,11.0
2018-12-16,59,11.0
2018-12-17,71,11.0
2018-12-18,72,11.0
2018-12-19,72,11.0
2018-12-20,72,11.0
2018-12-21,72,11.0
2018-12-22,63,11.0
2018-12-23,54,11.0
2018-12-24,62,11.0
2018-12-25,63,11.0
2018-12-26,66,11.0
2018-12-27,57,11.0
2018-12-28,61,11.0
2018-12-29,52,11.0
2018-12-30,46,11.0
2018-12-31,45,11.0
2019-01-01,79,7.0
2019-01-02,97,7.0
2019-01-03,100,7.0
2019-01-04,91,7.0
2019-01-05,79,7.0
2019-01-06,78,7.0
2019-01-07,87,7.0
2019-01-08,86,7.0
2019-01-09,88,7.0
2019-01-10,96,7.0
2019-01-11,89,7.0
2019-01-12,88,7.0
2019-01-13,72,7.0
2019-01-14,88,7.0
2019-01-15,95,7.0
2019-01-16,77,7.0
2019-01-17,73,7.0
2019-01-18,81,7.0
2019-01-19,71,7.0
2019-01-20,63,7.0
2019-01-21,75,7.0
2019-01-22,80,7.0
2019-01-23,79,7.0
2019-01-24,80,7.0
2019-01-25,74,7.0
2019-01-26,65,7.0
2019-01-27,62,7.0
2019-01-28,90,7.0
2019-01-29,78,7.0
2019-01-30,69,7.0
2019-01-31,80,7.0
2019-02-01,70,7.0
2019-02-02,59,7.0
2019-02-03,67,7.0
2019-02-04,81,7.0
2019-02-05,91,7.0
2019-02-06,79,7.0
2019-02-07,78,7.0
2019-02-08,94,7.0
2019-02-09,88,7.0
2019-02-10,69,7.0
2019-02-11,77,7.0
2019-02-12,77,7.0
2019-02-13,71,7.0
2019-02-14,73,7.0
2019-02-15,66,7.0
2019-02-16,62,7.0
2019-02-17,70,7.0
2019-02-18,80,7.0
2019-02-19,96,7.0
2019-02-20,93,7.0
2019-02-21,80,7.0
2019-02-22,76,7.0
2019-02-23,92,7.0
2019-02-24,100,7.0
2019-02-25,93,7.0
2019-02-26,83,7.0
2019-02-27,76,7.0
2019-02-28,73,7.0
2019-03-01,87,6.0
2019-03-02,76,6.0
2019-03-03,71,6.0
2019-03-04,97,6.0
2019-03-05,99,6.0
2019-03-06,100,6.0
2019-03-07,92,6.0
2019-03-08,79,6.0
2019-03-09,92,6.0
2019-03-10,86,6.0
2019-03-11,81,6.0
2019-03-12,92,6.0
2019-03-13,81,6.0
2019-03-14,78,6.0
2019-03-15,92,6.0
2019-03-16,91,6.0
2019-03-17,88,6.0
2019-03-18,97,6.0
2019-03-19,93,6.0
2019-03-20,90,6.0
2019-03-21,92,6.0
2019-03-22,98,6.0
2019-03-23,72,6.0
2019-03-24,83,6.0
2019-03-25,78,6.0
2019-03-26,85,6.0
2019-03-27,86,6.0
2019-03-28,86,6.0
2019-03-29,88,6.0
2019-03-30,78,6.0
2019-03-31,81,6.0
2019-04-01,33,10.0
2019-04-02,93,10.0
2019-04-03,100,10.0
2019-04-04,62,10.0
2019-04-05,59,10.0
2019-04-06,51,10.0
2019-04-07,50,10.0
2019-04-08,58,10.0
2019-04-09,49,10.0
2019-04-10,54,10.0
2019-04-11,41,10.0
2019-04-12,40,10.0
2019-04-13,37,10.0
2019-04-14,38,10.0
2019-04-15,42,10.0
2019-04-16,35,10.0
2019-04-17,50,10.0
2019-04-18,38,10.0
2019-04-19,43,10.0
2019-04-20,46,10.0
2019-04-21,39,10.0
2019-04-22,49,10.0
2019-04-23,62,10.0
2019-04-24,48,10.0
2019-04-25,45,10.0
2019-04-26,43,10.0
2019-04-27,37,10.0
2019-04-28,33,10.0
2019-04-29,39,10.0
2019-04-30,34,10.0
2019-05-01,31,14.0
2019-05-02,29,14.0
2019-05-03,42,14.0
2019-05-04,36,14.0
2019-05-05,43,14.0
2019-05-06,39,14.0
2019-05-07,43,14.0
2019-05-08,45,14.0
2019-05-09,47,14.0
2019-05-10,52,14.0
2019-05-11,80,14.0
2019-05-12,75,14.0
2019-05-13,97,14.0
2019-05-14,100,14.0
2019-05-15,82,14.0
2019-05-16,74,14.0
2019-05-17,82,14.0
2019-05-18,56,14.0
2019-05-19,74,14.0
2019-05-20,69,14.0
2019-05-21,63,14.0
2019-05-22,56,14.0
2019-05-23,58,14.0
2019-05-24,49,14.0
2019-05-25,52,14.0
2019-05-26,51,14.0
2019-05-27,82,14.0
2019-05-28,70,14.0
2019-05-29,64,14.0
2019-05-30,66,14.0
2019-05-31,62,14.0
2019-06-01,28,17.0
2019-06-02,25,17.0
2019-06-03,26,17.0
2019-06-04,30,17.0
2019-06-05,26,17.0
2019-06-06,20,17.0
2019-06-07,24,17.0
2019-06-08,19,17.0
2019-06-09,21,17.0
2019-06-10,21,17.0
2019-06-11,22,17.0
2019-06-12,20,17.0
2019-06-13,23,17.0
2019-06-14,22,17.0
2019-06-15,25,17.0
2019-06-16,36,17.0
2019-06-17,33,17.0
2019-06-18,33,17.0
2019-06-19,30,17.0
2019-06-20,30,17.0
2019-06-21,39,17.0
2019-06-22,66,17.0
2019-06-23,43,17.0
2019-06-24,45,17.0
2019-06-25,48,17.0
2019-06-26,100,17.0
2019-06-27,86,17.0
2019-06-28,56,17.0
2019-06-29,44,17.0
2019-06-30,39,17.0
2019-07-01,100,14.0
2019-07-02,99,14.0
2019-07-03,94,14.0
2019-07-04,72,14.0
2019-07-05,76,14.0
2019-07-06,53,14.0
2019-07-07,61,14.0
2019-07-08,75,14.0
2019-07-09,82,14.0
2019-07-10,92,14.0
2019-07-11,80,14.0
2019-07-12,91,14.0
2019-07-13,67,14.0
2019-07-14,75,14.0
2019-07-15,86,14.0
2019-07-16,94,14.0
2019-07-17,86,14.0
2019-07-18,77,14.0
2019-07-19,66,14.0
2019-07-20,63,14.0
2019-07-21,58,14.0
2019-07-22,61,14.0
2019-07-23,59,14.0
2019-07-24,67,14.0
2019-07-25,60,14.0
2019-07-26,58,14.0
2019-07-27,62,14.0
2019-07-28,48,14.0
2019-07-29,57,14.0
2019-07-30,52,14.0
2019-07-31,55,14.0
2019-08-01,57,11.0
2019-08-02,60,11.0
2019-08-03,60,11.0
2019-08-04,58,11.0
2019-08-05,100,11.0
2019-08-06,87,11.0
2019-08-07,74,11.0
2019-08-08,65,11.0
2019-08-09,62,11.0
2019-08-10,61,11.0
2019-08-11,55,11.0
2019-08-12,60,11.0
2019-08-13,59,11.0
2019-08-14,73,11.0
2019-08-15,73,11.0
2019-08-16,60,11.0
2019-08-17,55,11.0
2019-08-18,51,11.0
2019-08-19,55,11.0
2019-08-20,59,11.0
2019-08-21,61,11.0
2019-08-22,54,11.0
2019-08-23,59,11.0
2019-08-24,53,11.0
2019-08-25,53,11.0
2019-08-26,48,11.0
2019-08-27,52,11.0
2019-08-28,61,11.0
2019-08-29,58,11.0
2019-08-30,47,11.0
2019-08-31,41,11.0
2019-09-01,52,9.0
2019-09-02,55,9.0
2019-09-03,66,9.0
2019-09-04,60,9.0
2019-09-05,59,9.0
2019-09-06,58,9.0
2019-09-07,50,9.0
2019-09-08,52,9.0
2019-09-09,54,9.0
2019-09-10,54,9.0
2019-09-11,51,9.0
2019-09-12,52,9.0
2019-09-13,48,9.0
2019-09-14,49,9.0
2019-09-15,46,9.0
2019-09-16,47,9.0
2019-09-17,47,9.0
2019-09-18,44,9.0
2019-09-19,58,9.0
2019-09-20,45,9.0
2019-09-21,47,9.0
2019-09-22,41,9.0
2019-09-23,56,9.0
2019-09-24,86,9.0
2019-09-25,100,9.0
2019-09-26,93,9.0
2019-09-27,79,9.0
2019-09-28,69,9.0
2019-09-29,60,9.0
2019-09-30,63,9.0
2019-10-01,55,9.0
2019-10-02,54,9.0
2019-10-03,52,9.0
2019-10-04,43,9.0
2019-10-05,43,9.0
2019-10-06,41,9.0
2019-10-07,54,9.0
2019-10-08,53,9.0
2019-10-09,56,9.0
2019-10-10,48,9.0
2019-10-11,44,9.0
2019-10-12,44,9.0
2019-10-13,40,9.0
2019-10-14,46,9.0
2019-10-15,43,9.0
2019-10-16,42,9.0
2019-10-17,46,9.0
2019-10-18,42,9.0
2019-10-19,38,9.0
2019-10-20,40,9.0
2019-10-21,46,9.0
2019-10-22,47,9.0
2019-10-23,59,9.0
2019-10-24,55,9.0
2019-10-25,64,9.0
2019-10-26,100,9.0
2019-10-27,50,9.0
2019-10-28,61,9.0
2019-10-29,61,9.0
2019-10-30,56,9.0
2019-10-31,51,9.0
2019-11-01,56,8.0
2019-11-02,61,8.0
2019-11-03,55,8.0
2019-11-04,61,8.0
2019-11-05,58,8.0
2019-11-06,62,8.0
2019-11-07,57,8.0
2019-11-08,63,8.0
2019-11-09,55,8.0
2019-11-10,51,8.0
2019-11-11,60,8.0
2019-11-12,57,8.0
2019-11-13,50,8.0
2019-11-14,54,8.0
2019-11-15,60,8.0
2019-11-16,61,8.0
2019-11-17,54,8.0
2019-11-18,59,8.0
2019-11-19,71,8.0
2019-11-20,59,8.0
2019-11-21,70,8.0
2019-11-22,79,8.0
2019-11-23,71,8.0
2019-11-24,67,8.0
2019-11-25,100,8.0
2019-11-26,67,8.0
2019-11-27,74,8.0
2019-11-28,63,8.0
2019-11-29,55,8.0
2019-11-30,50,8.0
2019-12-01,64,7.0
2019-12-02,71,7.0
2019-12-03,66,7.0
2019-12-04,68,7.0
2019-12-05,67,7.0
2019-12-06,69,7.0
2019-12-07,62,7.0
2019-12-08,68,7.0
2019-12-09,63,7.0
2019-12-10,70,7.0
2019-12-11,68,7.0
2019-12-12,62,7.0
2019-12-13,66,7.0
2019-12-14,66,7.0
2019-12-15,61,7.0
2019-12-16,70,7.0
2019-12-17,88,7.0
2019-12-18,100,7.0
2019-12-19,73,7.0
2019-12-20,71,7.0
2019-12-21,68,7.0
2019-12-22,58,7.0
2019-12-23,77,7.0
2019-12-24,57,7.0
2019-12-25,68,7.0
2019-12-26,65,7.0
2019-12-27,69,7.0
2019-12-28,71,7.0
2019-12-29,64,7.0
2019-12-30,67,7.0
2019-12-31,66,7.0
2020-01-01,57,9.0
2020-01-02,70,9.0
2020-01-03,70,9.0
2020-01-04,71,9.0
2020-01-05,63,9.0
2020-01-06,65,9.0
2020-01-07,94,9.0
2020-01-08,93,9.0
2020-01-09,76,9.0
2020-01-10,71,9.0
2020-01-11,68,9.0
2020-01-12,68,9.0
2020-01-13,63,9.0
2020-01-14,100,9.0
2020-01-15,95,9.0
2020-01-16,69,9.0
2020-01-17,83,9.0
2020-01-18,77,9.0
2020-01-19,83,9.0
2020-01-20,78,9.0
2020-01-21,79,9.0
2020-01-22,65,9.0
2020-01-23,62,9.0
2020-01-24,62,9.0
2020-01-25,55,9.0
2020-01-26,49,9.0
2020-01-27,66,9.0
2020-01-28,78,9.0
2020-01-29,86,9.0
2020-01-30,90,9.0
2020-01-31,82,9.0
2020-02-01,58,10.0
2020-02-02,59,10.0
2020-02-03,62,10.0
2020-02-04,64,10.0
2020-02-05,75,10.0
2020-02-06,75,10.0
2020-02-07,71,10.0
2020-02-08,66,10.0
2020-02-09,100,10.0
2020-02-10,78,10.0
2020-02-11,83,10.0
2020-02-12,92,10.0
2020-02-13,74,10.0
2020-02-14,74,10.0
2020-02-15,64,10.0
2020-02-16,75,10.0
2020-02-17,69,10.0
2020-02-18,68,10.0
2020-02-19,79,10.0
2020-02-20,73,10.0
2020-02-21,64,10.0
2020-02-22,57,10.0
2020-02-23,60,10.0
2020-02-24,71,10.0
2020-02-25,73,10.0
2020-02-26,83,10.0
2020-02-27,87,10.0
2020-02-28,91,10.0
2020-02-29,55,10.0
2020-03-01,24,13.0
2020-03-02,25,13.0
2020-03-03,25,13.0
2020-03-04,21,13.0
2020-03-05,25,13.0
2020-03-06,26,13.0
2020-03-07,23,13.0
2020-03-08,27,13.0
2020-03-09,47,13.0
2020-03-10,32,13.0
2020-03-11,28,13.0
2020-03-12,61,13.0
2020-03-13,100,13.0
2020-03-14,49,13.0
2020-03-15,41,13.0
2020-03-16,57,13.0
2020-03-17,45,13.0
2020-03-18,46,13.0
2020-03-19,49,13.0
2020-03-20,45,13.0
2020-03-21,38,13.0
2020-03-22,32,13.0
2020-03-23,37,13.0
2020-03-24,43,13.0
2020-03-25,34,13.0
2020-03-26,31,13.0
2020-03-27,29,13.0
2020-03-28,32,13.0
2020-03-29,29,13.0
2020-03-30,30,13.0
2020-03-31,25,13.0
2020-04-01,56,10.0
2020-04-02,62,10.0
2020-04-03,61,10.0
2020-04-04,58,10.0
2020-04-05,50,10.0
2020-04-06,66,10.0
2020-04-07,63,10.0
2020-04-08,63,10.0
2020-04-09,64,10.0
2020-04-10,60,10.0
2020-04-11,53,10.0
2020-04-12,54,10.0
2020-04-13,58,10.0
2020-04-14,56,10.0
2020-04-15,57,10.0
2020-04-16,62,10.0
2020-04-17,59,10.0
2020-04-18,59,10.0
2020-04-19,62,10.0
2020-04-20,52,10.0
2020-04-21,57,10.0
2020-04-22,57,10.0
2020-04-23,61,10.0
2020-04-24,60,10.0
2020-04-25,62,10.0
2020-04-26,66,10.0
2020-04-27,69,10.0
2020-04-28,72,10.0
2020-04-29,97,10.0
2020-04-30,100,10.0
2020-05-01,47,13.0
2020-05-02,46,13.0
2020-05-03,44,13.0
2020-05-04,45,13.0
2020-05-05,45,13.0
2020-05-06,51,13.0
2020-05-07,61,13.0
2020-05-08,76,13.0
2020-05-09,58,13.0
2020-05-10,82,13.0
2020-05-11,100,13.0
2020-05-12,61,13.0
2020-05-13,58,13.0
2020-05-14,56,13.0
2020-05-15,47,13.0
2020-05-16,43,13.0
2020-05-17,45,13.0
2020-05-18,45,13.0
2020-05-19,42,13.0
2020-05-20,46,13.0
2020-05-21,45,13.0
2020-05-22,37,13.0
2020-05-23,37,13.0
2020-05-24,36,13.0
2020-05-25,38,13.0
2020-05-26,36,13.0
2020-05-27,35,13.0
2020-05-28,36,13.0
2020-05-29,35,13.0
2020-05-30,34,13.0
2020-05-31,35,13.0
2020-06-01,78,9.0
2020-06-02,100,9.0
2020-06-03,86,9.0
2020-06-04,86,9.0
2020-06-05,79,9.0
2020-06-06,65,9.0
2020-06-07,66,9.0
2020-06-08,70,9.0
2020-06-09,76,9.0
2020-06-10,78,9.0
2020-06-11,86,9.0
2020-06-12,77,9.0
2020-06-13,68,9.0
2020-06-14,70,9.0
2020-06-15,70,9.0
2020-06-16,74,9.0
2020-06-17,68,9.0
2020-06-18,63,9.0
2020-06-19,62,9.0
2020-06-20,60,9.0
2020-06-21,56,9.0
2020-06-22,70,9.0
2020-06-23,69,9.0
2020-06-24,67,9.0
2020-06-25,65,9.0
2020-06-26,64,9.0
2020-06-27,65,9.0
2020-06-28,69,9.0
2020-06-29,65,9.0
2020-06-30,65,9.0
2020-07-01,39,10.0
2020-07-02,41,10.0
2020-07-03,42,10.0
2020-07-04,42,10.0
2020-07-05,38,10.0
2020-07-06,39,10.0
2020-07-07,39,10.0
2020-07-08,47,10.0
2020-07-09,41,10.0
2020-07-10,43,10.0
2020-07-11,37,10.0
2020-07-12,39,10.0
2020-07-13,45,10.0
2020-07-14,46,10.0
2020-07-15,57,10.0
2020-07-16,61,10.0
2020-07-17,46,10.0
2020-07-18,44,10.0
2020-07-19,42,10.0
2020-07-20,39,10.0
2020-07-21,44,10.0
2020-07-22,45,10.0
2020-07-23,48,10.0
2020-07-24,51,10.0
2020-07-25,44,10.0
2020-07-26,50,10.0
2020-07-27,100,10.0
2020-07-28,99,10.0
2020-07-29,78,10.0
2020-07-30,64,10.0
2020-07-31,63,10.0
2020-08-01,85,11.0
2020-08-02,100,11.0
2020-08-03,72,11.0
2020-08-04,66,11.0
2020-08-05,71,11.0
2020-08-06,73,11.0
2020-08-07,72,11.0
2020-08-08,57,11.0
2020-08-09,54,11.0
2020-08-10,69,11.0
2020-08-11,67,11.0
2020-08-12,59,11.0
2020-08-13,70,11.0
2020-08-14,68,11.0
2020-08-15,60,11.0
2020-08-16,54,11.0
2020-08-17,79,11.0
2020-08-18,81,11.0
2020-08-19,59,11.0
2020-08-20,51,11.0
2020-08-21,54,11.0
2020-08-22,51,11.0
2020-08-23,47,11.0
2020-08-24,47,11.0
2020-08-25,51,11.0
2020-08-26,50,11.0
2020-08-27,46,11.0
2020-08-28,48,11.0
2020-08-29,43,11.0
2020-08-30,42,11.0
2020-08-31,50,11.0
2020-09-01,94,8.0
2020-09-02,89,8.0
2020-09-03,96,8.0
2020-09-04,100,8.0
2020-09-05,93,8.0
2020-09-06,89,8.0
2020-09-07,85,8.0
2020-09-08,86,8.0
2020-09-09,93,8.0
2020-09-10,75,8.0
2020-09-11,78,8.0
2020-09-12,80,8.0
2020-09-13,62,8.0
2020-09-14,74,8.0
2020-09-15,77,8.0
2020-09-16,84,8.0
2020-09-17,76,8.0
2020-09-18,74,8.0
2020-09-19,71,8.0
2020-09-20,71,8.0
2020-09-21,82,8.0
2020-09-22,74,8.0
2020-09-23,62,8.0
2020-09-24,70,8.0
2020-09-25,68,8.0
2020-09-26,69,8.0
2020-09-27,59,8.0
2020-09-28,74,8.0
2020-09-29,73,8.0
2020-09-30,77,8.0
2020-10-01,41,10.0
2020-10-02,38,10.0
2020-10-03,39,10.0
2020-10-04,33,10.0
2020-10-05,39,10.0
2020-10-06,43,10.0
2020-10-07,37,10.0
2020-10-08,45,10.0
2020-10-09,52,10.0
2020-10-10,51,10.0
2020-10-11,50,10.0
2020-10-12,55,10.0
2020-10-13,46,10.0
2020-10-14,44,10.0
2020-10-15,46,10.0
2020-10-16,50,10.0
2020-10-17,46,10.0
2020-10-18,41,10.0
2020-10-19,47,10.0
2020-10-20,57,10.0
2020-10-21,97,10.0
2020-10-22,100,10.0
2020-10-23,76,10.0
2020-10-24,67,10.0
2020-10-25,65,10.0
2020-10-26,64,10.0
2020-10-27,82,10.0
2020-10-28,83,10.0
2020-10-29,66,10.0
2020-10-30,68,10.0
2020-10-31,61,10.0
2020-11-01,33,17.0
2020-11-02,39,17.0
2020-11-03,39,17.0
2020-11-04,23,17.0
2020-11-05,50,17.0
2020-11-06,53,17.0
2020-11-07,42,17.0
2020-11-08,40,17.0
2020-11-09,46,17.0
2020-11-10,41,17.0
2020-11-11,39,17.0
2020-11-12,48,17.0
2020-11-13,57,17.0
2020-11-14,48,17.0
2020-11-15,38,17.0
2020-11-16,49,17.0
2020-11-17,82,17.0
2020-11-18,92,17.0
2020-11-19,67,17.0
2020-11-20,77,17.0
2020-11-21,80,17.0
2020-11-22,64,17.0
2020-11-23,69,17.0
2020-11-24,94,17.0
2020-11-25,80,17.0
2020-11-26,100,17.0
2020-11-27,81,17.0
2020-11-28,58,17.0
2020-11-29,53,17.0
2020-11-30,92,17.0
2020-12-01,52,25.0
2020-12-02,37,25.0
2020-12-03,39,25.0
2020-12-04,36,25.0
2020-12-05,33,25.0
2020-12-06,28,25.0
2020-12-07,32,25.0
2020-12-08,33,25.0
2020-12-09,30,25.0
2020-12-10,26,25.0
2020-12-11,29,25.0
2020-12-12,25,25.0
2020-12-13,26,25.0
2020-12-14,26,25.0
2020-12-15,31,25.0
2020-12-16,59,25.0
2020-12-17,100,25.0
2020-12-18,65,25.0
2020-12-19,57,25.0
2020-12-20,48,25.0
2020-12-21,57,25.0
2020-12-22,50,25.0
2020-12-23,48,25.0
2020-12-24,39,25.0
2020-12-25,41,25.0
2020-12-26,61,25.0
2020-12-27,76,25.0
2020-12-28,73,25.0
2020-12-29,67,25.0
2020-12-30,75,25.0
2020-12-31,73,25.0
2021-01-01,33,51.0
2021-01-02,60,51.0
2021-01-03,70,51.0
2021-01-04,57,51.0
2021-01-05,49,51.0
2021-01-06,54,51.0
2021-01-07,82,51.0
2021-01-08,79,51.0
2021-01-09,61,51.0
2021-01-10,58,51.0
2021-01-11,100,51.0
2021-01-12,71,51.0
2021-01-13,61,51.0
2021-01-14,60,51.0
2021-01-15,54,51.0
2021-01-16,42,51.0
2021-01-17,38,51.0
2021-01-18,35,51.0
2021-01-19,35,51.0
2021-01-20,36,51.0
2021-01-21,47,51.0
2021-01-22,46,51.0
2021-01-23,30,51.0
2021-01-24,29,51.0
2021-01-25,32,51.0
2021-01-26,31,51.0
2021-01-27,34,51.0
2021-01-28,39,51.0
2021-01-29,65,51.0
2021-01-30,42,51.0
2021-01-31,33,51.0
2021-02-01,38,52.0
2021-02-02,35,52.0
2021-02-03,39,52.0
2021-02-04,38,52.0
2021-02-05,33,52.0
2021-02-06,44,52.0
2021-02-07,40,52.0
2021-02-08,87,52.0
2021-02-09,100,52.0
2021-02-10,63,52.0
2021-02-11,60,52.0
2021-02-12,57,52.0
2021-02-13,45,52.0
2021-02-14,50,52.0
2021-02-15,54,52.0
2021-02-16,57,52.0
2021-02-17,67,52.0
2021-02-18,61,52.0
2021-02-19,69,52.0
2021-02-20,75,52.0
2021-02-21,65,52.0
2021-02-22,74,52.0
2021-02-23,92,52.0
2021-02-24,67,52.0
2021-02-25,53,52.0
2021-02-26,56,52.0
2021-02-27,43,52.0
2021-02-28,50,52.0
2021-03-01,100,36.0
2021-03-02,91,36.0
2021-03-03,84,36.0
2021-03-04,88,36.0
2021-03-05,82,36.0
2021-03-06,67,36.0
2021-03-07,73,36.0
2021-03-08,79,36.0
2021-03-09,94,36.0
2021-03-10,92,36.0
2021-03-11,88,36.0
2021-03-12,84,36.0
2021-03-13,99,36.0
2021-03-14,98,36.0
2021-03-15,94,36.0
2021-03-16,90,36.0
2021-03-17,82,36.0
2021-03-18,86,36.0
2021-03-19,78,36.0
2021-03-20,67,36.0
2021-03-21,63,36.0
2021-03-22,72,36.0
2021-03-23,78,36.0
2021-03-24,87,36.0
2021-03-25,92,36.0
2021-03-26,75,36.0
2021-03-27,72,36.0
2021-03-28,64,36.0
2021-03-29,72,36.0
2021-03-30,72,36.0
2021-03-31,79,36.0
2021-04-01,75,39.0
2021-04-02,48,39.0
2021-04-03,40,39.0
2021-04-04,41,39.0
2021-04-05,45,39.0
2021-04-06,46,39.0
2021-04-07,45,39.0
2021-04-08,44,39.0
2021-04-09,41,39.0
2021-04-10,45,39.0
2021-04-11,44,39.0
2021-04-12,47,39.0
2021-04-13,70,39.0
2021-04-14,77,39.0
2021-04-15,64,39.0
2021-04-16,80,39.0
2021-04-17,62,39.0
2021-04-18,98,39.0
2021-04-19,86,39.0
2021-04-20,74,39.0
2021-04-21,54,39.0
2021-04-22,64,39.0
2021-04-23,100,39.0
2021-04-24,68,39.0
2021-04-25,58,39.0
2021-04-26,67,39.0
2021-04-27,63,39.0
2021-04-28,54,39.0
2021-04-29,48,39.0
2021-04-30,45,39.0
2021-05-01,26,48.0
2021-05-02,25,48.0
2021-05-03,29,48.0
2021-05-04,33,48.0
2021-05-05,32,48.0
2021-05-06,32,48.0
2021-05-07,28,48.0
2021-05-08,28,48.0
2021-05-09,31,48.0
2021-05-10,33,48.0
2021-05-11,29,48.0
2021-05-12,36,48.0
2021-05-13,77,48.0
2021-05-14,41,48.0
2021-05-15,33,48.0
2021-05-16,37,48.0
2021-05-17,56,48.0
2021-05-18,42,48.0
2021-05-19,100,48.0
2021-05-20,67,48.0
2021-05-21,59,48.0
2021-05-22,46,48.0
