date,eos_pytrend_unscaled,eos_pytrend_monthly
2014-01-01,57,79.0
2014-01-02,73,79.0
2014-01-03,89,79.0
2014-01-04,75,79.0
2014-01-05,100,79.0
2014-01-06,84,79.0
2014-01-07,81,79.0
2014-01-08,99,79.0
2014-01-09,79,79.0
2014-01-10,86,79.0
2014-01-11,63,79.0
2014-01-12,82,79.0
2014-01-13,73,79.0
2014-01-14,81,79.0
2014-01-15,77,79.0
2014-01-16,75,79.0
2014-01-17,68,79.0
2014-01-18,84,79.0
2014-01-19,78,79.0
2014-01-20,74,79.0
2014-01-21,59,79.0
2014-01-22,62,79.0
2014-01-23,79,79.0
2014-01-24,68,79.0
2014-01-25,75,79.0
2014-01-26,76,79.0
2014-01-27,67,79.0
2014-01-28,67,79.0
2014-01-29,67,79.0
2014-01-30,75,79.0
2014-01-31,83,79.0
2014-02-01,84,71.0
2014-02-02,80,71.0
2014-02-03,73,71.0
2014-02-04,72,71.0
2014-02-05,70,71.0
2014-02-06,87,71.0
2014-02-07,66,71.0
2014-02-08,72,71.0
2014-02-09,100,71.0
2014-02-10,75,71.0
2014-02-11,44,71.0
2014-02-12,59,71.0
2014-02-13,84,71.0
2014-02-14,82,71.0
2014-02-15,54,71.0
2014-02-16,86,71.0
2014-02-17,81,71.0
2014-02-18,73,71.0
2014-02-19,53,71.0
2014-02-20,63,71.0
2014-02-21,62,71.0
2014-02-22,77,71.0
2014-02-23,67,71.0
2014-02-24,66,71.0
2014-02-25,58,71.0
2014-02-26,70,71.0
2014-02-27,49,71.0
2014-02-28,51,71.0
2014-03-01,82,67.0
2014-03-02,85,67.0
2014-03-03,64,67.0
2014-03-04,74,67.0
2014-03-05,65,67.0
2014-03-06,61,67.0
2014-03-07,63,67.0
2014-03-08,45,67.0
2014-03-09,100,67.0
2014-03-10,80,67.0
2014-03-11,62,67.0
2014-03-12,68,67.0
2014-03-13,58,67.0
2014-03-14,76,67.0
2014-03-15,71,67.0
2014-03-16,79,67.0
2014-03-17,75,67.0
2014-03-18,66,67.0
2014-03-19,62,67.0
2014-03-20,54,67.0
2014-03-21,82,67.0
2014-03-22,69,67.0
2014-03-23,60,67.0
2014-03-24,65,67.0
2014-03-25,69,67.0
2014-03-26,73,67.0
2014-03-27,70,67.0
2014-03-28,73,67.0
2014-03-29,69,67.0
2014-03-30,74,67.0
2014-03-31,77,67.0
2014-04-01,67,66.0
2014-04-02,78,66.0
2014-04-03,78,66.0
2014-04-04,76,66.0
2014-04-05,58,66.0
2014-04-06,81,66.0
2014-04-07,67,66.0
2014-04-08,76,66.0
2014-04-09,72,66.0
2014-04-10,78,66.0
2014-04-11,85,66.0
2014-04-12,85,66.0
2014-04-13,78,66.0
2014-04-14,73,66.0
2014-04-15,100,66.0
2014-04-16,94,66.0
2014-04-17,79,66.0
2014-04-18,66,66.0
2014-04-19,58,66.0
2014-04-20,99,66.0
2014-04-21,72,66.0
2014-04-22,76,66.0
2014-04-23,53,66.0
2014-04-24,74,66.0
2014-04-25,69,66.0
2014-04-26,89,66.0
2014-04-27,70,66.0
2014-04-28,79,66.0
2014-04-29,63,66.0
2014-04-30,91,66.0
2014-05-01,100,65.0
2014-05-02,79,65.0
2014-05-03,65,65.0
2014-05-04,92,65.0
2014-05-05,69,65.0
2014-05-06,71,65.0
2014-05-07,57,65.0
2014-05-08,80,65.0
2014-05-09,59,65.0
2014-05-10,62,65.0
2014-05-11,77,65.0
2014-05-12,83,65.0
2014-05-13,93,65.0
2014-05-14,58,65.0
2014-05-15,71,65.0
2014-05-16,70,65.0
2014-05-17,55,65.0
2014-05-18,91,65.0
2014-05-19,68,65.0
2014-05-20,87,65.0
2014-05-21,72,65.0
2014-05-22,70,65.0
2014-05-23,40,65.0
2014-05-24,67,65.0
2014-05-25,98,65.0
2014-05-26,85,65.0
2014-05-27,50,65.0
2014-05-28,72,65.0
2014-05-29,68,65.0
2014-05-30,58,65.0
2014-05-31,72,65.0
2014-06-01,74,63.0
2014-06-02,93,63.0
2014-06-03,73,63.0
2014-06-04,62,63.0
2014-06-05,58,63.0
2014-06-06,54,63.0
2014-06-07,68,63.0
2014-06-08,63,63.0
2014-06-09,64,63.0
2014-06-10,94,63.0
2014-06-11,75,63.0
2014-06-12,42,63.0
2014-06-13,69,63.0
2014-06-14,81,63.0
2014-06-15,63,63.0
2014-06-16,83,63.0
2014-06-17,61,63.0
2014-06-18,60,63.0
2014-06-19,95,63.0
2014-06-20,66,63.0
2014-06-21,70,63.0
2014-06-22,73,63.0
2014-06-23,65,63.0
2014-06-24,57,63.0
2014-06-25,61,63.0
2014-06-26,70,63.0
2014-06-27,57,63.0
2014-06-28,78,63.0
2014-06-29,100,63.0
2014-06-30,71,63.0
2014-07-01,100,62.0
2014-07-02,66,62.0
2014-07-03,98,62.0
2014-07-04,51,62.0
2014-07-05,65,62.0
2014-07-06,98,62.0
2014-07-07,80,62.0
2014-07-08,80,62.0
2014-07-09,72,62.0
2014-07-10,72,62.0
2014-07-11,73,62.0
2014-07-12,80,62.0
2014-07-13,98,62.0
2014-07-14,79,62.0
2014-07-15,63,62.0
2014-07-16,91,62.0
2014-07-17,86,62.0
2014-07-18,72,62.0
2014-07-19,95,62.0
2014-07-20,88,62.0
2014-07-21,75,62.0
2014-07-22,97,62.0
2014-07-23,74,62.0
2014-07-24,69,62.0
2014-07-25,65,62.0
2014-07-26,79,62.0
2014-07-27,79,62.0
2014-07-28,78,62.0
2014-07-29,68,62.0
2014-07-30,79,62.0
2014-07-31,83,62.0
2014-08-01,100,63.0
2014-08-02,78,63.0
2014-08-03,80,63.0
2014-08-04,58,63.0
2014-08-05,88,63.0
2014-08-06,54,63.0
2014-08-07,91,63.0
2014-08-08,77,63.0
2014-08-09,64,63.0
2014-08-10,82,63.0
2014-08-11,74,63.0
2014-08-12,63,63.0
2014-08-13,81,63.0
2014-08-14,72,63.0
2014-08-15,74,63.0
2014-08-16,65,63.0
2014-08-17,96,63.0
2014-08-18,59,63.0
2014-08-19,84,63.0
2014-08-20,86,63.0
2014-08-21,81,63.0
2014-08-22,80,63.0
2014-08-23,65,63.0
2014-08-24,73,63.0
2014-08-25,68,63.0
2014-08-26,52,63.0
2014-08-27,85,63.0
2014-08-28,90,63.0
2014-08-29,67,63.0
2014-08-30,55,63.0
2014-08-31,92,63.0
2014-09-01,79,56.0
2014-09-02,96,56.0
2014-09-03,69,56.0
2014-09-04,67,56.0
2014-09-05,79,56.0
2014-09-06,79,56.0
2014-09-07,68,56.0
2014-09-08,80,56.0
2014-09-09,48,56.0
2014-09-10,78,56.0
2014-09-11,83,56.0
2014-09-12,85,56.0
2014-09-13,73,56.0
2014-09-14,95,56.0
2014-09-15,72,56.0
2014-09-16,83,56.0
2014-09-17,80,56.0
2014-09-18,76,56.0
2014-09-19,77,56.0
2014-09-20,84,56.0
2014-09-21,100,56.0
2014-09-22,84,56.0
2014-09-23,63,56.0
2014-09-24,74,56.0
2014-09-25,65,56.0
2014-09-26,83,56.0
2014-09-27,80,56.0
2014-09-28,85,56.0
2014-09-29,74,56.0
2014-09-30,71,56.0
2014-10-01,61,57.0
2014-10-02,67,57.0
2014-10-03,80,57.0
2014-10-04,71,57.0
2014-10-05,65,57.0
2014-10-06,85,57.0
2014-10-07,62,57.0
2014-10-08,64,57.0
2014-10-09,64,57.0
2014-10-10,72,57.0
2014-10-11,100,57.0
2014-10-12,88,57.0
2014-10-13,59,57.0
2014-10-14,55,57.0
2014-10-15,69,57.0
2014-10-16,73,57.0
2014-10-17,55,57.0
2014-10-18,94,57.0
2014-10-19,85,57.0
2014-10-20,54,57.0
2014-10-21,62,57.0
2014-10-22,71,57.0
2014-10-23,80,57.0
2014-10-24,68,57.0
2014-10-25,76,57.0
2014-10-26,78,57.0
2014-10-27,68,57.0
2014-10-28,72,57.0
2014-10-29,60,57.0
2014-10-30,58,57.0
2014-10-31,58,57.0
2014-11-01,34,77.0
2014-11-02,43,77.0
2014-11-03,42,77.0
2014-11-04,35,77.0
2014-11-05,38,77.0
2014-11-06,37,77.0
2014-11-07,40,77.0
2014-11-08,46,77.0
2014-11-09,60,77.0
2014-11-10,33,77.0
2014-11-11,40,77.0
2014-11-12,37,77.0
2014-11-13,48,77.0
2014-11-14,30,77.0
2014-11-15,32,77.0
2014-11-16,38,77.0
2014-11-17,37,77.0
2014-11-18,51,77.0
2014-11-19,46,77.0
2014-11-20,37,77.0
2014-11-21,46,77.0
2014-11-22,65,77.0
2014-11-23,56,77.0
2014-11-24,62,77.0
2014-11-25,43,77.0
2014-11-26,51,77.0
2014-11-27,61,77.0
2014-11-28,100,77.0
2014-11-29,67,77.0
2014-11-30,59,77.0
2014-12-01,100,82.0
2014-12-02,68,82.0
2014-12-03,56,82.0
2014-12-04,61,82.0
2014-12-05,65,82.0
2014-12-06,69,82.0
2014-12-07,84,82.0
2014-12-08,69,82.0
2014-12-09,61,82.0
2014-12-10,60,82.0
2014-12-11,48,82.0
2014-12-12,58,82.0
2014-12-13,76,82.0
2014-12-14,79,82.0
2014-12-15,79,82.0
2014-12-16,78,82.0
2014-12-17,68,82.0
2014-12-18,73,82.0
2014-12-19,75,82.0
2014-12-20,57,82.0
2014-12-21,80,82.0
2014-12-22,49,82.0
2014-12-23,62,82.0
2014-12-24,51,82.0
2014-12-25,82,82.0
2014-12-26,99,82.0
2014-12-27,43,82.0
2014-12-28,68,82.0
2014-12-29,84,82.0
2014-12-30,63,82.0
2014-12-31,67,82.0
2015-01-01,55,68.0
2015-01-02,55,68.0
2015-01-03,74,68.0
2015-01-04,50,68.0
2015-01-05,53,68.0
2015-01-06,75,68.0
2015-01-07,68,68.0
2015-01-08,76,68.0
2015-01-09,85,68.0
2015-01-10,71,68.0
2015-01-11,100,68.0
2015-01-12,66,68.0
2015-01-13,62,68.0
2015-01-14,67,68.0
2015-01-15,46,68.0
2015-01-16,79,68.0
2015-01-17,79,68.0
2015-01-18,91,68.0
2015-01-19,73,68.0
2015-01-20,55,68.0
2015-01-21,70,68.0
2015-01-22,56,68.0
2015-01-23,58,68.0
2015-01-24,80,68.0
2015-01-25,57,68.0
2015-01-26,54,68.0
2015-01-27,69,68.0
2015-01-28,59,68.0
2015-01-29,54,68.0
2015-01-30,58,68.0
2015-01-31,77,68.0
2015-02-01,71,66.0
2015-02-02,57,66.0
2015-02-03,61,66.0
2015-02-04,78,66.0
2015-02-05,74,66.0
2015-02-06,81,66.0
2015-02-07,85,66.0
2015-02-08,69,66.0
2015-02-09,73,66.0
2015-02-10,74,66.0
2015-02-11,78,66.0
2015-02-12,63,66.0
2015-02-13,60,66.0
2015-02-14,89,66.0
2015-02-15,91,66.0
2015-02-16,79,66.0
2015-02-17,60,66.0
2015-02-18,84,66.0
2015-02-19,55,66.0
2015-02-20,79,66.0
2015-02-21,74,66.0
2015-02-22,77,66.0
2015-02-23,49,66.0
2015-02-24,59,66.0
2015-02-25,79,66.0
2015-02-26,85,66.0
2015-02-27,75,66.0
2015-02-28,100,66.0
2015-03-01,97,66.0
2015-03-02,91,66.0
2015-03-03,84,66.0
2015-03-04,78,66.0
2015-03-05,61,66.0
2015-03-06,74,66.0
2015-03-07,100,66.0
2015-03-08,71,66.0
2015-03-09,83,66.0
2015-03-10,75,66.0
2015-03-11,88,66.0
2015-03-12,83,66.0
2015-03-13,50,66.0
2015-03-14,92,66.0
2015-03-15,80,66.0
2015-03-16,67,66.0
2015-03-17,86,66.0
2015-03-18,95,66.0
2015-03-19,74,66.0
2015-03-20,80,66.0
2015-03-21,66,66.0
2015-03-22,93,66.0
2015-03-23,69,66.0
2015-03-24,89,66.0
2015-03-25,69,66.0
2015-03-26,66,66.0
2015-03-27,71,66.0
2015-03-28,85,66.0
2015-03-29,70,66.0
2015-03-30,64,66.0
2015-03-31,60,66.0
2015-04-01,94,66.0
2015-04-02,84,66.0
2015-04-03,84,66.0
2015-04-04,76,66.0
2015-04-05,86,66.0
2015-04-06,75,66.0
2015-04-07,77,66.0
2015-04-08,80,66.0
2015-04-09,70,66.0
2015-04-10,73,66.0
2015-04-11,83,66.0
2015-04-12,99,66.0
2015-04-13,87,66.0
2015-04-14,97,66.0
2015-04-15,79,66.0
2015-04-16,100,66.0
2015-04-17,74,66.0
2015-04-18,87,66.0
2015-04-19,71,66.0
2015-04-20,74,66.0
2015-04-21,70,66.0
2015-04-22,66,66.0
2015-04-23,73,66.0
2015-04-24,70,66.0
2015-04-25,65,66.0
2015-04-26,92,66.0
2015-04-27,57,66.0
2015-04-28,63,66.0
2015-04-29,78,66.0
2015-04-30,99,66.0
2015-05-01,43,65.0
2015-05-02,95,65.0
2015-05-03,88,65.0
2015-05-04,89,65.0
2015-05-05,84,65.0
2015-05-06,74,65.0
2015-05-07,78,65.0
2015-05-08,93,65.0
2015-05-09,72,65.0
2015-05-10,73,65.0
2015-05-11,70,65.0
2015-05-12,80,65.0
2015-05-13,82,65.0
2015-05-14,89,65.0
2015-05-15,85,65.0
2015-05-16,89,65.0
2015-05-17,74,65.0
2015-05-18,73,65.0
2015-05-19,90,65.0
2015-05-20,41,65.0
2015-05-21,55,65.0
2015-05-22,76,65.0
2015-05-23,100,65.0
2015-05-24,61,65.0
2015-05-25,67,65.0
2015-05-26,60,65.0
2015-05-27,63,65.0
2015-05-28,83,65.0
2015-05-29,60,65.0
2015-05-30,67,65.0
2015-05-31,72,65.0
2015-06-01,75,67.0
2015-06-02,71,67.0
2015-06-03,70,67.0
2015-06-04,66,67.0
2015-06-05,86,67.0
2015-06-06,73,67.0
2015-06-07,69,67.0
2015-06-08,75,67.0
2015-06-09,68,67.0
2015-06-10,69,67.0
2015-06-11,75,67.0
2015-06-12,76,67.0
2015-06-13,97,67.0
2015-06-14,94,67.0
2015-06-15,75,67.0
2015-06-16,86,67.0
2015-06-17,61,67.0
2015-06-18,77,67.0
2015-06-19,100,67.0
2015-06-20,78,67.0
2015-06-21,74,67.0
2015-06-22,78,67.0
2015-06-23,83,67.0
2015-06-24,66,67.0
2015-06-25,69,67.0
2015-06-26,78,67.0
2015-06-27,80,67.0
2015-06-28,70,67.0
2015-06-29,66,67.0
2015-06-30,76,67.0
2015-07-01,76,65.0
2015-07-02,61,65.0
2015-07-03,54,65.0
2015-07-04,64,65.0
2015-07-05,83,65.0
2015-07-06,61,65.0
2015-07-07,76,65.0
2015-07-08,61,65.0
2015-07-09,49,65.0
2015-07-10,63,65.0
2015-07-11,91,65.0
2015-07-12,71,65.0
2015-07-13,63,65.0
2015-07-14,71,65.0
2015-07-15,70,65.0
2015-07-16,71,65.0
2015-07-17,80,65.0
2015-07-18,59,65.0
2015-07-19,74,65.0
2015-07-20,65,65.0
2015-07-21,95,65.0
2015-07-22,77,65.0
2015-07-23,72,65.0
2015-07-24,76,65.0
2015-07-25,77,65.0
2015-07-26,69,65.0
2015-07-27,70,65.0
2015-07-28,65,65.0
2015-07-29,100,65.0
2015-07-30,69,65.0
2015-07-31,72,65.0
2015-08-01,94,67.0
2015-08-02,96,67.0
2015-08-03,93,67.0
2015-08-04,100,67.0
2015-08-05,78,67.0
2015-08-06,74,67.0
2015-08-07,94,67.0
2015-08-08,96,67.0
2015-08-09,78,67.0
2015-08-10,86,67.0
2015-08-11,77,67.0
2015-08-12,88,67.0
2015-08-13,98,67.0
2015-08-14,66,67.0
2015-08-15,85,67.0
2015-08-16,66,67.0
2015-08-17,62,67.0
2015-08-18,89,67.0
2015-08-19,79,67.0
2015-08-20,74,67.0
2015-08-21,49,67.0
2015-08-22,92,67.0
2015-08-23,81,67.0
2015-08-24,61,67.0
2015-08-25,72,67.0
2015-08-26,85,67.0
2015-08-27,94,67.0
2015-08-28,80,67.0
2015-08-29,92,67.0
2015-08-30,72,67.0
2015-08-31,67,67.0
2015-09-01,89,63.0
2015-09-02,74,63.0
2015-09-03,65,63.0
2015-09-04,81,63.0
2015-09-05,84,63.0
2015-09-06,86,63.0
2015-09-07,77,63.0
2015-09-08,54,63.0
2015-09-09,68,63.0
2015-09-10,69,63.0
2015-09-11,91,63.0
2015-09-12,88,63.0
2015-09-13,84,63.0
2015-09-14,90,63.0
2015-09-15,61,63.0
2015-09-16,69,63.0
2015-09-17,87,63.0
2015-09-18,77,63.0
2015-09-19,83,63.0
2015-09-20,84,63.0
2015-09-21,55,63.0
2015-09-22,78,63.0
2015-09-23,80,63.0
2015-09-24,94,63.0
2015-09-25,51,63.0
2015-09-26,67,63.0
2015-09-27,100,63.0
2015-09-28,96,63.0
2015-09-29,83,63.0
2015-09-30,75,63.0
2015-10-01,60,58.0
2015-10-02,75,58.0
2015-10-03,100,58.0
2015-10-04,97,58.0
2015-10-05,73,58.0
2015-10-06,89,58.0
2015-10-07,69,58.0
2015-10-08,73,58.0
2015-10-09,81,58.0
2015-10-10,95,58.0
2015-10-11,93,58.0
2015-10-12,92,58.0
2015-10-13,92,58.0
2015-10-14,74,58.0
2015-10-15,81,58.0
2015-10-16,70,58.0
2015-10-17,75,58.0
2015-10-18,99,58.0
2015-10-19,98,58.0
2015-10-20,62,58.0
2015-10-21,80,58.0
2015-10-22,89,58.0
2015-10-23,72,58.0
2015-10-24,74,58.0
2015-10-25,92,58.0
2015-10-26,79,58.0
2015-10-27,73,58.0
2015-10-28,66,58.0
2015-10-29,64,58.0
2015-10-30,63,58.0
2015-10-31,91,58.0
2015-11-01,30,73.0
2015-11-02,34,73.0
2015-11-03,43,73.0
2015-11-04,40,73.0
2015-11-05,39,73.0
2015-11-06,39,73.0
2015-11-07,19,73.0
2015-11-08,36,73.0
2015-11-09,36,73.0
2015-11-10,39,73.0
2015-11-11,29,73.0
2015-11-12,40,73.0
2015-11-13,33,73.0
2015-11-14,43,73.0
2015-11-15,45,73.0
2015-11-16,32,73.0
2015-11-17,46,73.0
2015-11-18,32,73.0
2015-11-19,35,73.0
2015-11-20,30,73.0
2015-11-21,43,73.0
2015-11-22,57,73.0
2015-11-23,45,73.0
2015-11-24,55,73.0
2015-11-25,59,73.0
2015-11-26,92,73.0
2015-11-27,100,73.0
2015-11-28,63,73.0
2015-11-29,56,73.0
2015-11-30,46,73.0
2015-12-01,74,81.0
2015-12-02,63,81.0
2015-12-03,52,81.0
2015-12-04,70,81.0
2015-12-05,77,81.0
2015-12-06,85,81.0
2015-12-07,77,81.0
2015-12-08,66,81.0
2015-12-09,63,81.0
2015-12-10,42,81.0
2015-12-11,60,81.0
2015-12-12,69,81.0
2015-12-13,69,81.0
2015-12-14,65,81.0
2015-12-15,55,81.0
2015-12-16,56,81.0
2015-12-17,66,81.0
2015-12-18,54,81.0
2015-12-19,71,81.0
2015-12-20,70,81.0
2015-12-21,79,81.0
2015-12-22,68,81.0
2015-12-23,67,81.0
2015-12-24,69,81.0
2015-12-25,100,81.0
2015-12-26,93,81.0
2015-12-27,64,81.0
2015-12-28,88,81.0
2015-12-29,72,81.0
2015-12-30,70,81.0
2015-12-31,50,81.0
2016-01-01,26,98.0
2016-01-02,32,98.0
2016-01-03,25,98.0
2016-01-04,28,98.0
2016-01-05,27,98.0
2016-01-06,33,98.0
2016-01-07,18,98.0
2016-01-08,24,98.0
2016-01-09,28,98.0
2016-01-10,22,98.0
2016-01-11,23,98.0
2016-01-12,27,98.0
2016-01-13,47,98.0
2016-01-14,100,98.0
2016-01-15,89,98.0
2016-01-16,64,98.0
2016-01-17,56,98.0
2016-01-18,54,98.0
2016-01-19,39,98.0
2016-01-20,41,98.0
2016-01-21,35,98.0
2016-01-22,35,98.0
2016-01-23,42,98.0
2016-01-24,47,98.0
2016-01-25,30,98.0
2016-01-26,35,98.0
2016-01-27,31,98.0
2016-01-28,40,98.0
2016-01-29,28,98.0
2016-01-30,33,98.0
2016-01-31,44,98.0
2016-02-01,75,71.0
2016-02-02,78,71.0
2016-02-03,70,71.0
2016-02-04,87,71.0
2016-02-05,100,71.0
2016-02-06,88,71.0
2016-02-07,78,71.0
2016-02-08,65,71.0
2016-02-09,78,71.0
2016-02-10,80,71.0
2016-02-11,66,71.0
2016-02-12,74,71.0
2016-02-13,71,71.0
2016-02-14,68,71.0
2016-02-15,83,71.0
2016-02-16,77,71.0
2016-02-17,63,71.0
2016-02-18,61,71.0
2016-02-19,80,71.0
2016-02-20,75,71.0
2016-02-21,67,71.0
2016-02-22,71,71.0
2016-02-23,73,71.0
2016-02-24,74,71.0
2016-02-25,70,71.0
2016-02-26,69,71.0
2016-02-27,93,71.0
2016-02-28,92,71.0
2016-02-29,59,71.0
2016-03-01,70,61.0
2016-03-02,55,61.0
2016-03-03,70,61.0
2016-03-04,83,61.0
2016-03-05,96,61.0
2016-03-06,86,61.0
2016-03-07,75,61.0
2016-03-08,66,61.0
2016-03-09,64,61.0
2016-03-10,74,61.0
2016-03-11,70,61.0
2016-03-12,93,61.0
2016-03-13,79,61.0
2016-03-14,77,61.0
2016-03-15,63,61.0
2016-03-16,65,61.0
2016-03-17,61,61.0
2016-03-18,64,61.0
2016-03-19,100,61.0
2016-03-20,85,61.0
2016-03-21,62,61.0
2016-03-22,73,61.0
2016-03-23,74,61.0
2016-03-24,88,61.0
2016-03-25,66,61.0
2016-03-26,81,61.0
2016-03-27,96,61.0
2016-03-28,74,61.0
2016-03-29,70,61.0
2016-03-30,83,61.0
2016-03-31,74,61.0
2016-04-01,67,58.0
2016-04-02,64,58.0
2016-04-03,69,58.0
2016-04-04,76,58.0
2016-04-05,80,58.0
2016-04-06,57,58.0
2016-04-07,51,58.0
2016-04-08,66,58.0
2016-04-09,83,58.0
2016-04-10,100,58.0
2016-04-11,59,58.0
2016-04-12,71,58.0
2016-04-13,49,58.0
2016-04-14,57,58.0
2016-04-15,66,58.0
2016-04-16,54,58.0
2016-04-17,58,58.0
2016-04-18,72,58.0
2016-04-19,58,58.0
2016-04-20,64,58.0
2016-04-21,54,58.0
2016-04-22,57,58.0
2016-04-23,71,58.0
2016-04-24,58,58.0
2016-04-25,59,58.0
2016-04-26,53,58.0
2016-04-27,61,58.0
2016-04-28,62,58.0
2016-04-29,56,58.0
2016-04-30,67,58.0
2016-05-01,85,58.0
2016-05-02,84,58.0
2016-05-03,65,58.0
2016-05-04,62,58.0
2016-05-05,72,58.0
2016-05-06,66,58.0
2016-05-07,88,58.0
2016-05-08,75,58.0
2016-05-09,67,58.0
2016-05-10,74,58.0
2016-05-11,69,58.0
2016-05-12,76,58.0
2016-05-13,49,58.0
2016-05-14,84,58.0
2016-05-15,78,58.0
2016-05-16,71,58.0
2016-05-17,73,58.0
2016-05-18,63,58.0
2016-05-19,89,58.0
2016-05-20,56,58.0
2016-05-21,79,58.0
2016-05-22,58,58.0
2016-05-23,66,58.0
2016-05-24,57,58.0
2016-05-25,86,58.0
2016-05-26,79,58.0
2016-05-27,73,58.0
2016-05-28,74,58.0
2016-05-29,52,58.0
2016-05-30,80,58.0
2016-05-31,100,58.0
2016-06-01,73,60.0
2016-06-02,98,60.0
2016-06-03,63,60.0
2016-06-04,100,60.0
2016-06-05,85,60.0
2016-06-06,65,60.0
2016-06-07,82,60.0
2016-06-08,82,60.0
2016-06-09,90,60.0
2016-06-10,78,60.0
2016-06-11,83,60.0
2016-06-12,90,60.0
2016-06-13,79,60.0
2016-06-14,69,60.0
2016-06-15,69,60.0
2016-06-16,82,60.0
2016-06-17,81,60.0
2016-06-18,73,60.0
2016-06-19,69,60.0
2016-06-20,85,60.0
2016-06-21,96,60.0
2016-06-22,70,60.0
2016-06-23,83,60.0
2016-06-24,71,60.0
2016-06-25,78,60.0
2016-06-26,82,60.0
2016-06-27,68,60.0
2016-06-28,72,60.0
2016-06-29,59,60.0
2016-06-30,92,60.0
2016-07-01,91,58.0
2016-07-02,71,58.0
2016-07-03,78,58.0
2016-07-04,89,58.0
2016-07-05,66,58.0
2016-07-06,88,58.0
2016-07-07,86,58.0
2016-07-08,100,58.0
2016-07-09,87,58.0
2016-07-10,76,58.0
2016-07-11,82,58.0
2016-07-12,86,58.0
2016-07-13,86,58.0
2016-07-14,94,58.0
2016-07-15,75,58.0
2016-07-16,77,58.0
2016-07-17,74,58.0
2016-07-18,78,58.0
2016-07-19,71,58.0
2016-07-20,84,58.0
2016-07-21,82,58.0
2016-07-22,78,58.0
2016-07-23,68,58.0
2016-07-24,90,58.0
2016-07-25,90,58.0
2016-07-26,68,58.0
2016-07-27,65,58.0
2016-07-28,84,58.0
2016-07-29,73,58.0
2016-07-30,72,58.0
2016-07-31,89,58.0
2016-08-01,81,58.0
2016-08-02,76,58.0
2016-08-03,60,58.0
2016-08-04,85,58.0
2016-08-05,72,58.0
2016-08-06,93,58.0
2016-08-07,52,58.0
2016-08-08,67,58.0
2016-08-09,49,58.0
2016-08-10,61,58.0
2016-08-11,87,58.0
2016-08-12,76,58.0
2016-08-13,66,58.0
2016-08-14,64,58.0
2016-08-15,54,58.0
2016-08-16,70,58.0
2016-08-17,74,58.0
2016-08-18,70,58.0
2016-08-19,90,58.0
2016-08-20,77,58.0
2016-08-21,66,58.0
2016-08-22,76,58.0
2016-08-23,100,58.0
2016-08-24,72,58.0
2016-08-25,84,58.0
2016-08-26,74,58.0
2016-08-27,81,58.0
2016-08-28,72,58.0
2016-08-29,59,58.0
2016-08-30,68,58.0
2016-08-31,53,58.0
2016-09-01,63,59.0
2016-09-02,77,59.0
2016-09-03,90,59.0
2016-09-04,66,59.0
2016-09-05,81,59.0
2016-09-06,93,59.0
2016-09-07,80,59.0
2016-09-08,87,59.0
2016-09-09,71,59.0
2016-09-10,89,59.0
2016-09-11,100,59.0
2016-09-12,81,59.0
2016-09-13,81,59.0
2016-09-14,56,59.0
2016-09-15,93,59.0
2016-09-16,53,59.0
2016-09-17,90,59.0
2016-09-18,93,59.0
2016-09-19,71,59.0
2016-09-20,59,59.0
2016-09-21,71,59.0
2016-09-22,60,59.0
2016-09-23,64,59.0
2016-09-24,84,59.0
2016-09-25,58,59.0
2016-09-26,64,59.0
2016-09-27,88,59.0
2016-09-28,76,59.0
2016-09-29,70,59.0
2016-09-30,68,59.0
2016-10-01,88,62.0
2016-10-02,91,62.0
2016-10-03,82,62.0
2016-10-04,68,62.0
2016-10-05,64,62.0
2016-10-06,59,62.0
2016-10-07,66,62.0
2016-10-08,78,62.0
2016-10-09,73,62.0
2016-10-10,57,62.0
2016-10-11,81,62.0
2016-10-12,74,62.0
2016-10-13,81,62.0
2016-10-14,69,62.0
2016-10-15,87,62.0
2016-10-16,97,62.0
2016-10-17,72,62.0
2016-10-18,80,62.0
2016-10-19,68,62.0
2016-10-20,50,62.0
2016-10-21,84,62.0
2016-10-22,80,62.0
2016-10-23,77,62.0
2016-10-24,81,62.0
2016-10-25,64,62.0
2016-10-26,80,62.0
2016-10-27,65,62.0
2016-10-28,70,62.0
2016-10-29,100,62.0
2016-10-30,73,62.0
2016-10-31,64,62.0
2016-11-01,43,74.0
2016-11-02,43,74.0
2016-11-03,43,74.0
2016-11-04,38,74.0
2016-11-05,38,74.0
2016-11-06,53,74.0
2016-11-07,40,74.0
2016-11-08,41,74.0
2016-11-09,23,74.0
2016-11-10,39,74.0
2016-11-11,55,74.0
2016-11-12,44,74.0
2016-11-13,62,74.0
2016-11-14,56,74.0
2016-11-15,51,74.0
2016-11-16,47,74.0
2016-11-17,41,74.0
2016-11-18,48,74.0
2016-11-19,46,74.0
2016-11-20,65,74.0
2016-11-21,38,74.0
2016-11-22,55,74.0
2016-11-23,69,74.0
2016-11-24,90,74.0
2016-11-25,100,74.0
2016-11-26,80,74.0
2016-11-27,58,74.0
2016-11-28,81,74.0
2016-11-29,64,74.0
2016-11-30,57,74.0
2016-12-01,70,82.0
2016-12-02,56,82.0
2016-12-03,69,82.0
2016-12-04,71,82.0
2016-12-05,62,82.0
2016-12-06,69,82.0
2016-12-07,65,82.0
2016-12-08,63,82.0
2016-12-09,55,82.0
2016-12-10,57,82.0
2016-12-11,85,82.0
2016-12-12,72,82.0
2016-12-13,63,82.0
2016-12-14,58,82.0
2016-12-15,66,82.0
2016-12-16,58,82.0
2016-12-17,61,82.0
2016-12-18,81,82.0
2016-12-19,65,82.0
2016-12-20,72,82.0
2016-12-21,65,82.0
2016-12-22,61,82.0
2016-12-23,64,82.0
2016-12-24,56,82.0
2016-12-25,92,82.0
2016-12-26,100,82.0
2016-12-27,67,82.0
2016-12-28,74,82.0
2016-12-29,71,82.0
2016-12-30,57,82.0
2016-12-31,68,82.0
2017-01-01,100,69.0
2017-01-02,76,69.0
2017-01-03,70,69.0
2017-01-04,74,69.0
2017-01-05,79,69.0
2017-01-06,84,69.0
2017-01-07,61,69.0
2017-01-08,67,69.0
2017-01-09,87,69.0
2017-01-10,89,69.0
2017-01-11,81,69.0
2017-01-12,59,69.0
2017-01-13,71,69.0
2017-01-14,72,69.0
2017-01-15,72,69.0
2017-01-16,93,69.0
2017-01-17,56,69.0
2017-01-18,56,69.0
2017-01-19,62,69.0
2017-01-20,75,69.0
2017-01-21,80,69.0
2017-01-22,85,69.0
2017-01-23,71,69.0
2017-01-24,67,69.0
2017-01-25,69,69.0
2017-01-26,58,69.0
2017-01-27,67,69.0
2017-01-28,58,69.0
2017-01-29,77,69.0
2017-01-30,76,69.0
2017-01-31,66,69.0
2017-02-01,82,59.0
2017-02-02,78,59.0
2017-02-03,80,59.0
2017-02-04,100,59.0
2017-02-05,91,59.0
2017-02-06,77,59.0
2017-02-07,96,59.0
2017-02-08,81,59.0
2017-02-09,85,59.0
2017-02-10,86,59.0
2017-02-11,93,59.0
2017-02-12,80,59.0
2017-02-13,76,59.0
2017-02-14,72,59.0
2017-02-15,76,59.0
2017-02-16,72,59.0
2017-02-17,67,59.0
2017-02-18,96,59.0
2017-02-19,77,59.0
2017-02-20,70,59.0
2017-02-21,83,59.0
2017-02-22,72,59.0
2017-02-23,80,59.0
2017-02-24,89,59.0
2017-02-25,72,59.0
2017-02-26,63,59.0
2017-02-27,63,59.0
2017-02-28,77,59.0
2017-03-01,47,71.0
2017-03-02,51,71.0
2017-03-03,58,71.0
2017-03-04,55,71.0
2017-03-05,57,71.0
2017-03-06,58,71.0
2017-03-07,50,71.0
2017-03-08,44,71.0
2017-03-09,46,71.0
2017-03-10,46,71.0
2017-03-11,62,71.0
2017-03-12,61,71.0
2017-03-13,51,71.0
2017-03-14,58,71.0
2017-03-15,47,71.0
2017-03-16,49,71.0
2017-03-17,55,71.0
2017-03-18,45,71.0
2017-03-19,51,71.0
2017-03-20,63,71.0
2017-03-21,52,71.0
2017-03-22,72,71.0
2017-03-23,80,71.0
2017-03-24,70,71.0
2017-03-25,100,71.0
2017-03-26,98,71.0
2017-03-27,79,71.0
2017-03-28,60,71.0
2017-03-29,55,71.0
2017-03-30,51,71.0
2017-03-31,66,71.0
2017-04-01,99,68.0
2017-04-02,97,68.0
2017-04-03,81,68.0
2017-04-04,82,68.0
2017-04-05,71,68.0
2017-04-06,73,68.0
2017-04-07,83,68.0
2017-04-08,82,68.0
2017-04-09,68,68.0
2017-04-10,70,68.0
2017-04-11,75,68.0
2017-04-12,79,68.0
2017-04-13,54,68.0
2017-04-14,68,68.0
2017-04-15,76,68.0
2017-04-16,100,68.0
2017-04-17,72,68.0
2017-04-18,81,68.0
2017-04-19,64,68.0
2017-04-20,81,68.0
2017-04-21,75,68.0
2017-04-22,72,68.0
2017-04-23,72,68.0
2017-04-24,78,68.0
2017-04-25,76,68.0
2017-04-26,72,68.0
2017-04-27,76,68.0
2017-04-28,65,68.0
2017-04-29,80,68.0
2017-04-30,71,68.0
2017-05-01,90,63.0
2017-05-02,76,63.0
2017-05-03,79,63.0
2017-05-04,76,63.0
2017-05-05,60,63.0
2017-05-06,93,63.0
2017-05-07,78,63.0
2017-05-08,94,63.0
2017-05-09,85,63.0
2017-05-10,74,63.0
2017-05-11,82,63.0
2017-05-12,66,63.0
2017-05-13,94,63.0
2017-05-14,79,63.0
2017-05-15,72,63.0
2017-05-16,64,63.0
2017-05-17,81,63.0
2017-05-18,86,63.0
2017-05-19,73,63.0
2017-05-20,100,63.0
2017-05-21,65,63.0
2017-05-22,64,63.0
2017-05-23,62,63.0
2017-05-24,66,63.0
2017-05-25,80,63.0
2017-05-26,85,63.0
2017-05-27,75,63.0
2017-05-28,89,63.0
2017-05-29,80,63.0
2017-05-30,66,63.0
2017-05-31,81,63.0
2017-06-01,72,64.0
2017-06-02,70,64.0
2017-06-03,84,64.0
2017-06-04,67,64.0
2017-06-05,72,64.0
2017-06-06,74,64.0
2017-06-07,60,64.0
2017-06-08,73,64.0
2017-06-09,76,64.0
2017-06-10,100,64.0
2017-06-11,62,64.0
2017-06-12,64,64.0
2017-06-13,87,64.0
2017-06-14,96,64.0
2017-06-15,72,64.0
2017-06-16,93,64.0
2017-06-17,82,64.0
2017-06-18,80,64.0
2017-06-19,76,64.0
2017-06-20,79,64.0
2017-06-21,68,64.0
2017-06-22,86,64.0
2017-06-23,58,64.0
2017-06-24,66,64.0
2017-06-25,87,64.0
2017-06-26,89,64.0
2017-06-27,78,64.0
2017-06-28,65,64.0
2017-06-29,77,64.0
2017-06-30,72,64.0
2017-07-01,61,65.0
2017-07-02,65,65.0
2017-07-03,100,65.0
2017-07-04,67,65.0
2017-07-05,71,65.0
2017-07-06,68,65.0
2017-07-07,64,65.0
2017-07-08,68,65.0
2017-07-09,89,65.0
2017-07-10,70,65.0
2017-07-11,94,65.0
2017-07-12,74,65.0
2017-07-13,76,65.0
2017-07-14,62,65.0
2017-07-15,54,65.0
2017-07-16,67,65.0
2017-07-17,53,65.0
2017-07-18,66,65.0
2017-07-19,44,65.0
2017-07-20,65,65.0
2017-07-21,72,65.0
2017-07-22,69,65.0
2017-07-23,57,65.0
2017-07-24,58,65.0
2017-07-25,50,65.0
2017-07-26,54,65.0
2017-07-27,58,65.0
2017-07-28,59,65.0
2017-07-29,36,65.0
2017-07-30,58,65.0
2017-07-31,56,65.0
2017-08-01,80,69.0
2017-08-02,76,69.0
2017-08-03,78,69.0
2017-08-04,90,69.0
2017-08-05,96,69.0
2017-08-06,84,69.0
2017-08-07,75,69.0
2017-08-08,92,69.0
2017-08-09,73,69.0
2017-08-10,64,69.0
2017-08-11,73,69.0
2017-08-12,81,69.0
2017-08-13,75,69.0
2017-08-14,67,69.0
2017-08-15,78,69.0
2017-08-16,82,69.0
2017-08-17,75,69.0
2017-08-18,100,69.0
2017-08-19,69,69.0
2017-08-20,69,69.0
2017-08-21,68,69.0
2017-08-22,56,69.0
2017-08-23,54,69.0
2017-08-24,71,69.0
2017-08-25,70,69.0
2017-08-26,54,69.0
2017-08-27,57,69.0
2017-08-28,55,69.0
2017-08-29,69,69.0
2017-08-30,62,69.0
2017-08-31,63,69.0
2017-09-01,94,59.0
2017-09-02,84,59.0
2017-09-03,93,59.0
2017-09-04,79,59.0
2017-09-05,84,59.0
2017-09-06,94,59.0
2017-09-07,88,59.0
2017-09-08,82,59.0
2017-09-09,68,59.0
2017-09-10,68,59.0
2017-09-11,95,59.0
2017-09-12,94,59.0
2017-09-13,89,59.0
2017-09-14,93,59.0
2017-09-15,64,59.0
2017-09-16,88,59.0
2017-09-17,79,59.0
2017-09-18,91,59.0
2017-09-19,76,59.0
2017-09-20,62,59.0
2017-09-21,59,59.0
2017-09-22,78,59.0
2017-09-23,69,59.0
2017-09-24,63,59.0
2017-09-25,81,59.0
2017-09-26,69,59.0
2017-09-27,92,59.0
2017-09-28,86,59.0
2017-09-29,100,59.0
2017-09-30,91,59.0
2017-10-01,99,60.0
2017-10-02,61,60.0
2017-10-03,63,60.0
2017-10-04,81,60.0
2017-10-05,69,60.0
2017-10-06,69,60.0
2017-10-07,79,60.0
2017-10-08,62,60.0
2017-10-09,70,60.0
2017-10-10,77,60.0
2017-10-11,59,60.0
2017-10-12,75,60.0
2017-10-13,56,60.0
2017-10-14,74,60.0
2017-10-15,72,60.0
2017-10-16,99,60.0
2017-10-17,74,60.0
2017-10-18,60,60.0
2017-10-19,71,60.0
2017-10-20,88,60.0
2017-10-21,83,60.0
2017-10-22,91,60.0
2017-10-23,73,60.0
2017-10-24,65,60.0
2017-10-25,73,60.0
2017-10-26,84,60.0
2017-10-27,71,60.0
2017-10-28,100,60.0
2017-10-29,72,60.0
2017-10-30,75,60.0
2017-10-31,69,60.0
2017-11-01,38,87.0
2017-11-02,38,87.0
2017-11-03,40,87.0
2017-11-04,39,87.0
2017-11-05,48,87.0
2017-11-06,41,87.0
2017-11-07,43,87.0
2017-11-08,47,87.0
2017-11-09,47,87.0
2017-11-10,45,87.0
2017-11-11,41,87.0
2017-11-12,44,87.0
2017-11-13,46,87.0
2017-11-14,40,87.0
2017-11-15,38,87.0
2017-11-16,35,87.0
2017-11-17,46,87.0
2017-11-18,54,87.0
2017-11-19,49,87.0
2017-11-20,59,87.0
2017-11-21,53,87.0
2017-11-22,52,87.0
2017-11-23,100,87.0
2017-11-24,87,87.0
2017-11-25,60,87.0
2017-11-26,63,87.0
2017-11-27,68,87.0
2017-11-28,55,87.0
2017-11-29,53,87.0
2017-11-30,48,87.0
2017-12-01,57,100.0
2017-12-02,60,100.0
2017-12-03,62,100.0
2017-12-04,64,100.0
2017-12-05,58,100.0
2017-12-06,84,100.0
2017-12-07,57,100.0
2017-12-08,67,100.0
2017-12-09,73,100.0
2017-12-10,60,100.0
2017-12-11,61,100.0
2017-12-12,72,100.0
2017-12-13,84,100.0
2017-12-14,100,100.0
2017-12-15,68,100.0
2017-12-16,58,100.0
2017-12-17,80,100.0
2017-12-18,61,100.0
2017-12-19,95,100.0
2017-12-20,83,100.0
2017-12-21,94,100.0
2017-12-22,79,100.0
2017-12-23,64,100.0
2017-12-24,72,100.0
2017-12-25,83,100.0
2017-12-26,97,100.0
2017-12-27,77,100.0
2017-12-28,73,100.0
2017-12-29,63,100.0
2017-12-30,56,100.0
2017-12-31,73,100.0
2018-01-01,77,78.0
2018-01-02,48,78.0
2018-01-03,66,78.0
2018-01-04,64,78.0
2018-01-05,69,78.0
2018-01-06,76,78.0
2018-01-07,85,78.0
2018-01-08,55,78.0
2018-01-09,54,78.0
2018-01-10,62,78.0
2018-01-11,44,78.0
2018-01-12,55,78.0
2018-01-13,100,78.0
2018-01-14,63,78.0
2018-01-15,72,78.0
2018-01-16,62,78.0
2018-01-17,54,78.0
2018-01-18,65,78.0
2018-01-19,62,78.0
2018-01-20,68,78.0
2018-01-21,59,78.0
2018-01-22,50,78.0
2018-01-23,56,78.0
2018-01-24,61,78.0
2018-01-25,45,78.0
2018-01-26,60,78.0
2018-01-27,54,78.0
2018-01-28,63,78.0
2018-01-29,47,78.0
2018-01-30,54,78.0
2018-01-31,49,78.0
2018-02-01,75,67.0
2018-02-02,87,67.0
2018-02-03,100,67.0
2018-02-04,75,67.0
2018-02-05,70,67.0
2018-02-06,85,67.0
2018-02-07,73,67.0
2018-02-08,83,67.0
2018-02-09,83,67.0
2018-02-10,72,67.0
2018-02-11,67,67.0
2018-02-12,65,67.0
2018-02-13,78,67.0
2018-02-14,58,67.0
2018-02-15,78,67.0
2018-02-16,75,67.0
2018-02-17,78,67.0
2018-02-18,75,67.0
2018-02-19,71,67.0
2018-02-20,94,67.0
2018-02-21,77,67.0
2018-02-22,78,67.0
2018-02-23,97,67.0
2018-02-24,100,67.0
2018-02-25,59,67.0
2018-02-26,85,67.0
2018-02-27,90,67.0
2018-02-28,85,67.0
2018-03-01,61,69.0
2018-03-02,60,69.0
2018-03-03,73,69.0
2018-03-04,69,69.0
2018-03-05,53,69.0
2018-03-06,59,69.0
2018-03-07,69,69.0
2018-03-08,63,69.0
2018-03-09,78,69.0
2018-03-10,62,69.0
2018-03-11,63,69.0
2018-03-12,100,69.0
2018-03-13,74,69.0
2018-03-14,70,69.0
2018-03-15,71,69.0
2018-03-16,56,69.0
2018-03-17,63,69.0
2018-03-18,51,69.0
2018-03-19,62,69.0
2018-03-20,54,69.0
2018-03-21,60,69.0
2018-03-22,88,69.0
2018-03-23,56,69.0
2018-03-24,73,69.0
2018-03-25,77,69.0
2018-03-26,69,69.0
2018-03-27,62,69.0
2018-03-28,59,69.0
2018-03-29,60,69.0
2018-03-30,64,69.0
2018-03-31,56,69.0
2018-04-01,49,76.0
2018-04-02,67,76.0
2018-04-03,60,76.0
2018-04-04,54,76.0
2018-04-05,59,76.0
2018-04-06,45,76.0
2018-04-07,51,76.0
2018-04-08,54,76.0
2018-04-09,57,76.0
2018-04-10,60,76.0
2018-04-11,60,76.0
2018-04-12,83,76.0
2018-04-13,68,76.0
2018-04-14,67,76.0
2018-04-15,65,76.0
2018-04-16,57,76.0
2018-04-17,39,76.0
2018-04-18,60,76.0
2018-04-19,48,76.0
2018-04-20,61,76.0
2018-04-21,83,76.0
2018-04-22,62,76.0
2018-04-23,47,76.0
2018-04-24,64,76.0
2018-04-25,70,76.0
2018-04-26,51,76.0
2018-04-27,67,76.0
2018-04-28,100,76.0
2018-04-29,88,76.0
2018-04-30,72,76.0
2018-05-01,71,77.0
2018-05-02,67,77.0
2018-05-03,55,77.0
2018-05-04,64,77.0
2018-05-05,69,77.0
2018-05-06,64,77.0
2018-05-07,66,77.0
2018-05-08,69,77.0
2018-05-09,83,77.0
2018-05-10,73,77.0
2018-05-11,70,77.0
2018-05-12,74,77.0
2018-05-13,61,77.0
2018-05-14,67,77.0
2018-05-15,77,77.0
2018-05-16,64,77.0
2018-05-17,57,77.0
2018-05-18,70,77.0
2018-05-19,72,77.0
2018-05-20,77,77.0
2018-05-21,60,77.0
2018-05-22,64,77.0
2018-05-23,80,77.0
2018-05-24,68,77.0
2018-05-25,56,77.0
2018-05-26,70,77.0
2018-05-27,57,77.0
2018-05-28,88,77.0
2018-05-29,71,77.0
2018-05-30,74,77.0
2018-05-31,100,77.0
2018-06-01,87,82.0
2018-06-02,98,82.0
2018-06-03,89,82.0
2018-06-04,81,82.0
2018-06-05,82,82.0
2018-06-06,66,82.0
2018-06-07,65,82.0
2018-06-08,62,82.0
2018-06-09,100,82.0
2018-06-10,52,82.0
2018-06-11,76,82.0
2018-06-12,64,82.0
2018-06-13,75,82.0
2018-06-14,74,82.0
2018-06-15,63,82.0
2018-06-16,53,82.0
2018-06-17,54,82.0
2018-06-18,70,82.0
2018-06-19,64,82.0
2018-06-20,66,82.0
2018-06-21,68,82.0
2018-06-22,67,82.0
2018-06-23,38,82.0
2018-06-24,57,82.0
2018-06-25,56,82.0
2018-06-26,51,82.0
2018-06-27,66,82.0
2018-06-28,60,82.0
2018-06-29,57,82.0
2018-06-30,64,82.0
2018-07-01,89,72.0
2018-07-02,73,72.0
2018-07-03,85,72.0
2018-07-04,93,72.0
2018-07-05,76,72.0
2018-07-06,75,72.0
2018-07-07,87,72.0
2018-07-08,97,72.0
2018-07-09,95,72.0
2018-07-10,87,72.0
2018-07-11,78,72.0
2018-07-12,86,72.0
2018-07-13,84,72.0
2018-07-14,72,72.0
2018-07-15,68,72.0
2018-07-16,79,72.0
2018-07-17,86,72.0
2018-07-18,100,72.0
2018-07-19,86,72.0
2018-07-20,75,72.0
2018-07-21,71,72.0
2018-07-22,64,72.0
2018-07-23,88,72.0
2018-07-24,100,72.0
2018-07-25,81,72.0
2018-07-26,96,72.0
2018-07-27,74,72.0
2018-07-28,75,72.0
2018-07-29,91,72.0
2018-07-30,84,72.0
2018-07-31,79,72.0
2018-08-01,85,64.0
2018-08-02,76,64.0
2018-08-03,79,64.0
2018-08-04,85,64.0
2018-08-05,85,64.0
2018-08-06,100,64.0
2018-08-07,100,64.0
2018-08-08,92,64.0
2018-08-09,80,64.0
2018-08-10,62,64.0
2018-08-11,64,64.0
2018-08-12,88,64.0
2018-08-13,61,64.0
2018-08-14,88,64.0
2018-08-15,93,64.0
2018-08-16,81,64.0
2018-08-17,58,64.0
2018-08-18,81,64.0
2018-08-19,78,64.0
2018-08-20,72,64.0
2018-08-21,88,64.0
2018-08-22,70,64.0
2018-08-23,91,64.0
2018-08-24,82,64.0
2018-08-25,83,64.0
2018-08-26,74,64.0
2018-08-27,82,64.0
2018-08-28,85,64.0
2018-08-29,82,64.0
2018-08-30,76,64.0
2018-08-31,84,64.0
2018-09-01,73,66.0
2018-09-02,50,66.0
2018-09-03,68,66.0
2018-09-04,65,66.0
2018-09-05,100,66.0
2018-09-06,96,66.0
2018-09-07,79,66.0
2018-09-08,68,66.0
2018-09-09,60,66.0
2018-09-10,72,66.0
2018-09-11,61,66.0
2018-09-12,67,66.0
2018-09-13,58,66.0
2018-09-14,65,66.0
2018-09-15,54,66.0
2018-09-16,67,66.0
2018-09-17,57,66.0
2018-09-18,64,66.0
2018-09-19,62,66.0
2018-09-20,53,66.0
2018-09-21,59,66.0
2018-09-22,58,66.0
2018-09-23,54,66.0
2018-09-24,63,66.0
2018-09-25,56,66.0
2018-09-26,61,66.0
2018-09-27,65,66.0
2018-09-28,48,66.0
2018-09-29,52,66.0
2018-09-30,68,66.0
2018-10-01,65,62.0
2018-10-02,100,62.0
2018-10-03,72,62.0
2018-10-04,91,62.0
2018-10-05,65,62.0
2018-10-06,86,62.0
2018-10-07,62,62.0
2018-10-08,92,62.0
2018-10-09,84,62.0
2018-10-10,65,62.0
2018-10-11,67,62.0
2018-10-12,60,62.0
2018-10-13,73,62.0
2018-10-14,70,62.0
2018-10-15,90,62.0
2018-10-16,87,62.0
2018-10-17,68,62.0
2018-10-18,74,62.0
2018-10-19,64,62.0
2018-10-20,83,62.0
2018-10-21,66,62.0
2018-10-22,77,62.0
2018-10-23,94,62.0
2018-10-24,77,62.0
2018-10-25,70,62.0
2018-10-26,80,62.0
2018-10-27,64,62.0
2018-10-28,85,62.0
2018-10-29,63,62.0
2018-10-30,98,62.0
2018-10-31,88,62.0
2018-11-01,59,80.0
2018-11-02,55,80.0
2018-11-03,64,80.0
2018-11-04,49,80.0
2018-11-05,54,80.0
2018-11-06,49,80.0
2018-11-07,58,80.0
2018-11-08,64,80.0
2018-11-09,52,80.0
2018-11-10,53,80.0
2018-11-11,68,80.0
2018-11-12,59,80.0
2018-11-13,49,80.0
2018-11-14,62,80.0
2018-11-15,66,80.0
2018-11-16,54,80.0
2018-11-17,67,80.0
2018-11-18,60,80.0
2018-11-19,69,80.0
2018-11-20,70,80.0
2018-11-21,64,80.0
2018-11-22,100,80.0
2018-11-23,98,80.0
2018-11-24,79,80.0
2018-11-25,60,80.0
2018-11-26,68,80.0
2018-11-27,71,80.0
2018-11-28,53,80.0
2018-11-29,50,80.0
2018-11-30,68,80.0
2018-12-01,63,78.0
2018-12-02,58,78.0
2018-12-03,51,78.0
2018-12-04,45,78.0
2018-12-05,58,78.0
2018-12-06,53,78.0
2018-12-07,54,78.0
2018-12-08,58,78.0
2018-12-09,60,78.0
2018-12-10,51,78.0
2018-12-11,55,78.0
2018-12-12,42,78.0
2018-12-13,62,78.0
2018-12-14,54,78.0
2018-12-15,60,78.0
2018-12-16,55,78.0
2018-12-17,60,78.0
2018-12-18,64,78.0
2018-12-19,58,78.0
2018-12-20,64,78.0
2018-12-21,59,78.0
2018-12-22,54,78.0
2018-12-23,61,78.0
2018-12-24,75,78.0
2018-12-25,100,78.0
2018-12-26,79,78.0
2018-12-27,64,78.0
2018-12-28,81,78.0
2018-12-29,65,78.0
2018-12-30,64,78.0
2018-12-31,55,78.0
2019-01-01,79,65.0
2019-01-02,98,65.0
2019-01-03,85,65.0
2019-01-04,75,65.0
2019-01-05,68,65.0
2019-01-06,61,65.0
2019-01-07,87,65.0
2019-01-08,67,65.0
2019-01-09,69,65.0
2019-01-10,70,65.0
2019-01-11,70,65.0
2019-01-12,87,65.0
2019-01-13,49,65.0
2019-01-14,72,65.0
2019-01-15,100,65.0
2019-01-16,78,65.0
2019-01-17,57,65.0
2019-01-18,68,65.0
2019-01-19,54,65.0
2019-01-20,66,65.0
2019-01-21,82,65.0
2019-01-22,63,65.0
2019-01-23,75,65.0
2019-01-24,69,65.0
2019-01-25,65,65.0
2019-01-26,81,65.0
2019-01-27,80,65.0
2019-01-28,73,65.0
2019-01-29,72,65.0
2019-01-30,71,65.0
2019-01-31,54,65.0
2019-02-01,77,70.0
2019-02-02,56,70.0
2019-02-03,68,70.0
2019-02-04,56,70.0
2019-02-05,68,70.0
2019-02-06,78,70.0
2019-02-07,75,70.0
2019-02-08,78,70.0
2019-02-09,67,70.0
2019-02-10,60,70.0
2019-02-11,67,70.0
2019-02-12,81,70.0
2019-02-13,73,70.0
2019-02-14,100,70.0
2019-02-15,88,70.0
2019-02-16,83,70.0
2019-02-17,87,70.0
2019-02-18,77,70.0
2019-02-19,71,70.0
2019-02-20,87,70.0
2019-02-21,79,70.0
2019-02-22,64,70.0
2019-02-23,93,70.0
2019-02-24,57,70.0
2019-02-25,84,70.0
2019-02-26,64,70.0
2019-02-27,76,70.0
2019-02-28,91,70.0
2019-03-01,100,66.0
2019-03-02,71,66.0
2019-03-03,81,66.0
2019-03-04,91,66.0
2019-03-05,78,66.0
2019-03-06,80,66.0
2019-03-07,80,66.0
2019-03-08,78,66.0
2019-03-09,77,66.0
2019-03-10,82,66.0
2019-03-11,74,66.0
2019-03-12,78,66.0
2019-03-13,63,66.0
2019-03-14,86,66.0
2019-03-15,80,66.0
2019-03-16,81,66.0
2019-03-17,71,66.0
2019-03-18,85,66.0
2019-03-19,62,66.0
2019-03-20,86,66.0
2019-03-21,77,66.0
2019-03-22,57,66.0
2019-03-23,78,66.0
2019-03-24,77,66.0
2019-03-25,79,66.0
2019-03-26,77,66.0
2019-03-27,80,66.0
2019-03-28,94,66.0
2019-03-29,70,66.0
2019-03-30,84,66.0
2019-03-31,80,66.0
2019-04-01,56,69.0
2019-04-02,79,69.0
2019-04-03,89,69.0
2019-04-04,89,69.0
2019-04-05,88,69.0
2019-04-06,67,69.0
2019-04-07,77,69.0
2019-04-08,100,69.0
2019-04-09,62,69.0
2019-04-10,69,69.0
2019-04-11,86,69.0
2019-04-12,70,69.0
2019-04-13,79,69.0
2019-04-14,78,69.0
2019-04-15,74,69.0
2019-04-16,85,69.0
2019-04-17,96,69.0
2019-04-18,75,69.0
2019-04-19,71,69.0
2019-04-20,78,69.0
2019-04-21,92,69.0
2019-04-22,78,69.0
2019-04-23,81,69.0
2019-04-24,87,69.0
2019-04-25,64,69.0
2019-04-26,83,69.0
2019-04-27,91,69.0
2019-04-28,95,69.0
2019-04-29,93,69.0
2019-04-30,74,69.0
2019-05-01,91,68.0
2019-05-02,70,68.0
2019-05-03,76,68.0
2019-05-04,93,68.0
2019-05-05,71,68.0
2019-05-06,84,68.0
2019-05-07,68,68.0
2019-05-08,65,68.0
2019-05-09,80,68.0
2019-05-10,78,68.0
2019-05-11,83,68.0
2019-05-12,87,68.0
2019-05-13,68,68.0
2019-05-14,89,68.0
2019-05-15,76,68.0
2019-05-16,84,68.0
2019-05-17,63,68.0
2019-05-18,69,68.0
2019-05-19,71,68.0
2019-05-20,63,68.0
2019-05-21,80,68.0
2019-05-22,86,68.0
2019-05-23,69,68.0
2019-05-24,86,68.0
2019-05-25,90,68.0
2019-05-26,69,68.0
2019-05-27,100,68.0
2019-05-28,94,68.0
2019-05-29,96,68.0
2019-05-30,85,68.0
2019-05-31,95,68.0
2019-06-01,100,76.0
2019-06-02,91,76.0
2019-06-03,74,76.0
2019-06-04,91,76.0
2019-06-05,72,76.0
2019-06-06,75,76.0
2019-06-07,62,76.0
2019-06-08,81,76.0
2019-06-09,73,76.0
2019-06-10,81,76.0
2019-06-11,71,76.0
2019-06-12,74,76.0
2019-06-13,74,76.0
2019-06-14,62,76.0
2019-06-15,69,76.0
2019-06-16,87,76.0
2019-06-17,76,76.0
2019-06-18,77,76.0
2019-06-19,80,76.0
2019-06-20,66,76.0
2019-06-21,69,76.0
2019-06-22,80,76.0
2019-06-23,76,76.0
2019-06-24,67,76.0
2019-06-25,89,76.0
2019-06-26,74,76.0
2019-06-27,74,76.0
2019-06-28,73,76.0
2019-06-29,76,76.0
2019-06-30,67,76.0
2019-07-01,75,69.0
2019-07-02,65,69.0
2019-07-03,70,69.0
2019-07-04,73,69.0
2019-07-05,62,69.0
2019-07-06,71,69.0
2019-07-07,62,69.0
2019-07-08,70,69.0
2019-07-09,66,69.0
2019-07-10,71,69.0
2019-07-11,57,69.0
2019-07-12,78,69.0
2019-07-13,69,69.0
2019-07-14,58,69.0
2019-07-15,69,69.0
2019-07-16,87,69.0
2019-07-17,73,69.0
2019-07-18,61,69.0
2019-07-19,100,69.0
2019-07-20,76,69.0
2019-07-21,54,69.0
2019-07-22,57,69.0
2019-07-23,64,69.0
2019-07-24,85,69.0
2019-07-25,54,69.0
2019-07-26,51,69.0
2019-07-27,59,69.0
2019-07-28,47,69.0
2019-07-29,51,69.0
2019-07-30,59,69.0
2019-07-31,64,69.0
2019-08-01,87,68.0
2019-08-02,71,68.0
2019-08-03,85,68.0
2019-08-04,78,68.0
2019-08-05,83,68.0
2019-08-06,97,68.0
2019-08-07,74,68.0
2019-08-08,98,68.0
2019-08-09,71,68.0
2019-08-10,76,68.0
2019-08-11,93,68.0
2019-08-12,75,68.0
2019-08-13,86,68.0
2019-08-14,100,68.0
2019-08-15,80,68.0
2019-08-16,81,68.0
2019-08-17,65,68.0
2019-08-18,65,68.0
2019-08-19,66,68.0
2019-08-20,84,68.0
2019-08-21,89,68.0
2019-08-22,84,68.0
2019-08-23,72,68.0
2019-08-24,76,68.0
2019-08-25,86,68.0
2019-08-26,76,68.0
2019-08-27,88,68.0
2019-08-28,87,68.0
2019-08-29,77,68.0
2019-08-30,76,68.0
2019-08-31,91,68.0
2019-09-01,66,67.0
2019-09-02,85,67.0
2019-09-03,97,67.0
2019-09-04,100,67.0
2019-09-05,65,67.0
2019-09-06,70,67.0
2019-09-07,63,67.0
2019-09-08,67,67.0
2019-09-09,82,67.0
2019-09-10,71,67.0
2019-09-11,75,67.0
2019-09-12,76,67.0
2019-09-13,64,67.0
2019-09-14,87,67.0
2019-09-15,60,67.0
2019-09-16,79,67.0
2019-09-17,76,67.0
2019-09-18,76,67.0
2019-09-19,60,67.0
2019-09-20,63,67.0
2019-09-21,74,67.0
2019-09-22,80,67.0
2019-09-23,62,67.0
2019-09-24,79,67.0
2019-09-25,79,67.0
2019-09-26,94,67.0
2019-09-27,67,67.0
2019-09-28,60,67.0
2019-09-29,82,67.0
2019-09-30,59,67.0
2019-10-01,78,64.0
2019-10-02,86,64.0
2019-10-03,80,64.0
2019-10-04,70,64.0
2019-10-05,60,64.0
2019-10-06,76,64.0
2019-10-07,71,64.0
2019-10-08,83,64.0
2019-10-09,100,64.0
2019-10-10,76,64.0
2019-10-11,73,64.0
2019-10-12,73,64.0
2019-10-13,73,64.0
2019-10-14,70,64.0
2019-10-15,78,64.0
2019-10-16,79,64.0
2019-10-17,84,64.0
2019-10-18,67,64.0
2019-10-19,82,64.0
2019-10-20,87,64.0
2019-10-21,71,64.0
2019-10-22,79,64.0
2019-10-23,76,64.0
2019-10-24,78,64.0
2019-10-25,78,64.0
2019-10-26,68,64.0
2019-10-27,74,64.0
2019-10-28,81,64.0
2019-10-29,74,64.0
2019-10-30,66,64.0
2019-10-31,60,64.0
2019-11-01,55,75.0
2019-11-02,49,75.0
2019-11-03,47,75.0
2019-11-04,41,75.0
2019-11-05,60,75.0
2019-11-06,57,75.0
2019-11-07,59,75.0
2019-11-08,47,75.0
2019-11-09,48,75.0
2019-11-10,56,75.0
2019-11-11,53,75.0
2019-11-12,46,75.0
2019-11-13,50,75.0
2019-11-14,57,75.0
2019-11-15,46,75.0
2019-11-16,57,75.0
2019-11-17,50,75.0
2019-11-18,59,75.0
2019-11-19,56,75.0
2019-11-20,59,75.0
2019-11-21,60,75.0
2019-11-22,53,75.0
2019-11-23,63,75.0
2019-11-24,50,75.0
2019-11-25,46,75.0
2019-11-26,51,75.0
2019-11-27,50,75.0
2019-11-28,86,75.0
2019-11-29,100,75.0
2019-11-30,71,75.0
2019-12-01,67,78.0
2019-12-02,78,78.0
2019-12-03,91,78.0
2019-12-04,54,78.0
2019-12-05,60,78.0
2019-12-06,63,78.0
2019-12-07,57,78.0
2019-12-08,74,78.0
2019-12-09,64,78.0
2019-12-10,59,78.0
2019-12-11,66,78.0
2019-12-12,70,78.0
2019-12-13,72,78.0
2019-12-14,63,78.0
2019-12-15,59,78.0
2019-12-16,81,78.0
2019-12-17,64,78.0
2019-12-18,51,78.0
2019-12-19,67,78.0
2019-12-20,78,78.0
2019-12-21,80,78.0
2019-12-22,80,78.0
2019-12-23,70,78.0
2019-12-24,74,78.0
2019-12-25,100,78.0
2019-12-26,83,78.0
2019-12-27,61,78.0
2019-12-28,79,78.0
2019-12-29,63,78.0
2019-12-30,85,78.0
2019-12-31,76,78.0
2020-01-01,97,72.0
2020-01-02,92,72.0
2020-01-03,86,72.0
2020-01-04,70,72.0
2020-01-05,57,72.0
2020-01-06,82,72.0
2020-01-07,100,72.0
2020-01-08,88,72.0
2020-01-09,73,72.0
2020-01-10,77,72.0
2020-01-11,77,72.0
2020-01-12,69,72.0
2020-01-13,85,72.0
2020-01-14,82,72.0
2020-01-15,79,72.0
2020-01-16,65,72.0
2020-01-17,65,72.0
2020-01-18,71,72.0
2020-01-19,61,72.0
2020-01-20,84,72.0
2020-01-21,73,72.0
2020-01-22,62,72.0
2020-01-23,72,72.0
2020-01-24,70,72.0
2020-01-25,99,72.0
2020-01-26,60,72.0
2020-01-27,73,72.0
2020-01-28,85,72.0
2020-01-29,78,72.0
2020-01-30,81,72.0
2020-01-31,74,72.0
2020-02-01,64,72.0
2020-02-02,72,72.0
2020-02-03,69,72.0
2020-02-04,62,72.0
2020-02-05,63,72.0
2020-02-06,65,72.0
2020-02-07,78,72.0
2020-02-08,79,72.0
2020-02-09,60,72.0
2020-02-10,66,72.0
2020-02-11,78,72.0
2020-02-12,73,72.0
2020-02-13,100,72.0
2020-02-14,81,72.0
2020-02-15,79,72.0
2020-02-16,72,72.0
2020-02-17,80,72.0
2020-02-18,86,72.0
2020-02-19,72,72.0
2020-02-20,61,72.0
2020-02-21,78,72.0
2020-02-22,85,72.0
2020-02-23,59,72.0
2020-02-24,62,72.0
2020-02-25,76,72.0
2020-02-26,76,72.0
2020-02-27,80,72.0
2020-02-28,72,72.0
2020-02-29,73,72.0
2020-03-01,54,58.0
2020-03-02,81,58.0
2020-03-03,77,58.0
2020-03-04,74,58.0
2020-03-05,63,58.0
2020-03-06,72,58.0
2020-03-07,81,58.0
2020-03-08,72,58.0
2020-03-09,76,58.0
2020-03-10,66,58.0
2020-03-11,62,58.0
2020-03-12,60,58.0
2020-03-13,65,58.0
2020-03-14,64,58.0
2020-03-15,59,58.0
2020-03-16,92,58.0
2020-03-17,100,58.0
2020-03-18,73,58.0
2020-03-19,45,58.0
2020-03-20,48,58.0
2020-03-21,40,58.0
2020-03-22,45,58.0
2020-03-23,40,58.0
2020-03-24,41,58.0
2020-03-25,40,58.0
2020-03-26,50,58.0
2020-03-27,55,58.0
2020-03-28,42,58.0
2020-03-29,46,58.0
2020-03-30,50,58.0
2020-03-31,33,58.0
2020-04-01,55,56.0
2020-04-02,81,56.0
2020-04-03,54,56.0
2020-04-04,50,56.0
2020-04-05,58,56.0
2020-04-06,57,56.0
2020-04-07,68,56.0
2020-04-08,62,56.0
2020-04-09,68,56.0
2020-04-10,59,56.0
2020-04-11,79,56.0
2020-04-12,65,56.0
2020-04-13,66,56.0
2020-04-14,64,56.0
2020-04-15,77,56.0
2020-04-16,55,56.0
2020-04-17,69,56.0
2020-04-18,73,56.0
2020-04-19,69,56.0
2020-04-20,85,56.0
2020-04-21,100,56.0
2020-04-22,74,56.0
2020-04-23,73,56.0
2020-04-24,72,56.0
2020-04-25,89,56.0
2020-04-26,78,56.0
2020-04-27,67,56.0
2020-04-28,83,56.0
2020-04-29,79,56.0
2020-04-30,90,56.0
2020-05-01,73,72.0
2020-05-02,61,72.0
2020-05-03,62,72.0
2020-05-04,69,72.0
2020-05-05,77,72.0
2020-05-06,78,72.0
2020-05-07,77,72.0
2020-05-08,64,72.0
2020-05-09,72,72.0
2020-05-10,78,72.0
2020-05-11,76,72.0
2020-05-12,80,72.0
2020-05-13,97,72.0
2020-05-14,86,72.0
2020-05-15,99,72.0
2020-05-16,70,72.0
2020-05-17,100,72.0
2020-05-18,62,72.0
2020-05-19,72,72.0
2020-05-20,82,72.0
2020-05-21,68,72.0
2020-05-22,89,72.0
2020-05-23,95,72.0
2020-05-24,80,72.0
2020-05-25,80,72.0
2020-05-26,81,72.0
2020-05-27,84,72.0
2020-05-28,78,72.0
2020-05-29,89,72.0
2020-05-30,94,72.0
2020-05-31,82,72.0
2020-06-01,82,81.0
2020-06-02,88,81.0
2020-06-03,70,81.0
2020-06-04,69,81.0
2020-06-05,75,81.0
2020-06-06,70,81.0
2020-06-07,85,81.0
2020-06-08,80,81.0
2020-06-09,84,81.0
2020-06-10,85,81.0
2020-06-11,91,81.0
2020-06-12,93,81.0
2020-06-13,77,81.0
2020-06-14,93,81.0
2020-06-15,87,81.0
2020-06-16,98,81.0
2020-06-17,90,81.0
2020-06-18,83,81.0
2020-06-19,92,81.0
2020-06-20,82,81.0
2020-06-21,81,81.0
2020-06-22,82,81.0
2020-06-23,92,81.0
2020-06-24,89,81.0
2020-06-25,89,81.0
2020-06-26,85,81.0
2020-06-27,72,81.0
2020-06-28,90,81.0
2020-06-29,98,81.0
2020-06-30,100,81.0
2020-07-01,76,77.0
2020-07-02,65,77.0
2020-07-03,69,77.0
2020-07-04,72,77.0
2020-07-05,67,77.0
2020-07-06,61,77.0
2020-07-07,64,77.0
2020-07-08,77,77.0
2020-07-09,98,77.0
2020-07-10,100,77.0
2020-07-11,80,77.0
2020-07-12,78,77.0
2020-07-13,78,77.0
2020-07-14,65,77.0
2020-07-15,83,77.0
2020-07-16,78,77.0
2020-07-17,76,77.0
2020-07-18,59,77.0
2020-07-19,78,77.0
2020-07-20,64,77.0
2020-07-21,68,77.0
2020-07-22,76,77.0
2020-07-23,84,77.0
2020-07-24,78,77.0
2020-07-25,55,77.0
2020-07-26,63,77.0
2020-07-27,71,77.0
2020-07-28,57,77.0
2020-07-29,57,77.0
2020-07-30,74,77.0
2020-07-31,87,77.0
2020-08-01,68,84.0
2020-08-02,60,84.0
2020-08-03,58,84.0
2020-08-04,51,84.0
2020-08-05,73,84.0
2020-08-06,55,84.0
2020-08-07,72,84.0
2020-08-08,52,84.0
2020-08-09,69,84.0
2020-08-10,87,84.0
2020-08-11,66,84.0
2020-08-12,54,84.0
2020-08-13,65,84.0
2020-08-14,62,84.0
2020-08-15,100,84.0
2020-08-16,92,84.0
2020-08-17,77,84.0
2020-08-18,76,84.0
2020-08-19,77,84.0
2020-08-20,73,84.0
2020-08-21,70,84.0
2020-08-22,72,84.0
2020-08-23,85,84.0
2020-08-24,78,84.0
2020-08-25,70,84.0
2020-08-26,74,84.0
2020-08-27,71,84.0
2020-08-28,85,84.0
2020-08-29,67,84.0
2020-08-30,65,84.0
2020-08-31,66,84.0
2020-09-01,88,74.0
2020-09-02,100,74.0
2020-09-03,69,74.0
2020-09-04,61,74.0
2020-09-05,73,74.0
2020-09-06,79,74.0
2020-09-07,100,74.0
2020-09-08,79,74.0
2020-09-09,80,74.0
2020-09-10,81,74.0
2020-09-11,84,74.0
2020-09-12,83,74.0
2020-09-13,85,74.0
2020-09-14,65,74.0
2020-09-15,82,74.0
2020-09-16,76,74.0
2020-09-17,76,74.0
2020-09-18,76,74.0
2020-09-19,81,74.0
2020-09-20,71,74.0
2020-09-21,78,74.0
2020-09-22,72,74.0
2020-09-23,85,74.0
2020-09-24,81,74.0
2020-09-25,60,74.0
2020-09-26,76,74.0
2020-09-27,80,74.0
2020-09-28,67,74.0
2020-09-29,78,74.0
2020-09-30,69,74.0
2020-10-01,77,70.0
2020-10-02,77,70.0
2020-10-03,76,70.0
2020-10-04,76,70.0
2020-10-05,91,70.0
2020-10-06,76,70.0
2020-10-07,77,70.0
2020-10-08,70,70.0
2020-10-09,72,70.0
2020-10-10,76,70.0
2020-10-11,77,70.0
2020-10-12,77,70.0
2020-10-13,88,70.0
2020-10-14,62,70.0
2020-10-15,74,70.0
2020-10-16,91,70.0
2020-10-17,89,70.0
2020-10-18,94,70.0
2020-10-19,70,70.0
2020-10-20,92,70.0
2020-10-21,72,70.0
2020-10-22,78,70.0
2020-10-23,78,70.0
2020-10-24,87,70.0
2020-10-25,82,70.0
2020-10-26,64,70.0
2020-10-27,100,70.0
2020-10-28,87,70.0
2020-10-29,96,70.0
2020-10-30,76,70.0
2020-10-31,68,70.0
2020-11-01,62,66.0
2020-11-02,68,66.0
2020-11-03,64,66.0
2020-11-04,27,66.0
2020-11-05,40,66.0
2020-11-06,51,66.0
2020-11-07,45,66.0
2020-11-08,52,66.0
2020-11-09,56,66.0
2020-11-10,60,66.0
2020-11-11,67,66.0
2020-11-12,69,66.0
2020-11-13,67,66.0
2020-11-14,50,66.0
2020-11-15,72,66.0
2020-11-16,49,66.0
2020-11-17,64,66.0
2020-11-18,57,66.0
2020-11-19,60,66.0
2020-11-20,71,66.0
2020-11-21,64,66.0
2020-11-22,74,66.0
2020-11-23,74,66.0
2020-11-24,61,66.0
2020-11-25,77,66.0
2020-11-26,90,66.0
2020-11-27,100,66.0
2020-11-28,95,66.0
2020-11-29,63,66.0
2020-11-30,84,66.0
2020-12-01,77,77.0
2020-12-02,59,77.0
2020-12-03,63,77.0
2020-12-04,67,77.0
2020-12-05,75,77.0
2020-12-06,48,77.0
2020-12-07,65,77.0
2020-12-08,60,77.0
2020-12-09,56,77.0
2020-12-10,69,77.0
2020-12-11,46,77.0
2020-12-12,67,77.0
2020-12-13,51,77.0
2020-12-14,60,77.0
2020-12-15,73,77.0
2020-12-16,55,77.0
2020-12-17,56,77.0
2020-12-18,58,77.0
2020-12-19,50,77.0
2020-12-20,59,77.0
2020-12-21,72,77.0
2020-12-22,71,77.0
2020-12-23,69,77.0
2020-12-24,69,77.0
2020-12-25,100,77.0
2020-12-26,78,77.0
2020-12-27,75,77.0
2020-12-28,62,77.0
2020-12-29,58,77.0
2020-12-30,71,77.0
2020-12-31,67,77.0
2021-01-01,100,68.0
2021-01-02,99,68.0
2021-01-03,79,68.0
2021-01-04,80,68.0
2021-01-05,93,68.0
2021-01-06,59,68.0
2021-01-07,71,68.0
2021-01-08,86,68.0
2021-01-09,77,68.0
2021-01-10,60,68.0
2021-01-11,67,68.0
2021-01-12,69,68.0
2021-01-13,72,68.0
2021-01-14,76,68.0
2021-01-15,84,68.0
2021-01-16,60,68.0
2021-01-17,54,68.0
2021-01-18,83,68.0
2021-01-19,79,68.0
2021-01-20,65,68.0
2021-01-21,71,68.0
2021-01-22,70,68.0
2021-01-23,82,68.0
2021-01-24,58,68.0
2021-01-25,72,68.0
2021-01-26,75,68.0
2021-01-27,91,68.0
2021-01-28,65,68.0
2021-01-29,93,68.0
2021-01-30,72,68.0
2021-01-31,83,68.0
2021-02-01,83,67.0
2021-02-02,90,67.0
2021-02-03,79,67.0
2021-02-04,56,67.0
2021-02-05,73,67.0
2021-02-06,57,67.0
2021-02-07,60,67.0
2021-02-08,77,67.0
2021-02-09,93,67.0
2021-02-10,86,67.0
2021-02-11,76,67.0
2021-02-12,81,67.0
2021-02-13,69,67.0
2021-02-14,69,67.0
2021-02-15,70,67.0
2021-02-16,63,67.0
2021-02-17,53,67.0
2021-02-18,82,67.0
2021-02-19,57,67.0
2021-02-20,74,67.0
2021-02-21,82,67.0
2021-02-22,79,67.0
2021-02-23,66,67.0
2021-02-24,100,67.0
2021-02-25,82,67.0
2021-02-26,66,67.0
2021-02-27,72,67.0
2021-02-28,70,67.0
2021-03-01,76,72.0
2021-03-02,96,72.0
2021-03-03,93,72.0
2021-03-04,100,72.0
2021-03-05,72,72.0
2021-03-06,77,72.0
2021-03-07,75,72.0
2021-03-08,90,72.0
2021-03-09,95,72.0
2021-03-10,76,72.0
2021-03-11,79,72.0
2021-03-12,56,72.0
2021-03-13,73,72.0
2021-03-14,93,72.0
2021-03-15,71,72.0
2021-03-16,75,72.0
2021-03-17,71,72.0
2021-03-18,71,72.0
2021-03-19,77,72.0
2021-03-20,95,72.0
2021-03-21,56,72.0
2021-03-22,84,72.0
2021-03-23,91,72.0
2021-03-24,76,72.0
2021-03-25,91,72.0
2021-03-26,89,72.0
2021-03-27,93,72.0
2021-03-28,96,72.0
2021-03-29,80,72.0
2021-03-30,79,72.0
2021-03-31,71,72.0
2021-04-01,81,73.0
2021-04-02,97,73.0
2021-04-03,91,73.0
2021-04-04,84,73.0
2021-04-05,77,73.0
2021-04-06,81,73.0
2021-04-07,69,73.0
2021-04-08,76,73.0
2021-04-09,75,73.0
2021-04-10,78,73.0
2021-04-11,85,73.0
2021-04-12,100,73.0
2021-04-13,91,73.0
2021-04-14,95,73.0
2021-04-15,93,73.0
2021-04-16,94,73.0
2021-04-17,97,73.0
2021-04-18,64,73.0
2021-04-19,84,73.0
2021-04-20,78,73.0
2021-04-21,93,73.0
2021-04-22,97,73.0
2021-04-23,80,73.0
2021-04-24,98,73.0
2021-04-25,84,73.0
2021-04-26,86,73.0
2021-04-27,84,73.0
2021-04-28,87,73.0
2021-04-29,76,73.0
2021-04-30,66,73.0
2021-05-01,79,83.0
2021-05-02,69,83.0
2021-05-03,52,83.0
2021-05-04,71,83.0
2021-05-05,87,83.0
2021-05-06,97,83.0
2021-05-07,91,83.0
2021-05-08,72,83.0
2021-05-09,84,83.0
2021-05-10,88,83.0
2021-05-11,89,83.0
2021-05-12,100,83.0
2021-05-13,68,83.0
2021-05-14,75,83.0
2021-05-15,75,83.0
2021-05-16,89,83.0
2021-05-17,72,83.0
2021-05-18,71,83.0
2021-05-19,75,83.0
2021-05-20,65,83.0
2021-05-21,85,83.0
2021-05-22,62,83.0
2021-05-23,71,83.0
2021-05-24,55,83.0
2021-05-25,71,83.0
