date,ethereum_pytrend_unscaled,ethereum_pytrend_monthly
2014-01-01,0,0.0
2014-01-02,0,0.0
2014-01-03,0,0.0
2014-01-04,0,0.0
2014-01-05,0,0.0
2014-01-06,0,0.0
2014-01-07,0,0.0
2014-01-08,0,0.0
2014-01-09,0,0.0
2014-01-10,0,0.0
2014-01-11,80,0.0
2014-01-12,0,0.0
2014-01-13,0,0.0
2014-01-14,0,0.0
2014-01-15,33,0.0
2014-01-16,0,0.0
2014-01-17,0,0.0
2014-01-18,0,0.0
2014-01-19,0,0.0
2014-01-20,34,0.0
2014-01-21,0,0.0
2014-01-22,0,0.0
2014-01-23,65,0.0
2014-01-24,100,0.0
2014-01-25,0,0.0
2014-01-26,40,0.0
2014-01-27,0,0.0
2014-01-28,63,0.0
2014-01-29,96,0.0
2014-01-30,65,0.0
2014-01-31,34,0.0
2014-02-01,34,0.0
2014-02-02,0,0.0
2014-02-03,27,0.0
2014-02-04,0,0.0
2014-02-05,55,0.0
2014-02-06,0,0.0
2014-02-07,33,0.0
2014-02-08,0,0.0
2014-02-09,100,0.0
2014-02-10,0,0.0
2014-02-11,80,0.0
2014-02-12,27,0.0
2014-02-13,0,0.0
2014-02-14,86,0.0
2014-02-15,0,0.0
2014-02-16,0,0.0
2014-02-17,0,0.0
2014-02-18,27,0.0
2014-02-19,0,0.0
2014-02-20,55,0.0
2014-02-21,0,0.0
2014-02-22,0,0.0
2014-02-23,34,0.0
2014-02-24,0,0.0
2014-02-25,0,0.0
2014-02-26,27,0.0
2014-02-27,28,0.0
2014-02-28,0,0.0
2014-03-01,0,0.0
2014-03-02,0,0.0
2014-03-03,26,0.0
2014-03-04,0,0.0
2014-03-05,0,0.0
2014-03-06,27,0.0
2014-03-07,0,0.0
2014-03-08,34,0.0
2014-03-09,34,0.0
2014-03-10,0,0.0
2014-03-11,0,0.0
2014-03-12,0,0.0
2014-03-13,0,0.0
2014-03-14,0,0.0
2014-03-15,0,0.0
2014-03-16,33,0.0
2014-03-17,0,0.0
2014-03-18,0,0.0
2014-03-19,0,0.0
2014-03-20,0,0.0
2014-03-21,29,0.0
2014-03-22,0,0.0
2014-03-23,0,0.0
2014-03-24,55,0.0
2014-03-25,0,0.0
2014-03-26,55,0.0
2014-03-27,0,0.0
2014-03-28,57,0.0
2014-03-29,100,0.0
2014-03-30,0,0.0
2014-03-31,27,0.0
2014-04-01,39,0.0
2014-04-02,38,0.0
2014-04-03,39,0.0
2014-04-04,0,0.0
2014-04-05,0,0.0
2014-04-06,49,0.0
2014-04-07,38,0.0
2014-04-08,0,0.0
2014-04-09,0,0.0
2014-04-10,40,0.0
2014-04-11,0,0.0
2014-04-12,0,0.0
2014-04-13,100,0.0
2014-04-14,0,0.0
2014-04-15,0,0.0
2014-04-16,0,0.0
2014-04-17,40,0.0
2014-04-18,0,0.0
2014-04-19,51,0.0
2014-04-20,53,0.0
2014-04-21,0,0.0
2014-04-22,38,0.0
2014-04-23,39,0.0
2014-04-24,0,0.0
2014-04-25,41,0.0
2014-04-26,0,0.0
2014-04-27,0,0.0
2014-04-28,0,0.0
2014-04-29,0,0.0
2014-04-30,0,0.0
2014-05-01,0,0.0
2014-05-02,0,0.0
2014-05-03,0,0.0
2014-05-04,0,0.0
2014-05-05,0,0.0
2014-05-06,61,0.0
2014-05-07,62,0.0
2014-05-08,0,0.0
2014-05-09,0,0.0
2014-05-10,80,0.0
2014-05-11,83,0.0
2014-05-12,0,0.0
2014-05-13,0,0.0
2014-05-14,0,0.0
2014-05-15,0,0.0
2014-05-16,65,0.0
2014-05-17,0,0.0
2014-05-18,0,0.0
2014-05-19,0,0.0
2014-05-20,0,0.0
2014-05-21,71,0.0
2014-05-22,0,0.0
2014-05-23,0,0.0
2014-05-24,96,0.0
2014-05-25,100,0.0
2014-05-26,0,0.0
2014-05-27,71,0.0
2014-05-28,0,0.0
2014-05-29,0,0.0
2014-05-30,0,0.0
2014-05-31,0,0.0
2014-06-01,63,0.0
2014-06-02,0,0.0
2014-06-03,0,0.0
2014-06-04,0,0.0
2014-06-05,98,0.0
2014-06-06,51,0.0
2014-06-07,63,0.0
2014-06-08,0,0.0
2014-06-09,0,0.0
2014-06-10,0,0.0
2014-06-11,0,0.0
2014-06-12,99,0.0
2014-06-13,51,0.0
2014-06-14,0,0.0
2014-06-15,0,0.0
2014-06-16,0,0.0
2014-06-17,0,0.0
2014-06-18,0,0.0
2014-06-19,0,0.0
2014-06-20,52,0.0
2014-06-21,0,0.0
2014-06-22,64,0.0
2014-06-23,100,0.0
2014-06-24,49,0.0
2014-06-25,49,0.0
2014-06-26,0,0.0
2014-06-27,0,0.0
2014-06-28,0,0.0
2014-06-29,0,0.0
2014-06-30,50,0.0
2014-07-01,0,0.0
2014-07-02,0,0.0
2014-07-03,0,0.0
2014-07-04,0,0.0
2014-07-05,0,0.0
2014-07-06,26,0.0
2014-07-07,20,0.0
2014-07-08,0,0.0
2014-07-09,0,0.0
2014-07-10,0,0.0
2014-07-11,0,0.0
2014-07-12,25,0.0
2014-07-13,0,0.0
2014-07-14,0,0.0
2014-07-15,0,0.0
2014-07-16,0,0.0
2014-07-17,0,0.0
2014-07-18,0,0.0
2014-07-19,25,0.0
2014-07-20,25,0.0
2014-07-21,0,0.0
2014-07-22,19,0.0
2014-07-23,100,0.0
2014-07-24,59,0.0
2014-07-25,62,0.0
2014-07-26,25,0.0
2014-07-27,25,0.0
2014-07-28,39,0.0
2014-07-29,39,0.0
2014-07-30,20,0.0
2014-07-31,0,0.0
2014-08-01,0,0.0
2014-08-02,42,0.0
2014-08-03,42,0.0
2014-08-04,33,0.0
2014-08-05,33,0.0
2014-08-06,33,0.0
2014-08-07,51,0.0
2014-08-08,36,0.0
2014-08-09,43,0.0
2014-08-10,0,0.0
2014-08-11,0,0.0
2014-08-12,64,0.0
2014-08-13,67,0.0
2014-08-14,34,0.0
2014-08-15,0,0.0
2014-08-16,0,0.0
2014-08-17,43,0.0
2014-08-18,0,0.0
2014-08-19,100,0.0
2014-08-20,0,0.0
2014-08-21,33,0.0
2014-08-22,0,0.0
2014-08-23,0,0.0
2014-08-24,83,0.0
2014-08-25,0,0.0
2014-08-26,0,0.0
2014-08-27,0,0.0
2014-08-28,66,0.0
2014-08-29,34,0.0
2014-08-30,0,0.0
2014-08-31,83,0.0
2014-09-01,0,0.0
2014-09-02,0,0.0
2014-09-03,100,0.0
2014-09-04,0,0.0
2014-09-05,52,0.0
2014-09-06,0,0.0
2014-09-07,0,0.0
2014-09-08,50,0.0
2014-09-09,0,0.0
2014-09-10,0,0.0
2014-09-11,50,0.0
2014-09-12,0,0.0
2014-09-13,64,0.0
2014-09-14,63,0.0
2014-09-15,0,0.0
2014-09-16,0,0.0
2014-09-17,0,0.0
2014-09-18,0,0.0
2014-09-19,0,0.0
2014-09-20,0,0.0
2014-09-21,0,0.0
2014-09-22,0,0.0
2014-09-23,0,0.0
2014-09-24,0,0.0
2014-09-25,0,0.0
2014-09-26,54,0.0
2014-09-27,67,0.0
2014-09-28,65,0.0
2014-09-29,0,0.0
2014-09-30,0,0.0
2014-10-01,0,0.0
2014-10-02,0,0.0
2014-10-03,0,0.0
2014-10-04,0,0.0
2014-10-05,0,0.0
2014-10-06,0,0.0
2014-10-07,49,0.0
2014-10-08,49,0.0
2014-10-09,100,0.0
2014-10-10,0,0.0
2014-10-11,0,0.0
2014-10-12,0,0.0
2014-10-13,0,0.0
2014-10-14,0,0.0
2014-10-15,0,0.0
2014-10-16,0,0.0
2014-10-17,52,0.0
2014-10-18,65,0.0
2014-10-19,0,0.0
2014-10-20,0,0.0
2014-10-21,48,0.0
2014-10-22,0,0.0
2014-10-23,49,0.0
2014-10-24,0,0.0
2014-10-25,0,0.0
2014-10-26,63,0.0
2014-10-27,0,0.0
2014-10-28,0,0.0
2014-10-29,0,0.0
2014-10-30,0,0.0
2014-10-31,54,0.0
2014-11-01,0,0.0
2014-11-02,0,0.0
2014-11-03,0,0.0
2014-11-04,50,0.0
2014-11-05,0,0.0
2014-11-06,99,0.0
2014-11-07,0,0.0
2014-11-08,0,0.0
2014-11-09,64,0.0
2014-11-10,100,0.0
2014-11-11,0,0.0
2014-11-12,0,0.0
2014-11-13,0,0.0
2014-11-14,0,0.0
2014-11-15,0,0.0
2014-11-16,0,0.0
2014-11-17,0,0.0
2014-11-18,0,0.0
2014-11-19,52,0.0
2014-11-20,0,0.0
2014-11-21,52,0.0
2014-11-22,63,0.0
2014-11-23,0,0.0
2014-11-24,0,0.0
2014-11-25,0,0.0
2014-11-26,0,0.0
2014-11-27,0,0.0
2014-11-28,0,0.0
2014-11-29,0,0.0
2014-11-30,0,0.0
2014-12-01,71,0.0
2014-12-02,0,0.0
2014-12-03,73,0.0
2014-12-04,0,0.0
2014-12-05,0,0.0
2014-12-06,92,0.0
2014-12-07,0,0.0
2014-12-08,0,0.0
2014-12-09,73,0.0
2014-12-10,0,0.0
2014-12-11,0,0.0
2014-12-12,0,0.0
2014-12-13,99,0.0
2014-12-14,0,0.0
2014-12-15,0,0.0
2014-12-16,76,0.0
2014-12-17,78,0.0
2014-12-18,81,0.0
2014-12-19,0,0.0
2014-12-20,0,0.0
2014-12-21,0,0.0
2014-12-22,0,0.0
2014-12-23,0,0.0
2014-12-24,97,0.0
2014-12-25,0,0.0
2014-12-26,0,0.0
2014-12-27,100,0.0
2014-12-28,0,0.0
2014-12-29,0,0.0
2014-12-30,0,0.0
2014-12-31,0,0.0
2015-01-01,0,0.0
2015-01-02,0,0.0
2015-01-03,0,0.0
2015-01-04,60,0.0
2015-01-05,100,0.0
2015-01-06,0,0.0
2015-01-07,0,0.0
2015-01-08,49,0.0
2015-01-09,0,0.0
2015-01-10,0,0.0
2015-01-11,59,0.0
2015-01-12,0,0.0
2015-01-13,0,0.0
2015-01-14,0,0.0
2015-01-15,0,0.0
2015-01-16,0,0.0
2015-01-17,0,0.0
2015-01-18,61,0.0
2015-01-19,52,0.0
2015-01-20,48,0.0
2015-01-21,0,0.0
2015-01-22,48,0.0
2015-01-23,0,0.0
2015-01-24,0,0.0
2015-01-25,0,0.0
2015-01-26,47,0.0
2015-01-27,0,0.0
2015-01-28,0,0.0
2015-01-29,0,0.0
2015-01-30,49,0.0
2015-01-31,58,0.0
2015-02-01,0,0.0
2015-02-02,0,0.0
2015-02-03,0,0.0
2015-02-04,19,0.0
2015-02-05,0,0.0
2015-02-06,0,0.0
2015-02-07,0,0.0
2015-02-08,0,0.0
2015-02-09,19,0.0
2015-02-10,0,0.0
2015-02-11,19,0.0
2015-02-12,0,0.0
2015-02-13,40,0.0
2015-02-14,0,0.0
2015-02-15,100,0.0
2015-02-16,0,0.0
2015-02-17,59,0.0
2015-02-18,0,0.0
2015-02-19,20,0.0
2015-02-20,0,0.0
2015-02-21,24,0.0
2015-02-22,25,0.0
2015-02-23,19,0.0
2015-02-24,0,0.0
2015-02-25,20,0.0
2015-02-26,0,0.0
2015-02-27,0,0.0
2015-02-28,0,0.0
2015-03-01,58,0.0
2015-03-02,48,0.0
2015-03-03,0,0.0
2015-03-04,48,0.0
2015-03-05,48,0.0
2015-03-06,0,0.0
2015-03-07,61,0.0
2015-03-08,0,0.0
2015-03-09,0,0.0
2015-03-10,48,0.0
2015-03-11,0,0.0
2015-03-12,49,0.0
2015-03-13,0,0.0
2015-03-14,0,0.0
2015-03-15,62,0.0
2015-03-16,100,0.0
2015-03-17,0,0.0
2015-03-18,0,0.0
2015-03-19,0,0.0
2015-03-20,50,0.0
2015-03-21,0,0.0
2015-03-22,0,0.0
2015-03-23,0,0.0
2015-03-24,49,0.0
2015-03-25,82,0.0
2015-03-26,0,0.0
2015-03-27,0,0.0
2015-03-28,68,0.0
2015-03-29,0,0.0
2015-03-30,0,0.0
2015-03-31,0,0.0
2015-04-01,0,0.0
2015-04-02,100,0.0
2015-04-03,0,0.0
2015-04-04,63,0.0
2015-04-05,65,0.0
2015-04-06,50,0.0
2015-04-07,0,0.0
2015-04-08,48,0.0
2015-04-09,0,0.0
2015-04-10,0,0.0
2015-04-11,63,0.0
2015-04-12,0,0.0
2015-04-13,47,0.0
2015-04-14,0,0.0
2015-04-15,48,0.0
2015-04-16,48,0.0
2015-04-17,0,0.0
2015-04-18,0,0.0
2015-04-19,0,0.0
2015-04-20,0,0.0
2015-04-21,0,0.0
2015-04-22,0,0.0
2015-04-23,0,0.0
2015-04-24,0,0.0
2015-04-25,0,0.0
2015-04-26,0,0.0
2015-04-27,0,0.0
2015-04-28,0,0.0
2015-04-29,0,0.0
2015-04-30,49,0.0
2015-05-01,0,0.0
2015-05-02,0,0.0
2015-05-03,0,0.0
2015-05-04,0,0.0
2015-05-05,0,0.0
2015-05-06,0,0.0
2015-05-07,47,0.0
2015-05-08,0,0.0
2015-05-09,0,0.0
2015-05-10,0,0.0
2015-05-11,47,0.0
2015-05-12,92,0.0
2015-05-13,0,0.0
2015-05-14,0,0.0
2015-05-15,0,0.0
2015-05-16,0,0.0
2015-05-17,0,0.0
2015-05-18,0,0.0
2015-05-19,0,0.0
2015-05-20,48,0.0
2015-05-21,0,0.0
2015-05-22,51,0.0
2015-05-23,0,0.0
2015-05-24,67,0.0
2015-05-25,0,0.0
2015-05-26,94,0.0
2015-05-27,0,0.0
2015-05-28,48,0.0
2015-05-29,100,0.0
2015-05-30,0,0.0
2015-05-31,0,0.0
2015-06-01,92,0.0
2015-06-02,0,0.0
2015-06-03,0,0.0
2015-06-04,95,0.0
2015-06-05,98,0.0
2015-06-06,0,0.0
2015-06-07,0,0.0
2015-06-08,94,0.0
2015-06-09,0,0.0
2015-06-10,0,0.0
2015-06-11,0,0.0
2015-06-12,100,0.0
2015-06-13,0,0.0
2015-06-14,0,0.0
2015-06-15,95,0.0
2015-06-16,94,0.0
2015-06-17,94,0.0
2015-06-18,96,0.0
2015-06-19,99,0.0
2015-06-20,0,0.0
2015-06-21,0,0.0
2015-06-22,95,0.0
2015-06-23,0,0.0
2015-06-24,0,0.0
2015-06-25,97,0.0
2015-06-26,99,0.0
2015-06-27,0,0.0
2015-06-28,0,0.0
2015-06-29,95,0.0
2015-06-30,94,0.0
2015-07-01,0,0.0
2015-07-02,0,0.0
2015-07-03,0,0.0
2015-07-04,0,0.0
2015-07-05,0,0.0
2015-07-06,0,0.0
2015-07-07,16,0.0
2015-07-08,0,0.0
2015-07-09,32,0.0
2015-07-10,0,0.0
2015-07-11,0,0.0
2015-07-12,20,0.0
2015-07-13,16,0.0
2015-07-14,46,0.0
2015-07-15,0,0.0
2015-07-16,16,0.0
2015-07-17,50,0.0
2015-07-18,21,0.0
2015-07-19,0,0.0
2015-07-20,17,0.0
2015-07-21,0,0.0
2015-07-22,0,0.0
2015-07-23,16,0.0
2015-07-24,0,0.0
2015-07-25,0,0.0
2015-07-26,41,0.0
2015-07-27,16,0.0
2015-07-28,15,0.0
2015-07-29,0,0.0
2015-07-30,32,0.0
2015-07-31,100,0.0
2015-08-01,32,0.0
2015-08-02,96,0.0
2015-08-03,0,0.0
2015-08-04,73,0.0
2015-08-05,50,0.0
2015-08-06,50,0.0
2015-08-07,77,0.0
2015-08-08,0,0.0
2015-08-09,32,0.0
2015-08-10,100,0.0
2015-08-11,49,0.0
2015-08-12,25,0.0
2015-08-13,75,0.0
2015-08-14,26,0.0
2015-08-15,0,0.0
2015-08-16,63,0.0
2015-08-17,24,0.0
2015-08-18,24,0.0
2015-08-19,0,0.0
2015-08-20,73,0.0
2015-08-21,0,0.0
2015-08-22,0,0.0
2015-08-23,31,0.0
2015-08-24,48,0.0
2015-08-25,24,0.0
2015-08-26,24,0.0
2015-08-27,49,0.0
2015-08-28,0,0.0
2015-08-29,30,0.0
2015-08-30,0,0.0
2015-08-31,46,0.0
2015-09-01,49,0.0
2015-09-02,0,0.0
2015-09-03,0,0.0
2015-09-04,0,0.0
2015-09-05,65,0.0
2015-09-06,0,0.0
2015-09-07,61,0.0
2015-09-08,96,0.0
2015-09-09,96,0.0
2015-09-10,96,0.0
2015-09-11,100,0.0
2015-09-12,0,0.0
2015-09-13,61,0.0
2015-09-14,0,0.0
2015-09-15,49,0.0
2015-09-16,97,0.0
2015-09-17,96,0.0
2015-09-18,50,0.0
2015-09-19,0,0.0
2015-09-20,62,0.0
2015-09-21,47,0.0
2015-09-22,96,0.0
2015-09-23,48,0.0
2015-09-24,0,0.0
2015-09-25,100,0.0
2015-09-26,64,0.0
2015-09-27,0,0.0
2015-09-28,47,0.0
2015-09-29,0,0.0
2015-09-30,0,0.0
2015-10-01,52,0.0
2015-10-02,27,0.0
2015-10-03,0,0.0
2015-10-04,34,0.0
2015-10-05,0,0.0
2015-10-06,0,0.0
2015-10-07,26,0.0
2015-10-08,0,0.0
2015-10-09,27,0.0
2015-10-10,0,0.0
2015-10-11,35,0.0
2015-10-12,54,0.0
2015-10-13,52,0.0
2015-10-14,26,0.0
2015-10-15,0,0.0
2015-10-16,54,0.0
2015-10-17,0,0.0
2015-10-18,34,0.0
2015-10-19,26,0.0
2015-10-20,25,0.0
2015-10-21,0,0.0
2015-10-22,26,0.0
2015-10-23,27,0.0
2015-10-24,67,0.0
2015-10-25,33,0.0
2015-10-26,0,0.0
2015-10-27,100,0.0
2015-10-28,0,0.0
2015-10-29,51,0.0
2015-10-30,54,0.0
2015-10-31,0,0.0
2015-11-01,56,0.0
2015-11-02,0,0.0
2015-11-03,60,0.0
2015-11-04,20,0.0
2015-11-05,20,0.0
2015-11-06,21,0.0
2015-11-07,0,0.0
2015-11-08,0,0.0
2015-11-09,41,0.0
2015-11-10,60,0.0
2015-11-11,63,0.0
2015-11-12,63,0.0
2015-11-13,21,0.0
2015-11-14,26,0.0
2015-11-15,26,0.0
2015-11-16,20,0.0
2015-11-17,40,0.0
2015-11-18,20,0.0
2015-11-19,100,0.0
2015-11-20,21,0.0
2015-11-21,0,0.0
2015-11-22,26,0.0
2015-11-23,21,0.0
2015-11-24,64,0.0
2015-11-25,0,0.0
2015-11-26,27,0.0
2015-11-27,0,0.0
2015-11-28,0,0.0
2015-11-29,0,0.0
2015-11-30,0,0.0
2015-12-01,0,0.0
2015-12-02,0,0.0
2015-12-03,30,0.0
2015-12-04,0,0.0
2015-12-05,39,0.0
2015-12-06,0,0.0
2015-12-07,0,0.0
2015-12-08,29,0.0
2015-12-09,30,0.0
2015-12-10,30,0.0
2015-12-11,92,0.0
2015-12-12,0,0.0
2015-12-13,38,0.0
2015-12-14,60,0.0
2015-12-15,30,0.0
2015-12-16,62,0.0
2015-12-17,96,0.0
2015-12-18,100,0.0
2015-12-19,0,0.0
2015-12-20,83,0.0
2015-12-21,0,0.0
2015-12-22,67,0.0
2015-12-23,71,0.0
2015-12-24,40,0.0
2015-12-25,0,0.0
2015-12-26,42,0.0
2015-12-27,0,0.0
2015-12-28,0,0.0
2015-12-29,68,0.0
2015-12-30,0,0.0
2015-12-31,36,0.0
2016-01-01,53,0.0
2016-01-02,15,0.0
2016-01-03,0,0.0
2016-01-04,0,0.0
2016-01-05,0,0.0
2016-01-06,39,0.0
2016-01-07,13,0.0
2016-01-08,13,0.0
2016-01-09,0,0.0
2016-01-10,28,0.0
2016-01-11,0,0.0
2016-01-12,37,0.0
2016-01-13,26,0.0
2016-01-14,12,0.0
2016-01-15,51,0.0
2016-01-16,30,0.0
2016-01-17,15,0.0
2016-01-18,40,0.0
2016-01-19,0,0.0
2016-01-20,38,0.0
2016-01-21,51,0.0
2016-01-22,39,0.0
2016-01-23,15,0.0
2016-01-24,29,0.0
2016-01-25,100,0.0
2016-01-26,63,0.0
2016-01-27,38,0.0
2016-01-28,63,0.0
2016-01-29,65,0.0
2016-01-30,15,0.0
2016-01-31,59,0.0
2016-02-01,8,1.0
2016-02-02,16,1.0
2016-02-03,17,1.0
2016-02-04,50,1.0
2016-02-05,26,1.0
2016-02-06,10,1.0
2016-02-07,10,1.0
2016-02-08,48,1.0
2016-02-09,24,1.0
2016-02-10,65,1.0
2016-02-11,100,1.0
2016-02-12,95,1.0
2016-02-13,60,1.0
2016-02-14,29,1.0
2016-02-15,77,1.0
2016-02-16,56,1.0
2016-02-17,17,1.0
2016-02-18,41,1.0
2016-02-19,43,1.0
2016-02-20,30,1.0
2016-02-21,29,1.0
2016-02-22,33,1.0
2016-02-23,49,1.0
2016-02-24,65,1.0
2016-02-25,42,1.0
2016-02-26,52,1.0
2016-02-27,60,1.0
2016-02-28,70,1.0
2016-02-29,24,1.0
2016-03-01,25,2.0
2016-03-02,18,2.0
2016-03-03,37,2.0
2016-03-04,46,2.0
2016-03-05,45,2.0
2016-03-06,31,2.0
2016-03-07,30,2.0
2016-03-08,41,2.0
2016-03-09,26,2.0
2016-03-10,19,2.0
2016-03-11,47,2.0
2016-03-12,67,2.0
2016-03-13,31,2.0
2016-03-14,71,2.0
2016-03-15,42,2.0
2016-03-16,45,2.0
2016-03-17,46,2.0
2016-03-18,43,2.0
2016-03-19,28,2.0
2016-03-20,22,2.0
2016-03-21,15,2.0
2016-03-22,38,2.0
2016-03-23,27,2.0
2016-03-24,31,2.0
2016-03-25,8,2.0
2016-03-26,33,2.0
2016-03-27,9,2.0
2016-03-28,100,2.0
2016-03-29,42,2.0
2016-03-30,65,2.0
2016-03-31,57,2.0
2016-04-01,86,1.0
2016-04-02,40,1.0
2016-04-03,30,1.0
2016-04-04,90,1.0
2016-04-05,74,1.0
2016-04-06,100,1.0
2016-04-07,42,1.0
2016-04-08,34,1.0
2016-04-09,20,1.0
2016-04-10,79,1.0
2016-04-11,33,1.0
2016-04-12,66,1.0
2016-04-13,49,1.0
2016-04-14,50,1.0
2016-04-15,70,1.0
2016-04-16,32,1.0
2016-04-17,21,1.0
2016-04-18,17,1.0
2016-04-19,50,1.0
2016-04-20,33,1.0
2016-04-21,49,1.0
2016-04-22,34,1.0
2016-04-23,31,1.0
2016-04-24,10,1.0
2016-04-25,50,1.0
2016-04-26,41,1.0
2016-04-27,41,1.0
2016-04-28,50,1.0
2016-04-29,42,1.0
2016-04-30,61,1.0
2016-05-01,59,2.0
2016-05-02,35,2.0
2016-05-03,20,2.0
2016-05-04,34,2.0
2016-05-05,30,2.0
2016-05-06,5,2.0
2016-05-07,31,2.0
2016-05-08,25,2.0
2016-05-09,30,2.0
2016-05-10,25,2.0
2016-05-11,15,2.0
2016-05-12,41,2.0
2016-05-13,32,2.0
2016-05-14,38,2.0
2016-05-15,19,2.0
2016-05-16,56,2.0
2016-05-17,45,2.0
2016-05-18,51,2.0
2016-05-19,72,2.0
2016-05-20,59,2.0
2016-05-21,94,2.0
2016-05-22,69,2.0
2016-05-23,66,2.0
2016-05-24,51,2.0
2016-05-25,100,2.0
2016-05-26,80,2.0
2016-05-27,100,2.0
2016-05-28,91,2.0
2016-05-29,46,2.0
2016-05-30,73,2.0
2016-05-31,41,2.0
2016-06-01,30,3.0
2016-06-02,26,3.0
2016-06-03,11,3.0
2016-06-04,18,3.0
2016-06-05,28,3.0
2016-06-06,8,3.0
2016-06-07,24,3.0
2016-06-08,17,3.0
2016-06-09,15,3.0
2016-06-10,12,3.0
2016-06-11,18,3.0
2016-06-12,15,3.0
2016-06-13,15,3.0
2016-06-14,30,3.0
2016-06-15,31,3.0
2016-06-16,37,3.0
2016-06-17,100,3.0
2016-06-18,84,3.0
2016-06-19,40,3.0
2016-06-20,52,3.0
2016-06-21,39,3.0
2016-06-22,51,3.0
2016-06-23,31,3.0
2016-06-24,29,3.0
2016-06-25,29,3.0
2016-06-26,13,3.0
2016-06-27,22,3.0
2016-06-28,24,3.0
2016-06-29,38,3.0
2016-06-30,29,3.0
2016-07-01,39,2.0
2016-07-02,34,2.0
2016-07-03,42,2.0
2016-07-04,11,2.0
2016-07-05,35,2.0
2016-07-06,19,2.0
2016-07-07,53,2.0
2016-07-08,39,2.0
2016-07-09,28,2.0
2016-07-10,17,2.0
2016-07-11,39,2.0
2016-07-12,48,2.0
2016-07-13,20,2.0
2016-07-14,37,2.0
2016-07-15,30,2.0
2016-07-16,52,2.0
2016-07-17,46,2.0
2016-07-18,48,2.0
2016-07-19,29,2.0
2016-07-20,58,2.0
2016-07-21,64,2.0
2016-07-22,85,2.0
2016-07-23,51,2.0
2016-07-24,90,2.0
2016-07-25,94,2.0
2016-07-26,100,2.0
2016-07-27,90,2.0
2016-07-28,48,2.0
2016-07-29,44,2.0
2016-07-30,50,2.0
2016-07-31,39,2.0
2016-08-01,68,2.0
2016-08-02,100,2.0
2016-08-03,91,2.0
2016-08-04,75,2.0
2016-08-05,45,2.0
2016-08-06,26,2.0
2016-08-07,39,2.0
2016-08-08,32,2.0
2016-08-09,16,2.0
2016-08-10,49,2.0
2016-08-11,74,2.0
2016-08-12,34,2.0
2016-08-13,38,2.0
2016-08-14,33,2.0
2016-08-15,28,2.0
2016-08-16,39,2.0
2016-08-17,51,2.0
2016-08-18,23,2.0
2016-08-19,41,2.0
2016-08-20,7,2.0
2016-08-21,26,2.0
2016-08-22,33,2.0
2016-08-23,39,2.0
2016-08-24,32,2.0
2016-08-25,16,2.0
2016-08-26,26,2.0
2016-08-27,24,2.0
2016-08-28,12,2.0
2016-08-29,35,2.0
2016-08-30,26,2.0
2016-08-31,5,2.0
2016-09-01,35,1.0
2016-09-02,35,1.0
2016-09-03,16,1.0
2016-09-04,25,1.0
2016-09-05,31,1.0
2016-09-06,34,1.0
2016-09-07,20,1.0
2016-09-08,27,1.0
2016-09-09,28,1.0
2016-09-10,32,1.0
2016-09-11,23,1.0
2016-09-12,47,1.0
2016-09-13,26,1.0
2016-09-14,80,1.0
2016-09-15,47,1.0
2016-09-16,55,1.0
2016-09-17,64,1.0
2016-09-18,61,1.0
2016-09-19,66,1.0
2016-09-20,46,1.0
2016-09-21,100,1.0
2016-09-22,75,1.0
2016-09-23,62,1.0
2016-09-24,41,1.0
2016-09-25,56,1.0
2016-09-26,20,1.0
2016-09-27,46,1.0
2016-09-28,40,1.0
2016-09-29,47,1.0
2016-09-30,41,1.0
2016-10-01,80,1.0
2016-10-02,61,1.0
2016-10-03,59,1.0
2016-10-04,44,1.0
2016-10-05,66,1.0
2016-10-06,44,1.0
2016-10-07,77,1.0
2016-10-08,44,1.0
2016-10-09,35,1.0
2016-10-10,38,1.0
2016-10-11,23,1.0
2016-10-12,45,1.0
2016-10-13,52,1.0
2016-10-14,100,1.0
2016-10-15,18,1.0
2016-10-16,35,1.0
2016-10-17,82,1.0
2016-10-18,59,1.0
2016-10-19,37,1.0
2016-10-20,74,1.0
2016-10-21,93,1.0
2016-10-22,28,1.0
2016-10-23,45,1.0
2016-10-24,37,1.0
2016-10-25,36,1.0
2016-10-26,29,1.0
2016-10-27,29,1.0
2016-10-28,61,1.0
2016-10-29,53,1.0
2016-10-30,26,1.0
2016-10-31,37,1.0
2016-11-01,55,1.0
2016-11-02,30,1.0
2016-11-03,29,1.0
2016-11-04,31,1.0
2016-11-05,56,1.0
2016-11-06,44,1.0
2016-11-07,52,1.0
2016-11-08,100,1.0
2016-11-09,24,1.0
2016-11-10,15,1.0
2016-11-11,16,1.0
2016-11-12,37,1.0
2016-11-13,72,1.0
2016-11-14,7,1.0
2016-11-15,38,1.0
2016-11-16,7,1.0
2016-11-17,54,1.0
2016-11-18,71,1.0
2016-11-19,36,1.0
2016-11-20,18,1.0
2016-11-21,23,1.0
2016-11-22,85,1.0
2016-11-23,41,1.0
2016-11-24,45,1.0
2016-11-25,84,1.0
2016-11-26,17,1.0
2016-11-27,85,1.0
2016-11-28,48,1.0
2016-11-29,34,1.0
2016-11-30,57,1.0
2016-12-01,41,1.0
2016-12-02,66,1.0
2016-12-03,48,1.0
2016-12-04,73,1.0
2016-12-05,88,1.0
2016-12-06,100,1.0
2016-12-07,81,1.0
2016-12-08,72,1.0
2016-12-09,34,1.0
2016-12-10,10,1.0
2016-12-11,57,1.0
2016-12-12,32,1.0
2016-12-13,40,1.0
2016-12-14,16,1.0
2016-12-15,16,1.0
2016-12-16,0,1.0
2016-12-17,20,1.0
2016-12-18,30,1.0
2016-12-19,34,1.0
2016-12-20,9,1.0
2016-12-21,54,1.0
2016-12-22,27,1.0
2016-12-23,38,1.0
2016-12-24,42,1.0
2016-12-25,78,1.0
2016-12-26,30,1.0
2016-12-27,44,1.0
2016-12-28,98,1.0
2016-12-29,89,1.0
2016-12-30,91,1.0
2016-12-31,29,1.0
2017-01-01,17,1.0
2017-01-02,75,1.0
2017-01-03,79,1.0
2017-01-04,65,1.0
2017-01-05,100,1.0
2017-01-06,86,1.0
2017-01-07,16,1.0
2017-01-08,40,1.0
2017-01-09,14,1.0
2017-01-10,61,1.0
2017-01-11,34,1.0
2017-01-12,49,1.0
2017-01-13,42,1.0
2017-01-14,32,1.0
2017-01-15,24,1.0
2017-01-16,50,1.0
2017-01-17,14,1.0
2017-01-18,47,1.0
2017-01-19,48,1.0
2017-01-20,14,1.0
2017-01-21,73,1.0
2017-01-22,31,1.0
2017-01-23,33,1.0
2017-01-24,40,1.0
2017-01-25,34,1.0
2017-01-26,7,1.0
2017-01-27,7,1.0
2017-01-28,24,1.0
2017-01-29,24,1.0
2017-01-30,53,1.0
2017-01-31,46,1.0
2017-02-01,10,1.0
2017-02-02,8,1.0
2017-02-03,21,1.0
2017-02-04,22,1.0
2017-02-05,15,1.0
2017-02-06,17,1.0
2017-02-07,30,1.0
2017-02-08,13,1.0
2017-02-09,13,1.0
2017-02-10,11,1.0
2017-02-11,22,1.0
2017-02-12,9,1.0
2017-02-13,25,1.0
2017-02-14,29,1.0
2017-02-15,13,1.0
2017-02-16,23,1.0
2017-02-17,36,1.0
2017-02-18,34,1.0
2017-02-19,13,1.0
2017-02-20,22,1.0
2017-02-21,23,1.0
2017-02-22,23,1.0
2017-02-23,26,1.0
2017-02-24,21,1.0
2017-02-25,25,1.0
2017-02-26,39,1.0
2017-02-27,36,1.0
2017-02-28,100,1.0
2017-03-01,25,5.0
2017-03-02,50,5.0
2017-03-03,45,5.0
2017-03-04,33,5.0
2017-03-05,26,5.0
2017-03-06,29,5.0
2017-03-07,21,5.0
2017-03-08,18,5.0
2017-03-09,19,5.0
2017-03-10,29,5.0
2017-03-11,20,5.0
2017-03-12,37,5.0
2017-03-13,58,5.0
2017-03-14,42,5.0
2017-03-15,39,5.0
2017-03-16,100,5.0
2017-03-17,92,5.0
2017-03-18,79,5.0
2017-03-19,31,5.0
2017-03-20,47,5.0
2017-03-21,40,5.0
2017-03-22,45,5.0
2017-03-23,29,5.0
2017-03-24,39,5.0
2017-03-25,41,5.0
2017-03-26,43,5.0
2017-03-27,22,5.0
2017-03-28,45,5.0
2017-03-29,47,5.0
2017-03-30,39,5.0
2017-03-31,38,5.0
2017-04-01,27,4.0
2017-04-02,27,4.0
2017-04-03,40,4.0
2017-04-04,34,4.0
2017-04-05,24,4.0
2017-04-06,24,4.0
2017-04-07,20,4.0
2017-04-08,14,4.0
2017-04-09,27,4.0
2017-04-10,20,4.0
2017-04-11,31,4.0
2017-04-12,23,4.0
2017-04-13,27,4.0
2017-04-14,29,4.0
2017-04-15,22,4.0
2017-04-16,19,4.0
2017-04-17,20,4.0
2017-04-18,31,4.0
2017-04-19,26,4.0
2017-04-20,25,4.0
2017-04-21,15,4.0
2017-04-22,20,4.0
2017-04-23,11,4.0
2017-04-24,23,4.0
2017-04-25,28,4.0
2017-04-26,27,4.0
2017-04-27,80,4.0
2017-04-28,67,4.0
2017-04-29,49,4.0
2017-04-30,100,4.0
2017-05-01,31,16.0
2017-05-02,23,16.0
2017-05-03,21,16.0
2017-05-04,26,16.0
2017-05-05,27,16.0
2017-05-06,18,16.0
2017-05-07,13,16.0
2017-05-08,20,16.0
2017-05-09,25,16.0
2017-05-10,21,16.0
2017-05-11,15,16.0
2017-05-12,15,16.0
2017-05-13,13,16.0
2017-05-14,14,16.0
2017-05-15,11,16.0
2017-05-16,15,16.0
2017-05-17,13,16.0
2017-05-18,15,16.0
2017-05-19,44,16.0
2017-05-20,34,16.0
2017-05-21,32,16.0
2017-05-22,93,16.0
2017-05-23,69,16.0
2017-05-24,83,16.0
2017-05-25,100,16.0
2017-05-26,61,16.0
2017-05-27,49,16.0
2017-05-28,31,16.0
2017-05-29,36,16.0
2017-05-30,61,16.0
2017-05-31,64,16.0
2017-06-01,45,34.0
2017-06-02,29,34.0
2017-06-03,25,34.0
2017-06-04,37,34.0
2017-06-05,41,34.0
2017-06-06,46,34.0
2017-06-07,47,34.0
2017-06-08,34,34.0
2017-06-09,39,34.0
2017-06-10,52,34.0
2017-06-11,60,34.0
2017-06-12,100,34.0
2017-06-13,73,34.0
2017-06-14,72,34.0
2017-06-15,86,34.0
2017-06-16,53,34.0
2017-06-17,42,34.0
2017-06-18,39,34.0
2017-06-19,36,34.0
2017-06-20,44,34.0
2017-06-21,75,34.0
2017-06-22,67,34.0
2017-06-23,56,34.0
2017-06-24,43,34.0
2017-06-25,56,34.0
2017-06-26,69,34.0
2017-06-27,59,34.0
2017-06-28,56,34.0
2017-06-29,36,34.0
2017-06-30,41,34.0
2017-07-01,46,19.0
2017-07-02,41,19.0
2017-07-03,42,19.0
2017-07-04,42,19.0
2017-07-05,41,19.0
2017-07-06,54,19.0
2017-07-07,42,19.0
2017-07-08,43,19.0
2017-07-09,47,19.0
2017-07-10,77,19.0
2017-07-11,100,19.0
2017-07-12,68,19.0
2017-07-13,56,19.0
2017-07-14,48,19.0
2017-07-15,39,19.0
2017-07-16,66,19.0
2017-07-17,64,19.0
2017-07-18,76,19.0
2017-07-19,58,19.0
2017-07-20,49,19.0
2017-07-21,55,19.0
2017-07-22,31,19.0
2017-07-23,37,19.0
2017-07-24,37,19.0
2017-07-25,39,19.0
2017-07-26,44,19.0
2017-07-27,38,19.0
2017-07-28,40,19.0
2017-07-29,30,19.0
2017-07-30,30,19.0
2017-07-31,26,19.0
2017-08-01,92,16.0
2017-08-02,57,16.0
2017-08-03,51,16.0
2017-08-04,58,16.0
2017-08-05,71,16.0
2017-08-06,73,16.0
2017-08-07,88,16.0
2017-08-08,99,16.0
2017-08-09,100,16.0
2017-08-10,89,16.0
2017-08-11,66,16.0
2017-08-12,85,16.0
2017-08-13,89,16.0
2017-08-14,80,16.0
2017-08-15,69,16.0
2017-08-16,71,16.0
2017-08-17,76,16.0
2017-08-18,69,16.0
2017-08-19,52,16.0
2017-08-20,43,16.0
2017-08-21,80,16.0
2017-08-22,71,16.0
2017-08-23,70,16.0
2017-08-24,57,16.0
2017-08-25,64,16.0
2017-08-26,57,16.0
2017-08-27,36,16.0
2017-08-28,55,16.0
2017-08-29,88,16.0
2017-08-30,86,16.0
2017-08-31,59,16.0
2017-09-01,76,12.0
2017-09-02,70,12.0
2017-09-03,50,12.0
2017-09-04,100,12.0
2017-09-05,75,12.0
2017-09-06,60,12.0
2017-09-07,57,12.0
2017-09-08,55,12.0
2017-09-09,40,12.0
2017-09-10,42,12.0
2017-09-11,55,12.0
2017-09-12,58,12.0
2017-09-13,67,12.0
2017-09-14,81,12.0
2017-09-15,93,12.0
2017-09-16,39,12.0
2017-09-17,38,12.0
2017-09-18,68,12.0
2017-09-19,63,12.0
2017-09-20,44,12.0
2017-09-21,54,12.0
2017-09-22,46,12.0
2017-09-23,34,12.0
2017-09-24,32,12.0
2017-09-25,37,12.0
2017-09-26,49,12.0
2017-09-27,48,12.0
2017-09-28,42,12.0
2017-09-29,40,12.0
2017-09-30,35,12.0
2017-10-01,34,11.0
2017-10-02,56,11.0
2017-10-03,56,11.0
2017-10-04,48,11.0
2017-10-05,43,11.0
2017-10-06,54,11.0
2017-10-07,55,11.0
2017-10-08,43,11.0
2017-10-09,71,11.0
2017-10-10,59,11.0
2017-10-11,68,11.0
2017-10-12,73,11.0
2017-10-13,100,11.0
2017-10-14,71,11.0
2017-10-15,80,11.0
2017-10-16,95,11.0
2017-10-17,85,11.0
2017-10-18,76,11.0
2017-10-19,72,11.0
2017-10-20,83,11.0
2017-10-21,89,11.0
2017-10-22,51,11.0
2017-10-23,75,11.0
2017-10-24,71,11.0
2017-10-25,58,11.0
2017-10-26,75,11.0
2017-10-27,42,11.0
2017-10-28,41,11.0
2017-10-29,52,11.0
2017-10-30,74,11.0
2017-10-31,75,11.0
2017-11-01,26,21.0
2017-11-02,45,21.0
2017-11-03,29,21.0
2017-11-04,20,21.0
2017-11-05,22,21.0
2017-11-06,24,21.0
2017-11-07,27,21.0
2017-11-08,28,21.0
2017-11-09,36,21.0
2017-11-10,26,21.0
2017-11-11,18,21.0
2017-11-12,23,21.0
2017-11-13,22,21.0
2017-11-14,24,21.0
2017-11-15,28,21.0
2017-11-16,18,21.0
2017-11-17,25,21.0
2017-11-18,25,21.0
2017-11-19,31,21.0
2017-11-20,37,21.0
2017-11-21,27,21.0
2017-11-22,33,21.0
2017-11-23,46,21.0
2017-11-24,66,21.0
2017-11-25,69,21.0
2017-11-26,52,21.0
2017-11-27,65,21.0
2017-11-28,64,21.0
2017-11-29,100,21.0
2017-11-30,74,21.0
2017-12-01,43,41.0
2017-12-02,34,41.0
2017-12-03,34,41.0
2017-12-04,38,41.0
2017-12-05,41,41.0
2017-12-06,69,41.0
2017-12-07,80,41.0
2017-12-08,67,41.0
2017-12-09,59,41.0
2017-12-10,41,41.0
2017-12-11,53,41.0
2017-12-12,99,41.0
2017-12-13,100,41.0
2017-12-14,75,41.0
2017-12-15,55,41.0
2017-12-16,60,41.0
2017-12-17,51,41.0
2017-12-18,50,41.0
2017-12-19,73,41.0
2017-12-20,59,41.0
2017-12-21,53,41.0
2017-12-22,83,41.0
2017-12-23,48,41.0
2017-12-24,39,41.0
2017-12-25,34,41.0
2017-12-26,31,41.0
2017-12-27,42,41.0
2017-12-28,42,41.0
2017-12-29,39,41.0
2017-12-30,35,41.0
2017-12-31,26,41.0
2018-01-01,29,37.0
2018-01-02,65,37.0
2018-01-03,57,37.0
2018-01-04,73,37.0
2018-01-05,66,37.0
2018-01-06,59,37.0
2018-01-07,70,37.0
2018-01-08,90,37.0
2018-01-09,70,37.0
2018-01-10,100,37.0
2018-01-11,71,37.0
2018-01-12,61,37.0
2018-01-13,61,37.0
2018-01-14,53,37.0
2018-01-15,49,37.0
2018-01-16,86,37.0
2018-01-17,93,37.0
2018-01-18,50,37.0
2018-01-19,42,37.0
2018-01-20,41,37.0
2018-01-21,32,37.0
2018-01-22,32,37.0
2018-01-23,36,37.0
2018-01-24,29,37.0
2018-01-25,32,37.0
2018-01-26,29,37.0
2018-01-27,28,37.0
2018-01-28,35,37.0
2018-01-29,33,37.0
2018-01-30,35,37.0
2018-01-31,33,37.0
2018-02-01,75,17.0
2018-02-02,100,17.0
2018-02-03,65,17.0
2018-02-04,53,17.0
2018-02-05,90,17.0
2018-02-06,87,17.0
2018-02-07,57,17.0
2018-02-08,54,17.0
2018-02-09,51,17.0
2018-02-10,47,17.0
2018-02-11,34,17.0
2018-02-12,40,17.0
2018-02-13,43,17.0
2018-02-14,43,17.0
2018-02-15,46,17.0
2018-02-16,46,17.0
2018-02-17,44,17.0
2018-02-18,39,17.0
2018-02-19,37,17.0
2018-02-20,50,17.0
2018-02-21,37,17.0
2018-02-22,37,17.0
2018-02-23,30,17.0
2018-02-24,26,17.0
2018-02-25,29,17.0
2018-02-26,29,17.0
2018-02-27,32,17.0
2018-02-28,32,17.0
2018-03-01,57,10.0
2018-03-02,53,10.0
2018-03-03,60,10.0
2018-03-04,41,10.0
2018-03-05,42,10.0
2018-03-06,61,10.0
2018-03-07,61,10.0
2018-03-08,61,10.0
2018-03-09,84,10.0
2018-03-10,45,10.0
2018-03-11,60,10.0
2018-03-12,63,10.0
2018-03-13,53,10.0
2018-03-14,72,10.0
2018-03-15,70,10.0
2018-03-16,57,10.0
2018-03-17,53,10.0
2018-03-18,100,10.0
2018-03-19,61,10.0
2018-03-20,39,10.0
2018-03-21,59,10.0
2018-03-22,41,10.0
2018-03-23,36,10.0
2018-03-24,37,10.0
2018-03-25,44,10.0
2018-03-26,71,10.0
2018-03-27,71,10.0
2018-03-28,67,10.0
2018-03-29,92,10.0
2018-03-30,80,10.0
2018-03-31,53,10.0
2018-04-01,66,9.0
2018-04-02,61,9.0
2018-04-03,58,9.0
2018-04-04,64,9.0
2018-04-05,69,9.0
2018-04-06,66,9.0
2018-04-07,48,9.0
2018-04-08,39,9.0
2018-04-09,42,9.0
2018-04-10,54,9.0
2018-04-11,51,9.0
2018-04-12,65,9.0
2018-04-13,85,9.0
2018-04-14,42,9.0
2018-04-15,33,9.0
2018-04-16,61,9.0
2018-04-17,45,9.0
2018-04-18,40,9.0
2018-04-19,60,9.0
2018-04-20,68,9.0
2018-04-21,61,9.0
2018-04-22,53,9.0
2018-04-23,67,9.0
2018-04-24,100,9.0
2018-04-25,72,9.0
2018-04-26,44,9.0
2018-04-27,51,9.0
2018-04-28,59,9.0
2018-04-29,62,9.0
2018-04-30,51,9.0
2018-05-01,43,9.0
2018-05-02,43,9.0
2018-05-03,74,9.0
2018-05-04,62,9.0
2018-05-05,63,9.0
2018-05-06,46,9.0
2018-05-07,100,9.0
2018-05-08,56,9.0
2018-05-09,36,9.0
2018-05-10,47,9.0
2018-05-11,47,9.0
2018-05-12,39,9.0
2018-05-13,43,9.0
2018-05-14,43,9.0
2018-05-15,37,9.0
2018-05-16,43,9.0
2018-05-17,38,9.0
2018-05-18,43,9.0
2018-05-19,38,9.0
2018-05-20,15,9.0
2018-05-21,31,9.0
2018-05-22,39,9.0
2018-05-23,61,9.0
2018-05-24,46,9.0
2018-05-25,32,9.0
2018-05-26,24,9.0
2018-05-27,33,9.0
2018-05-28,55,9.0
2018-05-29,34,9.0
2018-05-30,40,9.0
2018-05-31,43,9.0
2018-06-01,37,6.0
2018-06-02,54,6.0
2018-06-03,40,6.0
2018-06-04,44,6.0
2018-06-05,46,6.0
2018-06-06,38,6.0
2018-06-07,39,6.0
2018-06-08,42,6.0
2018-06-09,36,6.0
2018-06-10,44,6.0
2018-06-11,52,6.0
2018-06-12,100,6.0
2018-06-13,72,6.0
2018-06-14,71,6.0
2018-06-15,42,6.0
2018-06-16,38,6.0
2018-06-17,26,6.0
2018-06-18,37,6.0
2018-06-19,52,6.0
2018-06-20,39,6.0
2018-06-21,34,6.0
2018-06-22,36,6.0
2018-06-23,46,6.0
2018-06-24,37,6.0
2018-06-25,57,6.0
2018-06-26,44,6.0
2018-06-27,36,6.0
2018-06-28,48,6.0
2018-06-29,47,6.0
2018-06-30,50,6.0
2018-07-01,44,5.0
2018-07-02,63,5.0
2018-07-03,80,5.0
2018-07-04,74,5.0
2018-07-05,61,5.0
2018-07-06,80,5.0
2018-07-07,46,5.0
2018-07-08,65,5.0
2018-07-09,100,5.0
2018-07-10,90,5.0
2018-07-11,95,5.0
2018-07-12,60,5.0
2018-07-13,64,5.0
2018-07-14,66,5.0
2018-07-15,38,5.0
2018-07-16,68,5.0
2018-07-17,82,5.0
2018-07-18,79,5.0
2018-07-19,84,5.0
2018-07-20,72,5.0
2018-07-21,74,5.0
2018-07-22,46,5.0
2018-07-23,75,5.0
2018-07-24,66,5.0
2018-07-25,79,5.0
2018-07-26,72,5.0
2018-07-27,56,5.0
2018-07-28,49,5.0
2018-07-29,53,5.0
2018-07-30,66,5.0
2018-07-31,74,5.0
2018-08-01,34,7.0
2018-08-02,30,7.0
2018-08-03,40,7.0
2018-08-04,28,7.0
2018-08-05,32,7.0
2018-08-06,25,7.0
2018-08-07,59,7.0
2018-08-08,69,7.0
2018-08-09,43,7.0
2018-08-10,44,7.0
2018-08-11,43,7.0
2018-08-12,29,7.0
2018-08-13,66,7.0
2018-08-14,100,7.0
2018-08-15,56,7.0
2018-08-16,51,7.0
2018-08-17,64,7.0
2018-08-18,55,7.0
2018-08-19,35,7.0
2018-08-20,38,7.0
2018-08-21,53,7.0
2018-08-22,40,7.0
2018-08-23,24,7.0
2018-08-24,30,7.0
2018-08-25,31,7.0
2018-08-26,24,7.0
2018-08-27,26,7.0
2018-08-28,38,7.0
2018-08-29,26,7.0
2018-08-30,32,7.0
2018-08-31,31,7.0
2018-09-01,44,6.0
2018-09-02,40,6.0
2018-09-03,37,6.0
2018-09-04,48,6.0
2018-09-05,83,6.0
2018-09-06,71,6.0
2018-09-07,58,6.0
2018-09-08,82,6.0
2018-09-09,62,6.0
2018-09-10,63,6.0
2018-09-11,76,6.0
2018-09-12,100,6.0
2018-09-13,55,6.0
2018-09-14,73,6.0
2018-09-15,40,6.0
2018-09-16,38,6.0
2018-09-17,41,6.0
2018-09-18,53,6.0
2018-09-19,42,6.0
2018-09-20,44,6.0
2018-09-21,45,6.0
2018-09-22,27,6.0
2018-09-23,31,6.0
2018-09-24,37,6.0
2018-09-25,52,6.0
2018-09-26,42,6.0
2018-09-27,38,6.0
2018-09-28,36,6.0
2018-09-29,32,6.0
2018-09-30,33,6.0
2018-10-01,95,3.0
2018-10-02,58,3.0
2018-10-03,72,3.0
2018-10-04,63,3.0
2018-10-05,81,3.0
2018-10-06,96,3.0
2018-10-07,58,3.0
2018-10-08,54,3.0
2018-10-09,59,3.0
2018-10-10,60,3.0
2018-10-11,93,3.0
2018-10-12,100,3.0
2018-10-13,61,3.0
2018-10-14,69,3.0
2018-10-15,90,3.0
2018-10-16,47,3.0
2018-10-17,77,3.0
2018-10-18,71,3.0
2018-10-19,59,3.0
2018-10-20,63,3.0
2018-10-21,43,3.0
2018-10-22,41,3.0
2018-10-23,47,3.0
2018-10-24,80,3.0
2018-10-25,64,3.0
2018-10-26,60,3.0
2018-10-27,72,3.0
2018-10-28,52,3.0
2018-10-29,43,3.0
2018-10-30,73,3.0
2018-10-31,72,3.0
2018-11-01,37,4.0
2018-11-02,39,4.0
2018-11-03,47,4.0
2018-11-04,52,4.0
2018-11-05,48,4.0
2018-11-06,48,4.0
2018-11-07,32,4.0
2018-11-08,54,4.0
2018-11-09,55,4.0
2018-11-10,46,4.0
2018-11-11,40,4.0
2018-11-12,30,4.0
2018-11-13,51,4.0
2018-11-14,70,4.0
2018-11-15,62,4.0
2018-11-16,62,4.0
2018-11-17,18,4.0
2018-11-18,31,4.0
2018-11-19,79,4.0
2018-11-20,84,4.0
2018-11-21,50,4.0
2018-11-22,33,4.0
2018-11-23,53,4.0
2018-11-24,56,4.0
2018-11-25,100,4.0
2018-11-26,61,4.0
2018-11-27,68,4.0
2018-11-28,59,4.0
2018-11-29,51,4.0
2018-11-30,50,4.0
2018-12-01,36,4.0
2018-12-02,43,4.0
2018-12-03,46,4.0
2018-12-04,41,4.0
2018-12-05,40,4.0
2018-12-06,70,4.0
2018-12-07,78,4.0
2018-12-08,62,4.0
2018-12-09,39,4.0
2018-12-10,45,4.0
2018-12-11,41,4.0
2018-12-12,49,4.0
2018-12-13,39,4.0
2018-12-14,44,4.0
2018-12-15,45,4.0
2018-12-16,36,4.0
2018-12-17,45,4.0
2018-12-18,35,4.0
2018-12-19,51,4.0
2018-12-20,45,4.0
2018-12-21,57,4.0
2018-12-22,42,4.0
2018-12-23,76,4.0
2018-12-24,100,4.0
2018-12-25,52,4.0
2018-12-26,42,4.0
2018-12-27,35,4.0
2018-12-28,59,4.0
2018-12-29,47,4.0
2018-12-30,38,4.0
2018-12-31,23,4.0
2019-01-01,52,3.0
2019-01-02,95,3.0
2019-01-03,80,3.0
2019-01-04,100,3.0
2019-01-05,93,3.0
2019-01-06,37,3.0
2019-01-07,59,3.0
2019-01-08,80,3.0
2019-01-09,70,3.0
2019-01-10,56,3.0
2019-01-11,43,3.0
2019-01-12,35,3.0
2019-01-13,49,3.0
2019-01-14,63,3.0
2019-01-15,74,3.0
2019-01-16,79,3.0
2019-01-17,48,3.0
2019-01-18,30,3.0
2019-01-19,37,3.0
2019-01-20,41,3.0
2019-01-21,37,3.0
2019-01-22,33,3.0
2019-01-23,34,3.0
2019-01-24,43,3.0
2019-01-25,27,3.0
2019-01-26,38,3.0
2019-01-27,20,3.0
2019-01-28,63,3.0
2019-01-29,31,3.0
2019-01-30,36,3.0
2019-01-31,29,3.0
2019-02-01,23,3.0
2019-02-02,44,3.0
2019-02-03,50,3.0
2019-02-04,25,3.0
2019-02-05,43,3.0
2019-02-06,34,3.0
2019-02-07,47,3.0
2019-02-08,57,3.0
2019-02-09,48,3.0
2019-02-10,59,3.0
2019-02-11,60,3.0
2019-02-12,36,3.0
2019-02-13,54,3.0
2019-02-14,63,3.0
2019-02-15,51,3.0
2019-02-16,68,3.0
2019-02-17,31,3.0
2019-02-18,100,3.0
2019-02-19,65,3.0
2019-02-20,92,3.0
2019-02-21,67,3.0
2019-02-22,47,3.0
2019-02-23,59,3.0
2019-02-24,91,3.0
2019-02-25,63,3.0
2019-02-26,60,3.0
2019-02-27,66,3.0
2019-02-28,98,3.0
2019-03-01,100,2.0
2019-03-02,100,2.0
2019-03-03,73,2.0
2019-03-04,47,2.0
2019-03-05,52,2.0
2019-03-06,61,2.0
2019-03-07,52,2.0
2019-03-08,38,2.0
2019-03-09,50,2.0
2019-03-10,71,2.0
2019-03-11,48,2.0
2019-03-12,64,2.0
2019-03-13,49,2.0
2019-03-14,41,2.0
2019-03-15,57,2.0
2019-03-16,85,2.0
2019-03-17,55,2.0
2019-03-18,62,2.0
2019-03-19,52,2.0
2019-03-20,65,2.0
2019-03-21,38,2.0
2019-03-22,54,2.0
2019-03-23,58,2.0
2019-03-24,55,2.0
2019-03-25,38,2.0
2019-03-26,43,2.0
2019-03-27,55,2.0
2019-03-28,53,2.0
2019-03-29,31,2.0
2019-03-30,67,2.0
2019-03-31,58,2.0
2019-04-01,39,3.0
2019-04-02,63,3.0
2019-04-03,81,3.0
2019-04-04,53,3.0
2019-04-05,48,3.0
2019-04-06,38,3.0
2019-04-07,70,3.0
2019-04-08,100,3.0
2019-04-09,30,3.0
2019-04-10,56,3.0
2019-04-11,28,3.0
2019-04-12,32,3.0
2019-04-13,27,3.0
2019-04-14,29,3.0
2019-04-15,35,3.0
2019-04-16,42,3.0
2019-04-17,36,3.0
2019-04-18,25,3.0
2019-04-19,24,3.0
2019-04-20,57,3.0
2019-04-21,40,3.0
2019-04-22,23,3.0
2019-04-23,43,3.0
2019-04-24,69,3.0
2019-04-25,55,3.0
2019-04-26,38,3.0
2019-04-27,35,3.0
2019-04-28,35,3.0
2019-04-29,35,3.0
2019-04-30,83,3.0
2019-05-01,23,4.0
2019-05-02,17,4.0
2019-05-03,28,4.0
2019-05-04,24,4.0
2019-05-05,24,4.0
2019-05-06,27,4.0
2019-05-07,27,4.0
2019-05-08,21,4.0
2019-05-09,30,4.0
2019-05-10,21,4.0
2019-05-11,48,4.0
2019-05-12,40,4.0
2019-05-13,42,4.0
2019-05-14,52,4.0
2019-05-15,79,4.0
2019-05-16,100,4.0
2019-05-17,36,4.0
2019-05-18,42,4.0
2019-05-19,45,4.0
2019-05-20,26,4.0
2019-05-21,22,4.0
2019-05-22,30,4.0
2019-05-23,28,4.0
2019-05-24,33,4.0
2019-05-25,30,4.0
2019-05-26,21,4.0
2019-05-27,25,4.0
2019-05-28,38,4.0
2019-05-29,38,4.0
2019-05-30,44,4.0
2019-05-31,36,4.0
2019-06-01,21,4.0
2019-06-02,27,4.0
2019-06-03,27,4.0
2019-06-04,15,4.0
2019-06-05,37,4.0
2019-06-06,31,4.0
2019-06-07,30,4.0
2019-06-08,36,4.0
2019-06-09,24,4.0
2019-06-10,30,4.0
2019-06-11,26,4.0
2019-06-12,30,4.0
2019-06-13,31,4.0
2019-06-14,22,4.0
2019-06-15,23,4.0
2019-06-16,18,4.0
2019-06-17,37,4.0
2019-06-18,44,4.0
2019-06-19,30,4.0
2019-06-20,40,4.0
2019-06-21,46,4.0
2019-06-22,88,4.0
2019-06-23,54,4.0
2019-06-24,58,4.0
2019-06-25,62,4.0
2019-06-26,100,4.0
2019-06-27,66,4.0
2019-06-28,46,4.0
2019-06-29,32,4.0
2019-06-30,35,4.0
2019-07-01,35,6.0
2019-07-02,22,6.0
2019-07-03,21,6.0
2019-07-04,22,6.0
2019-07-05,22,6.0
2019-07-06,15,6.0
2019-07-07,24,6.0
2019-07-08,30,6.0
2019-07-09,38,6.0
2019-07-10,70,6.0
2019-07-11,60,6.0
2019-07-12,67,6.0
2019-07-13,73,6.0
2019-07-14,67,6.0
2019-07-15,82,6.0
2019-07-16,63,6.0
2019-07-17,87,6.0
2019-07-18,100,6.0
2019-07-19,40,6.0
2019-07-20,14,6.0
2019-07-21,13,6.0
2019-07-22,17,6.0
2019-07-23,14,6.0
2019-07-24,10,6.0
2019-07-25,15,6.0
2019-07-26,14,6.0
2019-07-27,12,6.0
2019-07-28,14,6.0
2019-07-29,19,6.0
2019-07-30,13,6.0
2019-07-31,13,6.0
2019-08-01,53,2.0
2019-08-02,39,2.0
2019-08-03,53,2.0
2019-08-04,43,2.0
2019-08-05,100,2.0
2019-08-06,46,2.0
2019-08-07,84,2.0
2019-08-08,38,2.0
2019-08-09,79,2.0
2019-08-10,67,2.0
2019-08-11,43,2.0
2019-08-12,33,2.0
2019-08-13,41,2.0
2019-08-14,95,2.0
2019-08-15,85,2.0
2019-08-16,57,2.0
2019-08-17,56,2.0
2019-08-18,33,2.0
2019-08-19,43,2.0
2019-08-20,55,2.0
2019-08-21,67,2.0
2019-08-22,63,2.0
2019-08-23,55,2.0
2019-08-24,28,2.0
2019-08-25,37,2.0
2019-08-26,43,2.0
2019-08-27,78,2.0
2019-08-28,55,2.0
2019-08-29,59,2.0
2019-08-30,47,2.0
2019-08-31,54,2.0
2019-09-01,57,2.0
2019-09-02,40,2.0
2019-09-03,70,2.0
2019-09-04,59,2.0
2019-09-05,47,2.0
2019-09-06,47,2.0
2019-09-07,32,2.0
2019-09-08,50,2.0
2019-09-09,27,2.0
2019-09-10,63,2.0
2019-09-11,55,2.0
2019-09-12,56,2.0
2019-09-13,40,2.0
2019-09-14,43,2.0
2019-09-15,55,2.0
2019-09-16,81,2.0
2019-09-17,100,2.0
2019-09-18,93,2.0
2019-09-19,56,2.0
2019-09-20,48,2.0
2019-09-21,42,2.0
2019-09-22,32,2.0
2019-09-23,65,2.0
2019-09-24,83,2.0
2019-09-25,75,2.0
2019-09-26,48,2.0
2019-09-27,78,2.0
2019-09-28,68,2.0
2019-09-29,53,2.0
2019-09-30,32,2.0
2019-10-01,50,2.0
2019-10-02,58,2.0
2019-10-03,100,2.0
2019-10-04,34,2.0
2019-10-05,45,2.0
2019-10-06,63,2.0
2019-10-07,42,2.0
2019-10-08,42,2.0
2019-10-09,85,2.0
2019-10-10,50,2.0
2019-10-11,50,2.0
2019-10-12,46,2.0
2019-10-13,10,2.0
2019-10-14,46,2.0
2019-10-15,37,2.0
2019-10-16,42,2.0
2019-10-17,55,2.0
2019-10-18,59,2.0
2019-10-19,40,2.0
2019-10-20,24,2.0
2019-10-21,24,2.0
2019-10-22,48,2.0
2019-10-23,62,2.0
2019-10-24,45,2.0
2019-10-25,47,2.0
2019-10-26,83,2.0
2019-10-27,48,2.0
2019-10-28,63,2.0
2019-10-29,65,2.0
2019-10-30,61,2.0
2019-10-31,84,2.0
2019-11-01,57,2.0
2019-11-02,39,2.0
2019-11-03,29,2.0
2019-11-04,65,2.0
2019-11-05,25,2.0
2019-11-06,71,2.0
2019-11-07,72,2.0
2019-11-08,57,2.0
2019-11-09,21,2.0
2019-11-10,33,2.0
2019-11-11,47,2.0
2019-11-12,48,2.0
2019-11-13,49,2.0
2019-11-14,70,2.0
2019-11-15,29,2.0
2019-11-16,42,2.0
2019-11-17,20,2.0
2019-11-18,46,2.0
2019-11-19,61,2.0
2019-11-20,36,2.0
2019-11-21,61,2.0
2019-11-22,80,2.0
2019-11-23,66,2.0
2019-11-24,50,2.0
2019-11-25,84,2.0
2019-11-26,100,2.0
2019-11-27,38,2.0
2019-11-28,46,2.0
2019-11-29,47,2.0
2019-11-30,68,2.0
2019-12-01,27,2.0
2019-12-02,32,2.0
2019-12-03,73,2.0
2019-12-04,44,2.0
2019-12-05,33,2.0
2019-12-06,27,2.0
2019-12-07,85,2.0
2019-12-08,39,2.0
2019-12-09,48,2.0
2019-12-10,45,2.0
2019-12-11,51,2.0
2019-12-12,48,2.0
2019-12-13,31,2.0
2019-12-14,53,2.0
2019-12-15,36,2.0
2019-12-16,44,2.0
2019-12-17,100,2.0
2019-12-18,31,2.0
2019-12-19,39,2.0
2019-12-20,48,2.0
2019-12-21,33,2.0
2019-12-22,41,2.0
2019-12-23,31,2.0
2019-12-24,53,2.0
2019-12-25,37,2.0
2019-12-26,60,2.0
2019-12-27,42,2.0
2019-12-28,45,2.0
2019-12-29,63,2.0
2019-12-30,51,2.0
2019-12-31,58,2.0
2020-01-01,28,3.0
2020-01-02,37,3.0
2020-01-03,30,3.0
2020-01-04,57,3.0
2020-01-05,56,3.0
2020-01-06,38,3.0
2020-01-07,41,3.0
2020-01-08,41,3.0
2020-01-09,53,3.0
2020-01-10,58,3.0
2020-01-11,47,3.0
2020-01-12,49,3.0
2020-01-13,29,3.0
2020-01-14,100,3.0
2020-01-15,91,3.0
2020-01-16,59,3.0
2020-01-17,91,3.0
2020-01-18,90,3.0
2020-01-19,45,3.0
2020-01-20,57,3.0
2020-01-21,44,3.0
2020-01-22,45,3.0
2020-01-23,60,3.0
2020-01-24,55,3.0
2020-01-25,27,3.0
2020-01-26,49,3.0
2020-01-27,62,3.0
2020-01-28,69,3.0
2020-01-29,60,3.0
2020-01-30,59,3.0
2020-01-31,58,3.0
2020-02-01,42,5.0
2020-02-02,47,5.0
2020-02-03,29,5.0
2020-02-04,43,5.0
2020-02-05,51,5.0
2020-02-06,79,5.0
2020-02-07,54,5.0
2020-02-08,64,5.0
2020-02-09,54,5.0
2020-02-10,60,5.0
2020-02-11,45,5.0
2020-02-12,91,5.0
2020-02-13,100,5.0
2020-02-14,56,5.0
2020-02-15,81,5.0
2020-02-16,54,5.0
2020-02-17,53,5.0
2020-02-18,68,5.0
2020-02-19,66,5.0
2020-02-20,66,5.0
2020-02-21,48,5.0
2020-02-22,40,5.0
2020-02-23,48,5.0
2020-02-24,46,5.0
2020-02-25,40,5.0
2020-02-26,46,5.0
2020-02-27,34,5.0
2020-02-28,28,5.0
2020-02-29,28,5.0
2020-03-01,35,3.0
2020-03-02,38,3.0
2020-03-03,42,3.0
2020-03-04,20,3.0
2020-03-05,52,3.0
2020-03-06,40,3.0
2020-03-07,43,3.0
2020-03-08,49,3.0
2020-03-09,53,3.0
2020-03-10,39,3.0
2020-03-11,38,3.0
2020-03-12,70,3.0
2020-03-13,100,3.0
2020-03-14,70,3.0
2020-03-15,40,3.0
2020-03-16,65,3.0
2020-03-17,37,3.0
2020-03-18,29,3.0
2020-03-19,46,3.0
2020-03-20,36,3.0
2020-03-21,25,3.0
2020-03-22,41,3.0
2020-03-23,32,3.0
2020-03-24,46,3.0
2020-03-25,37,3.0
2020-03-26,45,3.0
2020-03-27,39,3.0
2020-03-28,30,3.0
2020-03-29,35,3.0
2020-03-30,31,3.0
2020-03-31,31,3.0
2020-04-01,56,3.0
2020-04-02,61,3.0
2020-04-03,62,3.0
2020-04-04,61,3.0
2020-04-05,47,3.0
2020-04-06,57,3.0
2020-04-07,80,3.0
2020-04-08,77,3.0
2020-04-09,61,3.0
2020-04-10,77,3.0
2020-04-11,62,3.0
2020-04-12,47,3.0
2020-04-13,59,3.0
2020-04-14,47,3.0
2020-04-15,67,3.0
2020-04-16,59,3.0
2020-04-17,30,3.0
2020-04-18,85,3.0
2020-04-19,75,3.0
2020-04-20,83,3.0
2020-04-21,52,3.0
2020-04-22,70,3.0
2020-04-23,71,3.0
2020-04-24,57,3.0
2020-04-25,73,3.0
2020-04-26,49,3.0
2020-04-27,60,3.0
2020-04-28,83,3.0
2020-04-29,100,3.0
2020-04-30,82,3.0
2020-05-01,51,4.0
2020-05-02,40,4.0
2020-05-03,48,4.0
2020-05-04,52,4.0
2020-05-05,60,4.0
2020-05-06,66,4.0
2020-05-07,64,4.0
2020-05-08,64,4.0
2020-05-09,64,4.0
2020-05-10,48,4.0
2020-05-11,62,4.0
2020-05-12,59,4.0
2020-05-13,42,4.0
2020-05-14,67,4.0
2020-05-15,46,4.0
2020-05-16,37,4.0
2020-05-17,59,4.0
2020-05-18,54,4.0
2020-05-19,53,4.0
2020-05-20,57,4.0
2020-05-21,37,4.0
2020-05-22,41,4.0
2020-05-23,51,4.0
2020-05-24,40,4.0
2020-05-25,44,4.0
2020-05-26,46,4.0
2020-05-27,50,4.0
2020-05-28,51,4.0
2020-05-29,55,4.0
2020-05-30,100,4.0
2020-05-31,64,4.0
2020-06-01,77,4.0
2020-06-02,84,4.0
2020-06-03,71,4.0
2020-06-04,90,4.0
2020-06-05,70,4.0
2020-06-06,61,4.0
2020-06-07,67,4.0
2020-06-08,78,4.0
2020-06-09,81,4.0
2020-06-10,72,4.0
2020-06-11,73,4.0
2020-06-12,54,4.0
2020-06-13,100,4.0
2020-06-14,47,4.0
2020-06-15,84,4.0
2020-06-16,40,4.0
2020-06-17,75,4.0
2020-06-18,43,4.0
2020-06-19,72,4.0
2020-06-20,44,4.0
2020-06-21,36,4.0
2020-06-22,44,4.0
2020-06-23,80,4.0
2020-06-24,49,4.0
2020-06-25,70,4.0
2020-06-26,42,4.0
2020-06-27,60,4.0
2020-06-28,73,4.0
2020-06-29,39,4.0
2020-06-30,52,4.0
2020-07-01,29,5.0
2020-07-02,27,5.0
2020-07-03,28,5.0
2020-07-04,15,5.0
2020-07-05,13,5.0
2020-07-06,32,5.0
2020-07-07,26,5.0
2020-07-08,36,5.0
2020-07-09,34,5.0
2020-07-10,25,5.0
2020-07-11,24,5.0
2020-07-12,18,5.0
2020-07-13,21,5.0
2020-07-14,30,5.0
2020-07-15,21,5.0
2020-07-16,25,5.0
2020-07-17,31,5.0
2020-07-18,28,5.0
2020-07-19,17,5.0
2020-07-20,29,5.0
2020-07-21,24,5.0
2020-07-22,39,5.0
2020-07-23,53,5.0
2020-07-24,44,5.0
2020-07-25,48,5.0
2020-07-26,100,5.0
2020-07-27,87,5.0
2020-07-28,62,5.0
2020-07-29,43,5.0
2020-07-30,49,5.0
2020-07-31,56,5.0
2020-08-01,85,7.0
2020-08-02,100,7.0
2020-08-03,85,7.0
2020-08-04,60,7.0
2020-08-05,60,7.0
2020-08-06,66,7.0
2020-08-07,60,7.0
2020-08-08,55,7.0
2020-08-09,53,7.0
2020-08-10,50,7.0
2020-08-11,55,7.0
2020-08-12,42,7.0
2020-08-13,76,7.0
2020-08-14,71,7.0
2020-08-15,61,7.0
2020-08-16,78,7.0
2020-08-17,62,7.0
2020-08-18,39,7.0
2020-08-19,70,7.0
2020-08-20,38,7.0
2020-08-21,53,7.0
2020-08-22,34,7.0
2020-08-23,32,7.0
2020-08-24,33,7.0
2020-08-25,37,7.0
2020-08-26,39,7.0
2020-08-27,31,7.0
2020-08-28,39,7.0
2020-08-29,35,7.0
2020-08-30,41,7.0
2020-08-31,52,7.0
2020-09-01,100,5.0
2020-09-02,82,5.0
2020-09-03,63,5.0
2020-09-04,81,5.0
2020-09-05,98,5.0
2020-09-06,75,5.0
2020-09-07,59,5.0
2020-09-08,50,5.0
2020-09-09,37,5.0
2020-09-10,48,5.0
2020-09-11,63,5.0
2020-09-12,68,5.0
2020-09-13,46,5.0
2020-09-14,53,5.0
2020-09-15,56,5.0
2020-09-16,51,5.0
2020-09-17,53,5.0
2020-09-18,53,5.0
2020-09-19,68,5.0
2020-09-20,35,5.0
2020-09-21,53,5.0
2020-09-22,35,5.0
2020-09-23,28,5.0
2020-09-24,46,5.0
2020-09-25,45,5.0
2020-09-26,56,5.0
2020-09-27,44,5.0
2020-09-28,54,5.0
2020-09-29,47,5.0
2020-09-30,38,5.0
2020-10-01,46,4.0
2020-10-02,49,4.0
2020-10-03,50,4.0
2020-10-04,29,4.0
2020-10-05,52,4.0
2020-10-06,40,4.0
2020-10-07,40,4.0
2020-10-08,40,4.0
2020-10-09,59,4.0
2020-10-10,49,4.0
2020-10-11,36,4.0
2020-10-12,52,4.0
2020-10-13,50,4.0
2020-10-14,73,4.0
2020-10-15,37,4.0
2020-10-16,49,4.0
2020-10-17,58,4.0
2020-10-18,37,4.0
2020-10-19,55,4.0
2020-10-20,46,4.0
2020-10-21,70,4.0
2020-10-22,100,4.0
2020-10-23,81,4.0
2020-10-24,64,4.0
2020-10-25,55,4.0
2020-10-26,77,4.0
2020-10-27,56,4.0
2020-10-28,85,4.0
2020-10-29,33,4.0
2020-10-30,66,4.0
2020-10-31,65,4.0
2020-11-01,21,9.0
2020-11-02,22,9.0
2020-11-03,24,9.0
2020-11-04,11,9.0
2020-11-05,23,9.0
2020-11-06,30,9.0
2020-11-07,38,9.0
2020-11-08,28,9.0
2020-11-09,26,9.0
2020-11-10,32,9.0
2020-11-11,42,9.0
2020-11-12,28,9.0
2020-11-13,29,9.0
2020-11-14,28,9.0
2020-11-15,30,9.0
2020-11-16,32,9.0
2020-11-17,46,9.0
2020-11-18,63,9.0
2020-11-19,36,9.0
2020-11-20,61,9.0
2020-11-21,64,9.0
2020-11-22,62,9.0
2020-11-23,93,9.0
2020-11-24,100,9.0
2020-11-25,71,9.0
2020-11-26,68,9.0
2020-11-27,56,9.0
2020-11-28,46,9.0
2020-11-29,46,9.0
2020-11-30,61,9.0
2020-12-01,63,13.0
2020-12-02,49,13.0
2020-12-03,54,13.0
2020-12-04,50,13.0
2020-12-05,55,13.0
2020-12-06,39,13.0
2020-12-07,47,13.0
2020-12-08,38,13.0
2020-12-09,48,13.0
2020-12-10,31,13.0
2020-12-11,34,13.0
2020-12-12,32,13.0
2020-12-13,30,13.0
2020-12-14,26,13.0
2020-12-15,29,13.0
2020-12-16,43,13.0
2020-12-17,90,13.0
2020-12-18,71,13.0
2020-12-19,60,13.0
2020-12-20,56,13.0
2020-12-21,54,13.0
2020-12-22,43,13.0
2020-12-23,56,13.0
2020-12-24,53,13.0
2020-12-25,47,13.0
2020-12-26,63,13.0
2020-12-27,92,13.0
2020-12-28,100,13.0
2020-12-29,93,13.0
2020-12-30,80,13.0
2020-12-31,76,13.0
2021-01-01,29,39.0
2021-01-02,48,39.0
2021-01-03,84,39.0
2021-01-04,99,39.0
2021-01-05,88,39.0
2021-01-06,80,39.0
2021-01-07,100,39.0
2021-01-08,95,39.0
2021-01-09,85,39.0
2021-01-10,86,39.0
2021-01-11,91,39.0
2021-01-12,72,39.0
2021-01-13,58,39.0
2021-01-14,54,39.0
2021-01-15,51,39.0
2021-01-16,41,39.0
2021-01-17,33,39.0
2021-01-18,43,39.0
2021-01-19,70,39.0
2021-01-20,56,39.0
2021-01-21,54,39.0
2021-01-22,52,39.0
2021-01-23,40,39.0
2021-01-24,43,39.0
2021-01-25,63,39.0
2021-01-26,51,39.0
2021-01-27,47,39.0
2021-01-28,56,39.0
2021-01-29,74,39.0
2021-01-30,60,39.0
2021-01-31,48,39.0
2021-02-01,36,49.0
2021-02-02,59,49.0
2021-02-03,89,49.0
2021-02-04,88,49.0
2021-02-05,79,49.0
2021-02-06,77,49.0
2021-02-07,70,49.0
2021-02-08,79,49.0
2021-02-09,100,49.0
2021-02-10,83,49.0
2021-02-11,66,49.0
2021-02-12,72,49.0
2021-02-13,77,49.0
2021-02-14,75,49.0
2021-02-15,69,49.0
2021-02-16,60,49.0
2021-02-17,70,49.0
2021-02-18,83,49.0
2021-02-19,84,49.0
2021-02-20,99,49.0
2021-02-21,81,49.0
2021-02-22,84,49.0
2021-02-23,91,49.0
2021-02-24,64,49.0
2021-02-25,55,49.0
2021-02-26,55,49.0
2021-02-27,46,49.0
2021-02-28,52,49.0
2021-03-01,86,30.0
2021-03-02,77,30.0
2021-03-03,75,30.0
2021-03-04,61,30.0
2021-03-05,66,30.0
2021-03-06,56,30.0
2021-03-07,68,30.0
2021-03-08,82,30.0
2021-03-09,97,30.0
2021-03-10,84,30.0
2021-03-11,73,30.0
2021-03-12,73,30.0
2021-03-13,90,30.0
2021-03-14,100,30.0
2021-03-15,85,30.0
2021-03-16,81,30.0
2021-03-17,66,30.0
2021-03-18,69,30.0
2021-03-19,67,30.0
2021-03-20,71,30.0
2021-03-21,56,30.0
2021-03-22,63,30.0
2021-03-23,62,30.0
2021-03-24,65,30.0
2021-03-25,57,30.0
2021-03-26,56,30.0
2021-03-27,42,30.0
2021-03-28,47,30.0
2021-03-29,63,30.0
2021-03-30,70,30.0
2021-03-31,65,30.0
2021-04-01,47,48.0
2021-04-02,81,48.0
2021-04-03,64,48.0
2021-04-04,56,48.0
2021-04-05,49,48.0
2021-04-06,59,48.0
2021-04-07,55,48.0
2021-04-08,47,48.0
2021-04-09,40,48.0
2021-04-10,48,48.0
2021-04-11,51,48.0
2021-04-12,45,48.0
2021-04-13,72,48.0
2021-04-14,70,48.0
2021-04-15,85,48.0
2021-04-16,100,48.0
2021-04-17,70,48.0
2021-04-18,75,48.0
2021-04-19,68,48.0
2021-04-20,56,48.0
2021-04-21,60,48.0
2021-04-22,76,48.0
2021-04-23,75,48.0
2021-04-24,45,48.0
2021-04-25,43,48.0
2021-04-26,55,48.0
2021-04-27,71,48.0
2021-04-28,72,48.0
2021-04-29,78,48.0
2021-04-30,66,48.0
2021-05-01,44,100.0
2021-05-02,44,100.0
2021-05-03,89,100.0
2021-05-04,95,100.0
2021-05-05,92,100.0
2021-05-06,87,100.0
2021-05-07,68,100.0
2021-05-08,68,100.0
2021-05-09,76,100.0
2021-05-10,100,100.0
2021-05-11,74,100.0
2021-05-12,75,100.0
2021-05-13,85,100.0
2021-05-14,59,100.0
2021-05-15,48,100.0
2021-05-16,52,100.0
2021-05-17,61,100.0
2021-05-18,48,100.0
2021-05-19,99,100.0
2021-05-20,68,100.0
2021-05-21,56,100.0
2021-05-22,46,100.0
